barcode	cell_type
ACAATCGGTACTAGAA-1	Mono
CCGTAGGAGTCCCTCT-1	Mono
ACCGAATTCTATCTAC-1	Mono
TCAATTCAGTACCCAT-1	Mono
TTCGATTTCACCCTTG-1	Mono
TTTACGTCATCGTACA-1	CD4T
TCTAGTTCAAAGCATA-1	Mono
ACTATTCAGAGCGAAA-1	Mono
TTGTCTATCCAAACCA-1	Mono
TGACAACAGAACCATA-1	CD4T
TTCGATTTCGTTACAG-1	Mono
ACGTTAGCAAGGTTCT-1	Mono
TTATGTCAGCAATGTA-1	Mono
TACGCAACACGATTAC-1	Mono
AACATCGAGTATAGTG-1	Mono
AGATTCGCACTCCCAT-1	Mono
TTGCCCAAGCATACCT-1	Mono
CTAGCGGGTCCTATTT-1	Mono
CTCAGAAAGGATTTGA-1	Mono
GAATCTGTCACTAGCA-1	Mono
TATGTTCCAGGGTACA-1	Mono
GATCGTAAGCCATCAT-1	Mono
TTGCCCAGTCAACTGT-1	Mono
GTTGGTACATTGTTCT-1	Mono
CATTCATCACATCATG-1	Mono
GAGAACGTCTATCCTA-1	Mono
AGACAAAGTACTTCAG-1	Mono
TTCGATTCAATTCGTG-1	Mono
TACCTCGTCCTCATTA-1	Mono
ACCGAATAGTATACCC-1	Mono
CACTAAGTCTAGCTGA-1	DC
TACCTCGAGCAATGTA-1	Mono
CACCACTCAAGGAAGA-1	Mono
GTCACTCAGTGAAACT-1	Mono
GTGTGATTCACAAGCT-1	Mono
AGCGTATTCACAAGCT-1	Mono
TTGCACCCATAGAATG-1	Mono
ATATTCCAGTGATTAG-1	Mono
GTCCATCGTCTTAGCA-1	Mono
GGGAACAAGGCTAAAT-1	Mono
GCGCCAAGTTCACGTA-1	Mono
CCTTGCAAGTAGGAAG-1	Mono
TCCCACACAAGTCCTA-1	Mono
CCGCATTTCCCTATTA-1	Mono
TCAGTTTCATCCCTCA-1	Mono
AGTCAACCATTGCACA-1	Mono
GAAATGATCCCAATAG-1	Mono
TCGCAGGGTTAGCTCA-1	Mono
GGCATTATCAAACCAC-1	Mono
TCAGGGCCACTCGCAG-1	Mono
ACAATCGCACATAAAG-1	Mono
GCATTCCAGCAGAAAG-1	Mono
ATGTACGCAATGGCTT-1	CD4T
AACGGGAAGTGATTAG-1	Mono
CAGCCTTGTATCAGCT-1	Mono
GTACTTTTCCATCGAA-1	Mono
CTACTTAAGACGCCAA-1	Mono
CGTTCCAGTCTAAGAA-1	Mono
GAGAACGTCACTAGCA-1	CD4T
GGCACGTTCAGCACTA-1	Mono
TGTAAGCTCCAGGGAA-1	Mono
CTCACCATCCCTATTA-1	Mono
TGCATTTCATTCACCC-1	Mono
CACCACTAGAAATACC-1	Mono
TCAAGACTCCAAGTCA-1	Mono
CTCTCAGCACACATTG-1	Mono
TCACCACCACAGTTCA-1	Mono
CATTGGAGTAACTGAA-1	CD4T
TTACGTTGTTGGCTTA-1	Mono
TTCGATTGTGATGCGA-1	Mono
TAATCGGTCACCACAA-1	Mono
ACTTTCAAGTCTGTGT-1	B
ACCATCCTCGATAGCT-1	Mono
TCGGGACGTACTATGC-1	Mono
CTCATGCAGAGGAATG-1	Mono
ACCGAATGTTGAAGCG-1	Mono
TATGTTCTCTATACCT-1	Mono
GAAAGTAGTGCATTGT-1	Mono
CCCAGAGTCCCACTTG-1	Mono
AACCAACCAGGCAAGT-1	Mono
AAAGATGGTCCCTAAA-1	Mono
AGTGCGCTCCAGTACA-1	Mono
GGGTGTCTCCGCCTAT-1	Mono
GTTCAAGAGCTAACAA-1	Mono
CATTCATAGAGAAGCA-1	Mono
ACAGAAACAGCGCGTT-1	Mono
ACTACCCTCCATCTAT-1	Mono
GAGACTTCAGGCATTT-1	Mono
GAACCTAAGTTAGCAA-1	Mono
CAAGGCCCATTACACG-1	Mono
TAGCTTTCAAGATTAG-1	CD4T
GCTTAAGAGAGCTGTG-1	Mono
TCCATCGTCCCGCAAG-1	Mono
TTACCCGTCATTCGGA-1	Mono
GTAGGAGCAAATGTCC-1	Mono
GCGAGAAGTGCAAAGC-1	Mono
GAGAACGAGTGGGACT-1	Mono
CTCTCGATCAAGTTGC-1	Mono
GAACCGCAGGGTCCCT-1	Mono
GTCCATCTCTCTCAAT-1	Mono
CTACTTAAGAACAGGA-1	CD8T
GTGCACGCACAAACAA-1	Mono
TTACCGCGTCAGCAAG-1	Mono
GTTGGTACAAGACTAA-1	Mono
TACGCAACAGCAAACG-1	Mono
GCATGATGTAAACGTA-1	Mono
GCTTTCGTCTTGTCAT-1	Mono
TCAGTTTAGGAGGCGA-1	Mono
CTGGCAGGTGGCATAG-1	Mono
TTGCGGGCACTCCTCA-1	Mono
TTCGATTTCAAATGGA-1	Mono
ATTACCTTCGAACACT-1	Mono
TTGCACCCAGGCATTT-1	Mono
GCAGATTTCACGATTG-1	B
ATTGTCTGTCTAAAGA-1	Mono
CGCACAGAGGAAACTT-1	Mono
CAAGAAAAGACTAGCG-1	Mono
GCTGTTCAGTGTCACT-1	Mono
AAGATAGAGTTGCGCC-1	Mono
TCGATTTTCTGTTGCC-1	Mono
CAGCCTTGTAACGGTG-1	Mono
ATTACTCTCTAGCAAC-1	Mono
ACAAAGAAGCAGAAAG-1	Mono
TCAAGGTTCGGAAAGC-1	Mono
GAGAACGGTGGAAAGA-1	Mono
TACTAGGAGAGTTTGA-1	Mono
GTCCATCAGACAACGC-1	Mono
CTTGAAGCAAGCCTTA-1	Mono
GGTTGCGTCGTTCCGT-1	Mono
TTGTCTAGTAACAATG-1	Mono
TATCTGTTCTATCTTG-1	Mono
AACCTGAAGCTAGCAG-1	Mono
CTCTCAGGTCCCTAAA-1	Mono
AGTCAACAGGCTAAAT-1	Mono
GGTCATAAGCGCACAA-1	Mono
CCCACATAGAGTTTGA-1	Mono
TAGACTGAGAACCATA-1	B
AACAAAGAGCGCATTT-1	Mono
CAGCTGGGTACTAGAA-1	Mono
AACAAAGGTTTCAGCA-1	Mono
CTTAATCTCACCACAA-1	CD4T
TGGCAATTCGCACCTT-1	Mono
GGAACCCAGCCCATTA-1	Mono
ACTACCCGTTTGACCA-1	Mono
GCTCCTAGTTGCTTGA-1	Mono
CGCAATATCGTGGAAG-1	Mono
TGGCGCACACTCCTCA-1	B
CATTCATAGTTCAAGA-1	Mono
CACCTTGCACTTTGGA-1	Mono
CACAACAGTTCCCTTG-1	Mono
ACAGAAACAAGTCCTA-1	CD8T
CGTACAAGTCAGCTTA-1	Mono
CACCTGTGTGGAAAGA-1	Mono
GCCCAGATCGTTACAG-1	Mono
AGTTACGGTTACTACG-1	Mono
TGGACATCATTATGGC-1	Mono
GTTGGTAGTTTCCTAT-1	Mono
GCGCATGCATGGCCCA-1	Mono
AGCGATTAGTGATATG-1	Mono
CACAGATCATTTCTTG-1	Mono
GCGCCAATCTGGACAT-1	Mono
CCTTGCACAAGGACCA-1	Mono
AACGAGGTCGCATACA-1	Mono
TAGTCCCGTGTGTGTT-1	Mono
GGACACCCAAGCGAAC-1	Mono
TAGGTGTTCCTTACGC-1	Mono
AAACTCGAGACAACGC-1	CD4T
TCGCCTATCTTCTTCC-1	Mono
TCGGGACCACGTACAT-1	Mono
CCCTAGTTCAATTGGC-1	Mono
CCTAAAGCACTCCCAT-1	Mono
TAGTCCCTCCCGGGTA-1	Mono
GGAACCCAGCCATCAT-1	Mono
TATGTGGCACAAACAA-1	Mono
CTCAGCTTCCGTTAGA-1	Mono
TGCCTCAAGGGTCTGA-1	Mono
CTGTATTTCTTGTACT-1	Mono
AGTTTGGCAGGACTGA-1	Mono
ACAAGCTTCACCCTTG-1	Mono
CTACAGATCGCTATAG-1	Mono
TACATTCTCGAGGTAG-1	Mono
CTCATGCAGTAGTGTA-1	Mono
CCCTAACGTAACCCAT-1	Mono
TGTAGCAGTGCCCTAG-1	Mono
GTAGTACAGTTTGGAA-1	Mono
GACCTTCTCCTCCATG-1	Mono
GATCGTATCGGGTCCA-1	Mono
CCGAAGCCAGTAAGCG-1	Mono
CGCTAGGTCCCTACCA-1	Mono
CGAGTTATCACAAGCT-1	Mono
CCTCCCTAGGATGCCA-1	Mono
GCTCGAGTCACACGTA-1	Mono
TCAAGGTGTGCAAGCA-1	Mono
GAAGTCTTCGCTTGAA-1	Mono
AAACTGCAGACTTGAA-1	Mono
AGGCCCAAGCTAACAA-1	Mono
TGGTCCTAGCACCATT-1	Mono
AAACTCGAGTAACACA-1	Mono
CTGAATGAGCGTGTTT-1	Mono
ACTCGGGGTGGTTCTA-1	Mono
CTACAGACAAGGCTTT-1	Mono
TACATGGCACTACACA-1	Mono
TGACAACTCCATATCT-1	Mono
TCGAGCGAGATCTAAG-1	Mono
CTACTTAAGGCAATTA-1	Mono
AGCGTATTCACTAGCA-1	Mono
GGAGGATGTATATGGA-1	Mono
CAGCTAAAGTTCCAGT-1	Mono
ACAAACCTCACGATTG-1	Mono
ATAGTCGTCGCTTGAA-1	Mono
TCAAGCAAGTACAGAT-1	Mono
GCTCAGGGTCAAACAA-1	Mono
ACTGTCCTCCCAGCGA-1	Mono
CGCACAGGTATATGGA-1	Mono
TTAGCGACAATTGCCA-1	Mono
TTAGCGAGTAACGGTG-1	Mono
GTGCTGGTCATTCGGA-1	Mono
AACGTACTCAACGTGT-1	Mono
GACCTTCCAATTCTCT-1	Mono
TAATCGGGTTCCCAAA-1	Mono
GAGCATTCAACGGACA-1	Mono
CCAGAATTCCCTACCA-1	Mono
TTAGCGACATAGCCAT-1	CD4T
GTGTCAAAGGGTTCTT-1	Mono
CTACAGAGTAACTCCA-1	Mono
CGAGTTAGTCAGCTTA-1	Mono
CCTTAATGTACCTATG-1	Mono
TTCGATTCAGATGGCA-1	Mono
AATACGCCAGGCAAGT-1	Mono
GGGCCATCATCGTACA-1	Mono
TTGCAGAGTAACAATG-1	Mono
TGCATTTGTAGCGTTT-1	CD4T
CATTCATAGCTACGTT-1	Mono
CTCAGAATCACTAGCA-1	CD4T
TGACAACTCGGATGTT-1	Mono
GCTCGAGTCGTTTGAG-1	DC
CAACGTAAGACGCCCT-1	Mono
TACCTATCAGCACATT-1	CD4T
CACCACTCATAGAATG-1	Mono
TACAGCAAGCCTCGCA-1	Mono
GCTTAAGGTGTCTACA-1	Mono
ACTGTCCCAAGTGGCA-1	Mono
AGTGTACGTATGGATA-1	Mono
GCAGATTAGGTTACAA-1	Mono
GCACCTTAGGCTCAGA-1	Mono
TCACCACCAGCAAACG-1	Mono
AGGCCCATCCTCCAGT-1	Mono
TCACCACAGAGAACCC-1	B
GAGCGCTGTTCATTTC-1	CD4T
CGTAAACGTCCCTAAA-1	Mono
AACATCGAGTAACACA-1	Mono
GAAAGTAAGAACCATA-1	CD4T
AAGGAGCAGTCATACC-1	Mono
TAATTCCCACTGTTAG-1	Mono
AACGGGACAAGGACCA-1	Mono
AGCTGGCCATTCCCGT-1	Mono
ACATGGTGTCCCTAAA-1	Mono
GTAGACTGTCTAAAGA-1	Mono
TAACGGTCATCATCGA-1	Mono
CCTCCCTTCCATAGGT-1	Mono
CCGTGAGCAAGGACCA-1	Mono
GAAGAGCTCTGGACAT-1	Mono
GATTGACCAGTAAGAT-1	Mono
TCGATTTCATCCGTAA-1	Mono
TTCGATTCACTTACAG-1	Mono
AGCGTATAGTATACCC-1	Mono
CCACGTTAGGAATGGA-1	Mono
GATGATCTCCATCATT-1	Mono
GTGTCAAAGTTGGAAT-1	Mono
GCAGATTTCCGTTAGA-1	Mono
CAGTATGGTAGCAGCA-1	Mono
ATAGGCTCATTACACG-1	Mono
ACGGATTGTGCAAGCA-1	Mono
GGTGAAGTCGCGCCAA-1	CD8T
TAAGCCAAGCCCATTA-1	Mono
TCGTTCGTCTTCGTTA-1	Mono
TCGAGCGAGGCTCAGA-1	Mono
TACCTCGTCTTACCTA-1	Mono
ACAGAAAGTAAACGAT-1	B
GCTCAGGAGCCCATGC-1	Mono
CCGTACTTCACAGGGA-1	Mono
CTCCCAAGTGCCCTAG-1	Mono
CAGTGCGCAGCAGGTA-1	Mono
GTTGGTAGTAATGTAG-1	Mono
AACCGATAGAGAGGTA-1	Mono
GATCGTATCAGGTCTA-1	DC
AAGGAGCAGTACGCGA-1	Mono
GAGGATGAGAAGAGTG-1	Mono
CCCTCTCTCCTCATTA-1	DC
GAAGTCTCATTGTGAC-1	Mono
AAATGAGTCAGGTCTA-1	Mono
CAGGGCTTCTCCCTTT-1	Mono
TATGTTCGTTCCTATT-1	Mono
ACAAACCTCCATCATT-1	Mono
CAAGAAAAGATGAGGA-1	Mono
TAGCATGGTCAACTGT-1	Mono
ATCCCTGAGGGAAGCG-1	Mono
TAAGCCACAACTAGAA-1	CD8T
CGCTGGATCATGTTCT-1	Mono
GCTGAGCTCCTTGACC-1	Mono
TGGACATCATGGTAAA-1	Mono
TGAGCCGTCTAGCTGA-1	Mono
TGGCCTTTCGCACCGA-1	Mono
GTGGATTAGTTACCAC-1	Mono
CACCTGTCAAACCCTA-1	Mono
CCTGCTAAGGTGTTGG-1	Mono
AAACTCGAGACCCATT-1	Mono
CGCACAGTCGGATGTT-1	Mono
TACCTATGTGGCCTCA-1	CD4T
ACCATCCCAAGGCGTA-1	Mono
TGGGTGCGTATCCCTC-1	Mono
TCAATTCCATCAGCTA-1	Mono
GGAGTAGTCGCTCGGA-1	Mono
TGACTCCGTGTCGTCG-1	Mono
CCCTGATTCTTGTCAT-1	Mono
ATTACCTCATATAGAG-1	NK
CGATGATTCCGTTAGA-1	Mono
TGAGTCAAGTTCAAGA-1	Mono
TGGTCCTGTCGCGCTA-1	Mono
CGCACAGCAGGTAACG-1	Mono
GCGTTGGGTCATTGGT-1	Mono
TGGACATCATCCCAAA-1	Mono
TGACAACCAATGATGA-1	Mono
AAATGCCCATAGCCAT-1	Mono
CCGCATTTCTTGCGCT-1	CD4T
AACGGGACATCGCTAA-1	Mono
TCTCAGCAGTGTCGGA-1	B
CCCTGATCAAGGAACC-1	Mono
AAACTCGGTTGAATAG-1	Mono
TAAGCCAGTCATAAGA-1	Mono
CTCCCAAAGAATGCTA-1	Mono
TGCTTCGGTATACGCT-1	Mono
TCAAGCAGTACTTCAG-1	Mono
TCGAGCGGTGGTTCTA-1	Mono
TCTATTGGTCCACCAG-1	Mono
GTCGTAATCGCAAGCC-1	Mono
GTGATCATCGCTATAG-1	Mono
AACCAACTCGGTTCCT-1	Mono
ACCATCCCATTAACGC-1	CD4T
GAACCGCTCTATCTAC-1	CD4T
CACCTTGAGTCCAGAG-1	Mono
GCTCACTTCTGATCCC-1	Mono
TTCGGTCCAACTCCCT-1	Mono
GGCATTAAGAGTTTGA-1	Mono
GCATTCCGTTTAAGGA-1	Mono
AATGGAAAGCGAATAT-1	Mono
TGCATTTTCTAGCTGA-1	B
GCAGATTAGTGAAGGA-1	Mono
GACCCAGCATATACGC-1	CD4T
TAGCTTTCACAATAAG-1	CD4T
ACTCGGGCAGTTAAAG-1	Mono
GGTGTCGTCCCGGGTA-1	Mono
CTAGGATGTTTGACCA-1	Mono
GCTTAAGAGTTTACGC-1	Mono
ACGTTAGGTCTCTAAG-1	Mono
GTTACTTTCCCACTAC-1	Mono
GGAACTTTCATTCTCA-1	Mono
AGTCAACCACAGCTTA-1	Mono
TTGCTTATCGTATAGC-1	Mono
CGAGTTAGTCTAACCA-1	CD4T
GAAACAATCGGTTCCT-1	Mono
CAACGGCGTCAGTGTT-1	Mono
GTCGTAATCTTGTACT-1	Mono
CAGTATGGTCTAACCA-1	Mono
CTAACTTAGACAACGC-1	CD8T
CTCATGCGTGAATGTA-1	Mono
GGAGGATTCAATGCAC-1	Mono
ACAAAGACAGTTGCAT-1	Mono
CGTAAACTCTGAGTCA-1	Mono
ACGTGGCAGTAATGTG-1	Mono
CCTAAAGTCCTCCCAA-1	CD4T
TTACGTTAGAGTGGAA-1	Mono
TGTAGCAGTGGTTCTA-1	Mono
AACAAAGTCACGTCAA-1	B
TGGCGCATCCACACCT-1	Mono
CCACGTTAGTGAGTTA-1	Mono
GACCTTCGTCAACGGA-1	Mono
TTGCTTAGTTTGACCA-1	Mono
TTGAGCAAGCGCAATG-1	Mono
ATTACTCCATACAACC-1	CD4T
ACTAGGTTCTTAAGCG-1	Mono
ATTCGTTGTTGGACGA-1	Mono
TTAGCTTGTAAGTGCG-1	Mono
TTCATTGGTCAAACAA-1	Mono
GACCAATTCCTCCATG-1	Mono
AGTTACGAGCCATCAT-1	Mono
ACCAAACAGGTAGGAA-1	Mono
TTCGTTATCAGTGTGT-1	CD4T
CGCAATATCGCTCGGA-1	Mono
CCCTCTCAGATATGTG-1	Mono
GCATTGATCCAGAGAG-1	Mono
CACAGATGTGAGGTCA-1	Mono
GCCATAAGTGCCAAGA-1	Mono
TCAAGGTTCTATCTAC-1	Mono
TAGCTTTTCCCACGGA-1	Mono
TGCATTTCACATTCTT-1	B
ATTACTCAGTTGGAAT-1	CD4T
CCATACCCAAACTACC-1	Mono
GAGGATGTCGCGGCAT-1	Mono
TCTCTGGAGGCAGTGT-1	Mono
GCCCAGAGTTCCGCGA-1	Mono
CTAACTTGTTCAGTTG-1	Mono
TGACTCCAGTCGATAA-1	DC
ACAAGCTAGCAGGAGG-1	Mono
ACCGAATTCGTGGAAG-1	Mono
CTCTACGAGTCGAGCA-1	Mono
CCACGTTAGGCAATTA-1	CD8T
GTTATTCAGGAGGCGA-1	Mono
TGAGTCACAATTCAGC-1	Mono
ACTATTCGTATATGGA-1	Mono
TTTGGCCAGTTTGGAA-1	Mono
GGAACCCGTCCGTCGA-1	Mono
AGCCGCAAGTAGTTCC-1	Mono
CCGTACTCAAGGACCA-1	Mono
GATCGTAAGCTATCCA-1	Mono
TTCGGTCCACGCTAAT-1	Mono
ACAGAAAGTTACGCTA-1	Mono
TCAAGCATCATCGCAA-1	CD8T
GCGCATGGTGTGCTTA-1	Mono
TACCTCGTCAACGTGT-1	Mono
ACGTGGCAGGGAAGCG-1	Mono
ATCCTGCCAGATACAA-1	Mono
ATAGGCTTCCATTGTT-1	B
TTCATTGCATTACTTC-1	Mono
ATATTCCGTGCAACAG-1	Mono
CCTTGCACAATGTGCT-1	Mono
TTCTGTAAGACCATAA-1	Mono
CTCGCTATCACGATTG-1	Mono
GCTCACTGTCCCGTGA-1	CD4T
GGACACCCACCTACCT-1	Mono
GCCCGAATCCTTGACC-1	Mono
GTCCATCGTAACATAG-1	Mono
GATGGCCAGGCTCAGA-1	Mono
GGTGTCGCAAGCCCTG-1	Mono
CACATGAAGTCGCCTG-1	Mono
CGTTCCATCCAACGCG-1	Mono
GTAATCGCAGAATGCG-1	Mono
GGGTTATGTCCAACCG-1	Mono
AGCGTATTCAAATGGA-1	Mono
TTGCTTACACGCGTTG-1	Mono
TTTGAGGTCAGTGTGT-1	Mono
GGCATTAGTGAGGTCA-1	Mono
CTTAATCTCGATGAAA-1	Mono
AGTTACGGTCTAAGAA-1	Mono
CGAGTTAAGCCTATAC-1	Mono
TCAAGACGTGAGGTCA-1	Mono
TGGTCCTTCCTGAAAC-1	Mono
TCAAGACGTAATGCAA-1	Mono
GCGCATGGTCACAGTT-1	Mono
TTCGCGTCAAACCCTA-1	CD4T
GCGCCAACATGTCCCT-1	Mono
ACATGGTGTCATCAAC-1	Mono
TCAGTTTTCGTGAGTT-1	Mono
TGCTATTTCATCGCCT-1	Mono
GAACGTTAGCAATAAC-1	Mono
CAACGTAGTGCTTTGA-1	Mono
ATCGAGTAGTGGGACT-1	Mono
GTTATTCCATGTGGGA-1	Mono
CTCACCAAGGCAATTA-1	CD4T
AGGCGAAGTATTCTTC-1	Mono
TGCCTCATCTTCCAGC-1	CD8T
TTGCGAACATTAACGC-1	CD4T
AGCTATGGTGTCGTCG-1	Mono
TGTGGCGCAAGGAGGG-1	Mono
AGGCGTCAGGTTAGTA-1	Mono
TGGCCTTCAAGGTCGA-1	Mono
AGTCAACTCACTCGGG-1	Mono
GGATAGGTCACCGCGA-1	Mono
CACAGATAGGGTCTGA-1	Mono
CCACAGGCACGTGAAG-1	Mono
CTGTATTAGGTACATA-1	Mono
TCAATTCTCCACGGCA-1	Mono
ACCGGGTGTGAATCAA-1	Mono
ACCGAATTCCCGTAGG-1	Mono
CGCTAGGCAGGGTACA-1	Mono
GGAGAACCACTGTTAG-1	Mono
TGACAACTCTATATCC-1	Mono
GTCGTAAGTTTAAGGA-1	Mono
ATCGAGTTCCTGGAAT-1	CD4T
TGCCTCATCTTTATCG-1	CD4T
ACATGGTCAATTCTCT-1	Mono
TGACTCCAGAAAGCAG-1	Mono
TCGAGCGCAGAACGAC-1	CD4T
AGTTACGCAAGGATGC-1	B
CCAGAATGTCCTATTT-1	Mono
CTACTTAAGTCTCTAG-1	Mono
CCGCATTAGCGTCAAG-1	Mono
ACTTTCAGTTACGAAA-1	Mono
CGCTATCCAATACTGC-1	CD8T
GGAGGATCAGGGTAAC-1	Mono
AGCCTCTAGTTAGCAA-1	Mono
ACCGGGTCACTGTTAG-1	Mono
TTTGGTTTCGGATAAA-1	Mono
GACTAACTCCGGGCAT-1	other
ACGGATTCACACATGT-1	Mono
TGTGGCGCATTATGGC-1	Mono
CATTCATCAGTTAAAG-1	Mono
TACGCAACATTGTTCT-1	Mono
TGACTCCAGTGAAACT-1	Mono
GGCATTACAGGAGCAT-1	Mono
TCAGTCCAGCTAACAA-1	Mono
TCAGCTCAGAGGAACA-1	B
ACTTCCGTCCCACTTG-1	Mono
CGGACCAAGTATACGA-1	Mono
TAGCTTTCAAGTCTGT-1	other
CTTCTAAAGGAATGGA-1	Mono
TCTAGTTAGTGATTAG-1	Mono
GGGTTATTCTCGCGTT-1	Mono
GGGAACACACGTGAAG-1	Mono
CTTGTCGGTGGCGCTT-1	Mono
GCGGGTTTCGTGGCGT-1	Mono
CAGTGTAAGCGCCTAC-1	CD8T
CCAGAATCAAAGAGAG-1	Mono
CCTTAATTCATTCTTG-1	Mono
AACATCGTCGCCTTAC-1	Mono
CTTTGCGCAATGTAAG-1	Mono
TAAGCCACAAGGCGTA-1	Mono
GTGTCAAGTTTCTACT-1	Mono
GCCCAGAAGGTTCGTT-1	Mono
AAGGTTCGTCTGGGAA-1	B
TCCCACAAGCCATGGA-1	Mono
GAGGCTCGTACGTAAA-1	Mono
TTCAACTTCTCTGTTA-1	B
GTCTACCCATCGCTAA-1	Mono
TACGGATTCAGAATGA-1	Mono
CCCTGATGTTTCGATG-1	Mono
GAATCTGAGTGGACGT-1	Mono
AACAGTCAGTGCTAGG-1	Mono
TTGTTCAGTAATGTGA-1	Mono
TACGGATCAGAGTCGA-1	Mono
CTTGCTGTCTGAAAGA-1	Mono
GTACTTTGTTCCAGTA-1	Mono
TGCGTAACACACATTG-1	B
ACGGATTGTTAACCGT-1	Mono
GGTGAAGTCGGACGAA-1	Mono
TACATTCTCCTCAAGA-1	Mono
TGATCAGCATCTGCAA-1	Mono
ACGTGGCTCACGTCAA-1	Mono
TGCTCGTCATAGGCGA-1	DC
TACATTCCATATACGC-1	Mono
TAACTTCGTGCATTCA-1	Mono
ATGGATCCAGTCCTGG-1	Mono
GCATTCCCACAAACGG-1	Mono
TCCATCGAGAAAGGGT-1	Mono
GCCTAGGGTACGTAAA-1	B
TCTATTGGTACCCACG-1	Mono
TTACTCAAGGGAAATG-1	Mono
AGATAGATCTTTATCG-1	CD4T
GCTCGAGTCTTCATAC-1	Mono
ACGTTAGCAATGCCAT-1	Mono
TGTGACACACATTGCA-1	Mono
CGAGTTACATCAGCTA-1	Mono
AGTGCCGGTGCTTTGA-1	Mono
AATACGCTCTTATCAC-1	CD4T
TCAGCTCCAACATAAG-1	CD8T
AAACTCGCAGAGCCAA-1	Mono
GTTATTCCAAGGAACC-1	Mono
CAATCCCCAGACTAAA-1	CD4T
GGTAGGAGTGCGTTTA-1	Mono
CAATCCCCAAAGCATA-1	Mono
AATACGCTCCATAACG-1	CD4T
CTTGAAGCAGATACAA-1	Mono
GGTGTCGTCTCTGCAC-1	Mono
CAGTATGCATCCCTCA-1	B
GACCCAGGTGTCGTCG-1	CD4T
GCTCACTGTGCTAGTT-1	Mono
ACAAACCGTGACCAGA-1	Mono
TGGCCTTAGTATACGA-1	Mono
TATTGCTCATGTGGGA-1	Mono
TTCGGTCGTTTCAGCA-1	Mono
ACAATCGAGTACCCAT-1	Mono
AGCTATGGTCGCTAGC-1	otherT
CCCTCTCCAATAGTGA-1	CD8T
TGATCAGCATGATCGT-1	CD4T
TGCTTTAGTGGCCTTG-1	Mono
ATTGTGGGTGACCAGA-1	Mono
ACGTTAGGTGATGCTT-1	Mono
AGGCGAAGTTTGACCA-1	Mono
CATTGGACATTAGCAC-1	Mono
ACTACGATCCTCATTA-1	Mono
GTTGGTAAGGCAATTA-1	B
CGAGTTAGTCCGTCGA-1	B
TGGGTTATCCCAATAG-1	Mono
CTGTATTAGTGCACAG-1	Mono
CCGCATTAGTACCACT-1	Mono
GGCGAAATCGTCCCTA-1	Mono
TTTGCGCTCTCTTAAC-1	Mono
GCCTAGGCAATGGTAA-1	Mono
ATCCTGCAGATTACGA-1	Mono
GAAAGTATCTCCCTTT-1	Mono
GTTACGAAGATATGTG-1	Mono
AGCTATGGTACTTCGA-1	Mono
AGCCTGGGTTTCCTAT-1	Mono
ACCCAAAGTTCTACCC-1	Mono
ACCGCAGTCATTCGGA-1	Mono
AAGGAGCGTATGAAGT-1	Mono
ATATTCCCAATAGTGA-1	Mono
AAGGAGCAGCCTTTGA-1	B
CCCTCTCCATTTCACT-1	Mono
AACTTGGGTCAACTGT-1	Mono
GTTGGGCGTCAGTGTT-1	CD4T
GTCCATCAGGAAACTT-1	CD8T
TCACAGATCAAACCAC-1	Mono
TTAACGGTCCAGTACA-1	B
TTGCTATGTGCTTTGA-1	Mono
GTCCATCGTAATGTAG-1	Mono
CCTTGCAAGTTGCCGC-1	Mono
TCAAAGCGTCAGGCTC-1	Mono
TCCAGAACACCTATTT-1	CD4T
AACCTTTCAGGCAAGT-1	Mono
TCGAGCGTCTCGCGGA-1	Mono
GATCGTATCCAACAAC-1	Mono
CAGTATGTCACTCGGG-1	Mono
ACATGCAAGCTTACCA-1	Mono
ACTAACGGTCCTATTT-1	Mono
GATTAGCTCTATATCC-1	Mono
GATTAGCGTTTCTCTA-1	Mono
GAGTGAGAGCATTCCA-1	Mono
TCAGGTATCCGCGATG-1	Mono
TGCATTTGTTCCATCC-1	Mono
CATAACGCAGATTTGC-1	Mono
CATGTTTTCTCGTAGA-1	Mono
ACTAGGTGTGCTTTGA-1	Mono
GACCTTCAGAACGTCG-1	Mono
TGGACATCATCCGTAA-1	CD4T
TTGTCTAAGTGAGCTG-1	Mono
AACGGGAGTTAGCTCA-1	Mono
GCTCGAGAGTGAGTTA-1	Mono
CGCGCAACAAAGCATA-1	Mono
AACAGTCTCGCTTCAC-1	B
GTGTCAAGTTCACGTA-1	Mono
GAAGTCTTCCCGGGTA-1	Mono
GATGGCCCAAGCACTT-1	Mono
GTGCTGGGTCACAGTT-1	Mono
AAAGATGAGATCTAAG-1	Mono
GCATTCCTCAGTGGTT-1	Mono
CCCTGATTCAATTGGC-1	Mono
GTGTCCTTCCAGGCCA-1	Mono
CTTCTAATCGATGAAA-1	Mono
ACCGAATCACAATAAG-1	CD8T
CTGGGACAGTTGCTTG-1	Mono
GTGATCAAGTGAAACT-1	Mono
GTGATCACATGGTTTG-1	B
GTTGGTACAAGCCAGA-1	B
GCCTACTCAGGATAGC-1	Mono
TTGCTTAAGGCACTAG-1	Mono
CACAACATCGCGGCAT-1	DC
TTACGGATCCACACCT-1	Mono
GTTATTCTCCACGGCA-1	B
TGGCAATTCAAGTTGC-1	B
GAGGATGAGATGCGAC-1	CD4T
AACCTTTCAAGCAGGT-1	Mono
GAACGTTGTTTGACCA-1	Mono
ACAGAAAAGTGTCGCC-1	Mono
TCCAGAACACGCGCAT-1	CD8T
AACTGTGCACAAACAA-1	otherT
TAAGTGCGTGTGCTTA-1	Mono
TGCTATTGTAATGCCT-1	Mono
AATGGAATCCATAGGT-1	Mono
GAGCGCTAGAACGTTA-1	Mono
CCTCCCTTCAAGAGAT-1	Mono
ATTTGTCTCTGAACGT-1	Mono
ATCCAGATCAAACCCA-1	CD4T
GCTCACTTCACAAGCT-1	Mono
TAGCACAAGTTCAAGA-1	Mono
ACCTGCTAGGTTAGTA-1	Mono
GTCCATCGTTAACCGT-1	Mono
AGTGTACGTTTAGGAA-1	Mono
GGAGTAGGTAAACGAT-1	Mono
GGGAACAAGACTTCCA-1	Mono
ACGTTAGGTGCATTGT-1	CD4T
TACGGATTCTTCATAC-1	Mono
CTTCCAGGTGTCTACA-1	Mono
GAGCGCTGTTGTGAGG-1	other
GCCCGAACAGTATACC-1	Mono
AGTTTGGCATGCGCTG-1	Mono
TTCATCAAGTAACACA-1	Mono
TGGGTTAAGTTTACGC-1	Mono
GCGGAAACACCCATCT-1	Mono
AACTTGGTCGCGCTGA-1	CD4T
AACGAGGAGGAAGGTA-1	Mono
CTCAGAAGTCTCAAAC-1	B
GGAGGATGTAATGTGA-1	Mono
CAACGTAAGGCCAGTA-1	Mono
GGAGGATCACAATAAG-1	B
CCCACATGTAGGTAAT-1	Mono
TTTGGTTCACATTCTT-1	Mono
GCTGAGCGTGGGTAGT-1	Mono
AATGGCTCACTCCTCA-1	Mono
GAAGTCTTCGTGGAAG-1	Mono
AACATCGCACCGTCTT-1	Mono
CGCTAGGTCACCCGGA-1	Mono
ACTAACGCAAGACACG-1	NK
CTAGGGCAGGATTTGA-1	Mono
CTCAGAACAGGATAGC-1	CD4T
ATATTCCAGATAGGTT-1	Mono
TCTAGTTTCTACTTTG-1	Mono
AGCTATGCAGTGCGAA-1	Mono
TCAAGGTCATCATGTG-1	Mono
AACTGTGGTCATCGTA-1	NK
CTTGCTGAGTCTGGGA-1	Mono
AGCGTATCAACGCAAG-1	DC
ATTGTCTTCCCGTAGG-1	Mono
GAACCGCCAGGATGTG-1	CD4T
TGCTTTACACCCTTTG-1	Mono
AACATCGGTGCAAGCA-1	Mono
CGCTATCAGTACAGTA-1	Mono
TCCAGAAAGGAAGGTA-1	CD4T
TTTACGTCATTTCACT-1	CD4T
GTGGATTAGGTCTTTG-1	Mono
TTTGCGCCATTTGGCA-1	Mono
GCCCGAACAATGGCTT-1	Mono
ACTACCCAGAGCCACA-1	Mono
ACCGCAGGTTAGCTCA-1	DC
GAGAACGAGATCTAAG-1	Mono
GAACCTACATATAGAG-1	Mono
TGCTCACAGTAATCAG-1	Mono
AAACTCGAGGTGTTGG-1	Mono
TATCGAGAGAAAGCAG-1	CD4T
AGCTGATTCCCAATGA-1	otherT
GAACTTGCAACTAGAA-1	B
GTAATCGCATTTGTTC-1	Mono
CAATCCCTCACGTGTA-1	Mono
TCCCACACATGCACTA-1	CD4T
AACCAACTCCATCGAA-1	B
TGGCCTTCATTAGCAC-1	Mono
AAAGATGGTACCCACG-1	B
ATGTTTCCAATGGCAG-1	Mono
GACTAGTCATGTGGGA-1	CD8T
TCAAGCAAGAGTCCGA-1	otherT
GCCCAGATCAAACCAC-1	Mono
TAGCTTTTCTGTGTGA-1	Mono
ATTGTCTGTTATAGAG-1	Mono
CAACGTACAGGTAGCA-1	Mono
ACGGATTAGTACAGAT-1	Mono
AGGCGAAGTGTCCCAG-1	Mono
TCTCTGGCAACTGCGC-1	Mono
ATGTCTTAGTACAGAT-1	Mono
CTAACTTAGACTTGAA-1	Mono
CCTATTACACATCATG-1	Mono
GTGTGATTCGAGAACG-1	Mono
ATATTCCGTAGCTGTT-1	Mono
ATGCATGAGAGGAACA-1	B
GTCACTCCAAGAGCGT-1	CD4T
TAGTCCCAGCGAGAAA-1	Mono
GCATTGAGTAATGTAG-1	Mono
GTTGGTAGTCATAGAA-1	Mono
GGTGTCGGTAAAGCTA-1	Mono
GCCTACTCAATTCAGC-1	CD8T
CTTAATCAGTGAGCAC-1	Mono
ACCGCAGAGTCGAGCA-1	other
CAATCCCAGCCTCGCA-1	Mono
TTTACGTCAACTCGTA-1	Mono
CATGTTTTCTTACCTA-1	DC
ATGTACGCACCATTCC-1	Mono
CGGACCAAGTGAGCTG-1	otherT
GGAGTAGAGATATGTG-1	Mono
TGGAAGGGTATGAAGT-1	Mono
ATGTTTCCATCCTGGG-1	Mono
ATTGTCTCAGAGTCGA-1	Mono
GAGATTCCATCGACCG-1	Mono
TACGCCTAGTTTGGAA-1	NK
CAGCCTTCACAAACAA-1	Mono
ACAGACTGTAACTGAA-1	B
GCGCCAAAGAGATTAC-1	CD4T
TGATTTCGTATCTCAG-1	Mono
TCACTCGAGATGGGAA-1	Mono
GTGTCAAAGTGATATG-1	Mono
ATATTCCTCCATTGTT-1	CD4T
TTCATCAAGGATTGAT-1	otherT
TTTGGCCCATCCCGGA-1	Mono
CTACTTACAGTAAGAT-1	Mono
CTGCGTTGTGAATGTA-1	Mono
TAACTTCTCCTGTGGG-1	Mono
GCTCCTAAGGGAAATG-1	CD4T
TCACAAGCATACAACC-1	DC
GAGTGAGTCTTCGTTA-1	Mono
ATTTGTCCATTATGGC-1	Mono
AACCTTTCACGCGTTG-1	Mono
CCATACCCATCGAGTT-1	Mono
AACCAACGTCCCGAGT-1	Mono
TTGCACCCATGGCCCA-1	Mono
ATTCGTTAGTCTCCAA-1	Mono
TCGTTCGTCGAACCGC-1	Mono
CATAACGTCACTCGGG-1	Mono
ACTACGACAGTAGTCT-1	Mono
AGGCCCAAGGAAGGTA-1	Mono
ACAGAAAGTGGAGTGT-1	Mono
CGCAGGTAGACCAATA-1	Mono
ATTGTGGCATGTAGAA-1	Mono
GCTCACTTCCCAATAG-1	otherT
GGTAGGAAGTGCAACG-1	Mono
GTGGCGTTCTCGTAGA-1	Mono
TGAATCGCAGGTGGTA-1	Mono
ACTAACGCAAATTCCG-1	Mono
CGCAGGTGTAATGCCT-1	Mono
TAGACTGCAAGGACCA-1	Mono
GCGAGTCTCTATCCTA-1	Mono
GCGCCAAAGAGGTCCA-1	CD4T
ACCCAAAAGGTTCGTT-1	Mono
TACTAGGGTCAGCTTA-1	Mono
ACAATCGTCCGTGCAG-1	Mono
CCGTGAGTCCCAGTAA-1	B
GAGGATGGTCCGTGCA-1	CD4T
ATGTCTTTCCGAGAGA-1	DC
GCGGGTTTCGTCTAGA-1	Mono
CCACGTTCAGCAACGA-1	Mono
CAGTGCGGTATGGGTG-1	Mono
GAATCTGAGCCATCAT-1	Mono
TCCCACATCTCCTTAA-1	CD4T
GTCCATCCACCTGAAT-1	B
TATTGCTAGAACCCGA-1	Mono
ACTAGGTCAGGATGTG-1	Mono
CTTGAAGGTTACCACA-1	CD4T
CGCTATCCAGAACAGC-1	DC
CGCAATAAGGATATCA-1	Mono
TACGCCTTCCACTAGA-1	CD8T
CCGTGAGCAACGGGTA-1	Mono
TCAATTCAGTTATGAG-1	DC
TTGTTCAGTACGGTTT-1	Mono
CGCAGGTAGGCATGCA-1	Mono
ATGCATGAGAATGCTA-1	Mono
GGAATCTTCGCACCGA-1	Mono
GCAAAGGTCACCCGGA-1	Mono
TTACGGAAGGGTTCTT-1	B
AGCGTATCAAAGAGAG-1	B
ACTTTCAGTCAGACGA-1	Mono
AACATCGGTGCCCTAG-1	Mono
AGCCGCAAGGTTCTCA-1	Mono
CTAGCGGCACAAACAA-1	Mono
TGTAAGCCACTCGCAG-1	Mono
GTTACTTAGAACTCCT-1	Mono
CCTATTAGTAGAGAGA-1	Mono
CTCCCAACACGTTGTA-1	CD4T
CCAATGAAGCACGTAG-1	Mono
CCAGAATCATGGTAAA-1	B
GTCACCTTCACGATTG-1	Mono
CGTACAAGTCATTGCA-1	CD4T
ACAAACCTCCTCCCAA-1	CD8T
AGCCTTCAGCATTCCA-1	CD4T
TTTGGCCCATGTGGGA-1	Mono
TGTTAGGAGTGTCACT-1	Mono
GACCCAGTCTAAACGC-1	CD8T
GCGGAAACACCACAGC-1	Mono
GTTGGTAAGGTAGGCT-1	Mono
CTTGCCAAGAGAGTAG-1	Mono
ACTAACGTCGGAAAGC-1	CD8T
GTGGATTGTGGCATAG-1	Mono
GCAAAGGGTTCCCGGA-1	B
ATGCATGCAAAGAAGG-1	Mono
GACCTTCAGTACCTCA-1	Mono
TCCATCGAGCCTGTAT-1	Mono
CAGCCTTAGTACGCGA-1	B
GCGTAGCCAATGTAAG-1	Mono
ACTATTCCACTACACA-1	Mono
TGATGCACATACAACC-1	DC
AGCTATGAGCGCAATG-1	Mono
TAACAGCAGAGCTACG-1	Mono
GGGCCATTCGTTCTAT-1	CD4T
TGCCTCAGTACGCAAG-1	B
AAAGATGGTTACCCAA-1	Mono
GATCGTATCCATCTAT-1	Mono
TCAATTCAGCATGATA-1	Mono
CAGCCTTGTGAATGTA-1	CD4T
GTCACTCCAAGGTTCT-1	Mono
AGGCCCATCGCCCTTA-1	Mono
ACATGGTGTGCGCTCA-1	Mono
CCATACCAGATGAGGA-1	Mono
ATGCATGGTGACCAGA-1	Mono
GTGTGATAGTAGCAAT-1	Mono
CGCAATACAGAGCCAA-1	B
GAAACAATCGTCCCAT-1	Mono
ATTGTCTTCTAGCTGA-1	Mono
CACAGATCACCCTTTG-1	Mono
TAGGTGTGTGAATGTA-1	Mono
CCTAAAGGTATCGCGC-1	Mono
AAGATAGAGGATTGCG-1	Mono
GCCATAACATGTAGAA-1	Mono
AAATGCCCAATGGTAA-1	DC
AGGCCCACAAGTCTCA-1	B
GGTACCGAGTTCAAGA-1	Mono
TCAAGCACAGGTGTCC-1	Mono
TGCTATTCAATGGTCT-1	Mono
CAATCCCGTAAACGGC-1	Mono
GAAGAGCCATTCTTTG-1	Mono
CACGTTCGTATTCGCA-1	Mono
GTCACGGCACATTGCA-1	Mono
GAAGTCTAGACTTCCA-1	Mono
ATTACCTAGTACAGTA-1	CD4T
CACTAAGTCTAAACGC-1	CD4T
GTAATCGGTAGAAAGG-1	CD4T
CTTGAAGCACGCTCAG-1	Mono
TCAAGCAAGGTTACAA-1	Mono
GCGGGTTAGTAATCAG-1	B
GAACTTGAGTGATATG-1	CD8T
CGTAAACAGCGTTAGG-1	DC
TCAAGACAGTACTCTG-1	Mono
TTCGTTACATTTGGTG-1	Mono
ATTACTCTCTAAACGC-1	CD4T
CACTGAACAATGGCAG-1	Mono
CTACTTAAGCACCATT-1	Mono
TGCCTCAGTTGGCTAT-1	Mono
AACCTTTCAACGGGTA-1	Mono
GGGAACACAAGATTAG-1	Mono
GTCACTCGTTACTACG-1	Mono
TTTGGTTCATGACTGT-1	Mono
GCACCTTAGATGAGGA-1	Mono
ACTTTCACACTCAAGT-1	CD4T
GTAGGAGGTACGTAGG-1	Mono
TCCAGAAAGGTCTTTG-1	Mono
GGGCCATCATTCGTCC-1	Mono
CAATCCCTCTCTATCA-1	CD4T
GGAACCCCATTGTTCT-1	Mono
TTCGCGTCATCGCTAA-1	Mono
TTTGTGTTCCCACGGA-1	Mono
TACAGCATCGTCAACA-1	B
GGCGAAATCCAAACCA-1	CD4T
AGACAAAAGCTTCAAC-1	B
GTAGTACTCAAGTTGC-1	Mono
GGGTCTGTCAGAGTGG-1	Mono
CTCAGAATCATGTTCT-1	Mono
ACCCAAACAAGTAACA-1	CD8T
CTCGCTAGTATTCACG-1	Mono
GAGCATTGTCAATCCA-1	Mono
TTGCGGGTCCATACGA-1	Mono
CTTCTAAAGATGCGCA-1	Mono
CGCAATAAGTAACACA-1	NK
ATTTGTCTCTGTTTAC-1	Mono
GGCGAAAGTCCTCAGG-1	Mono
CTCTCGATCCGCTCTA-1	Mono
GCGTTGGGTCTCTAAG-1	CD4T
CACTAAGTCGCAAACT-1	CD4T
GCCCGAAAGTGTGTAA-1	Mono
TGATGCAAGTGGACGT-1	Mono
TCACTCGCAGGGTAAC-1	Mono
GTGGCGTAGACCATAA-1	Mono
TTCAACTTCTATCTTG-1	Mono
AAAGGATTCCGATGCG-1	Mono
AACTTGGAGTAGGTCG-1	Mono
GGAGTAGAGAAGGGCG-1	B
AACCTTTTCAACGTGT-1	B
GCAGCCATCTGGCTAA-1	Mono
TGCATTTAGCTAGCAG-1	Mono
GCAGATTAGGATTGCG-1	Mono
GCACGCACAGTCAGAG-1	Mono
TAATCGGGTCACAGTT-1	B
GGAATCTCACTACACA-1	Mono
CTACTTAGTTGGACGA-1	Mono
CCTAAAGCACTTATGG-1	Mono
TTGAGTGAGACACAAT-1	Mono
AGCCGCATCTTGTCAT-1	Mono
AATGGCTGTCATTGGT-1	B
TTGGTCCTCCATCATT-1	DC
GCTGAGCTCCATGTTT-1	Mono
AGTTTGGGTGATGCGA-1	Mono
GAGATTCAGGATTAAC-1	CD4T
ACATGGTCAAGCAACG-1	CD8T
GCTCACTGTTAGGAAT-1	Mono
CTGGGACAGGATCCTT-1	Mono
TTGCTTACAAAGGTCG-1	Mono
CGGACCAGTAATGTAG-1	CD8T
CAGTGCGCAACGTACT-1	DC
ACCCAAAAGGTGAACC-1	Mono
ATTTGTCTCTCAGATG-1	Mono
GAACCTATCACGATTG-1	B
CGAGTTAGTTTCGTTT-1	Mono
TTCGTTATCCATACGA-1	Mono
CCGTACTCATTACTTC-1	CD4T
CGGACTGTCCCACGGA-1	Mono
AACAAAGAGCGCACAA-1	Mono
TCAGCTCTCAAACCAC-1	CD8T
CTAGGATCATTGTGAC-1	B
GGTACCGGTACCTATG-1	Mono
GAAGAGCCAGTGGTCC-1	Mono
ATTCGTTAGCCATGGA-1	CD8T
TACCTATAGCCCATTA-1	B
ACTAACGCATATTGGC-1	Mono
TTGCGGGTCTCTTCCT-1	Mono
GTTGGGCGTATATGGA-1	DC
TTATGTCCAAGTCTCA-1	Mono
GTGTCCTCATGACTGT-1	Mono
TAACTTCAGAAATTCG-1	Mono
CGGTGCAGTCATCGTA-1	Mono
CTGGGACTCAGATACC-1	Mono
CGGACTGGTAACAATG-1	Mono
GAAACAAAGGGTTCCC-1	Mono
CTCCCAATCTAGTCGA-1	CD8T
CATGCCTGTTGCAGCC-1	Mono
TCAGGTATCCCGTAGG-1	Mono
GCTCACTCAACATAAG-1	Mono
TACATGGCAAGCAACG-1	Mono
CTCTCAGGTCCACCAG-1	Mono
TGGACATCAGGCAGAT-1	Mono
GCGGAAAAGAGGAACA-1	CD4T
ACCGCAGGTAGCGTTT-1	B
GTCACAACACACACCG-1	Mono
TGCTTTAGTGGAAAGA-1	Mono
ACTTTCAAGTTAGAGT-1	DC
CTGTTCGCAAAGCATA-1	B
TTGAGCAAGTTCGTTG-1	Mono
ACTTTCAGTACTAGAA-1	Mono
GAGAACGCAGTCCTGG-1	Mono
CGGACTGAGTAATGTG-1	CD4T
CAAAGCTAGAGCGGTT-1	Mono
GCATTCCGTCCCGTGA-1	Mono
TCAGCTCCACTAGGAG-1	Mono
ACAATCGCAATAGTGA-1	B
CGTACAAGTTTAGGAA-1	Mono
GTTATGGGTTTAGGAA-1	CD4T
TGCTATTCAAGGAAGA-1	Mono
CCAATGACAGCTTACA-1	Mono
GCCCGAAAGTTCGCGC-1	B
TAACTTCGTCATCAAC-1	Mono
AACCAACCATATTGGC-1	Mono
GTGGATTGTAAGGTCG-1	CD4T
ATCCCTGGTGGTACTT-1	Mono
TTACGGAGTGCACCCA-1	B
GCTCAGGGTCGTCGCA-1	Mono
AACCTGACATTGTTCT-1	Mono
ACCAAACTCGCTTCAC-1	B
TGAGTCAAGAGACTCG-1	Mono
TCACCACAGCGAGCTA-1	Mono
TTCGTTAAGGAAGACA-1	Mono
ACAATCGTCCTCATTA-1	otherT
GTCCATCTCCTCATTA-1	Mono
GTTGGTACAACTACTG-1	Mono
TGCTCGTTCTCAGATG-1	Mono
GTCACTCGTGCGTTTA-1	Mono
GTAGGAGGTTTCAGCA-1	CD4T
TTTGAGGCAGGGTAAC-1	Mono
GTCGTAACAATACTGC-1	Mono
TATCTGTCACTAGGAG-1	Mono
TTGAGCACATCATGTG-1	Mono
CATGCCTTCCTCTCTT-1	Mono
GCAGATTCATGTGGGA-1	Mono
CTCTACGGTCAATCCA-1	Mono
CTCTACGCAGCAACAG-1	Mono
CCACGTTCAATACTGC-1	Mono
GCAAAGGGTTCTGAGT-1	Mono
CCTTGGTTCCAGGGAA-1	CD4T
TTGCGAATCGCTATAG-1	DC
ACAGAAATCGCAAACT-1	B
TACCTATCAAGATGCG-1	Mono
TAACTTCAGGTTACAA-1	otherT
AACCTTTTCCAGAGAG-1	DC
GCTGAGCAGTTCGTTG-1	Mono
TTCTGTACAGGCATTT-1	Mono
GCGGAAACATCCCTCA-1	Mono
CGGACTGTCTGGAAGG-1	Mono
GTCACAATCTCTGCGT-1	Mono
CGCTGGACATTTAGGC-1	Mono
GGAGTAGCATTGCACA-1	CD4T
TACGCAACATGCACTA-1	CD4T
GACCTTCTCCATCATT-1	CD4T
GCTTAAGCAATGGCAG-1	Mono
TCACCTGGTCGTCGCA-1	CD4T
TGCTCGTCAGGGAGTT-1	Mono
CGAGTTACATGTAGAA-1	Mono
TAGCCGGTCAAGGCAG-1	CD4T
AAAGGATTCCTTACGC-1	CD4T
TTCGATTTCCCGCAAG-1	CD4T
CCCTAGTGTGTCCCAG-1	B
TGCACCTAGTACAGAT-1	Mono
GAGCGCTGTTAACCAC-1	B
ACGGATTAGTTTACGC-1	CD4T
CTCACCAGTTCTCGAA-1	Mono
CCAATGACAACAAACA-1	CD4T
CACCTTGCATATACGC-1	CD8T
TCGCAGGGTCTCGGGT-1	B
TTGTTGTCATGGCCCA-1	Mono
GCAACCGGTACAAGCG-1	Mono
ACTTTCAAGGTCACTT-1	Mono
TTCGCGTTCGTCCCAT-1	Mono
TAACAGCGTCATAGCT-1	CD4T
AGGCCCAAGGTCTTTG-1	CD8T
CATGTTTTCCTGGGAC-1	Mono
AAACTGCTCCCACGGA-1	Mono
TTTACGTAGAGGCCTA-1	Mono
GCACGGTTCAAACCCA-1	NK
GAACGTTCAATGTGCT-1	Mono
GTACTTTAGGATGCCA-1	CD4T
CCGCATTAGCTTACCA-1	Mono
GGTTGCGTCTCTTCTC-1	CD8T
ACTAGGTAGGTACACG-1	B
GCTCCTATCATCATGG-1	Mono
TTACCCGAGTGGTGTG-1	Mono
GCTCGAGTCTCTATCA-1	B
AAGATAGTCAGCACGC-1	CD8T
CAATCCCAGTCACACT-1	CD4T
GCATTGACATCGTGAT-1	Mono
ATGTACGTCACCCGGA-1	DC
GGAATCTAGTGTCCCG-1	Mono
GCTGTTCCAATAGTGA-1	Mono
CAGCTAAGTATCAGCT-1	CD8T
TGGCAATCAAGTCTCA-1	Mono
ACTACGAGTCCACCAG-1	CD4T
CAATCCCAGACTAATG-1	B
TACGCCTAGTTAGCAA-1	B
CTCTCAGCAAATTCCG-1	Mono
CTGGGACAGTAGGAAG-1	CD4T
CGGACCATCACAAGCT-1	DC
GCCCGAAGTCAACTGT-1	B
GCATTCCAGGCTCAGA-1	Mono
CAGTGTAGTATATGGA-1	Mono
ACCGCAGAGTAATGTG-1	Mono
TCAAGGTCATTCCCGT-1	Mono
GTGATCAAGTATAGTG-1	Mono
CAATCCCGTATACGCT-1	CD4T
CTAGGGCGTAACGTAA-1	Mono
AATGGAAGTTGTGACT-1	Mono
GCAAAGGTCGCTTCAC-1	CD4T
GTTCAAGGTCCACCAG-1	Mono
TTGCCCACAATGTGCT-1	CD4T
CTACAGAGTGCCCAGT-1	Mono
CTTGCCAGTTTAAGGA-1	CD8T
TTAGGTGGTCAACGGA-1	CD8T
TTAACGGTCGGTAGGA-1	B
CGTACAACAACTCCCT-1	CD4T
GGCATTAAGGCCAGTA-1	Mono
TGATTTCGTACCCACG-1	Mono
ATCCAGAGTTCCAATG-1	Mono
CCTTGGTCAGGAGCAT-1	Mono
GGTAGGAGTCCGTCGA-1	Mono
TAGTCCCTCTCTGTTA-1	otherT
GTACTTTGTGACCAGA-1	CD4T
TTTGAGGGTCTGTGTA-1	Mono
GGAGTAGAGAGAGTAG-1	Mono
TGACTCCTCCATGTTT-1	B
GCCATAAGTAAAGCTA-1	CD4T
GCCAGACTCACACGTA-1	B
CTGTATTGTTGGCTTA-1	Mono
CTTCCAGAGGTAAGTT-1	otherT
TGATCAGCATTAACGC-1	CD8T
ACCTGCTTCGGGTCCA-1	CD8T
GCAGATTTCTTACTCA-1	CD8T
GTCACAACATAAAGTG-1	B
CCTTAATTCAGGCGCT-1	Mono
CAAGGCCCAGCAACGA-1	CD4T
GACCAATGTGGACTGA-1	Mono
CTTGCCATCCATTGAG-1	Mono
GAATCTGTCCCTAAAG-1	B
CGCACAGCATGGCCTG-1	Mono
CCATACCCAAGCAACG-1	CD4T
AGTCAACCAGGGTACA-1	CD8T
TTGCGAACAAGTTCGT-1	CD4T
TGGTCAAAGGAAACTT-1	Mono
CAAGAAACACAGGAAC-1	Mono
TCAAGCACAAGAAACT-1	Mono
TTGAGCACACAGAAGC-1	Mono
TCAGTCCCACATGATC-1	Mono
GAACTTGAGGCTTAAA-1	otherT
TCAAAGCGTCGCGCTA-1	CD4T
TTGTCTAAGTCCTTCC-1	Mono
GCGATTAGTCAACTGT-1	B
GAACTTGTCTACTTTG-1	Mono
CGCAATAGTGGAGTGT-1	Mono
GAAATGATCCAAACCA-1	CD8T
GCGAGTCCACATAAAG-1	Mono
TACGCCTGTCAACTAC-1	Mono
GAGAACGTCAAGAGGC-1	Mono
TAACAGCAGTACCCAT-1	CD4T
CCTGCTATCGCTAGTA-1	Mono
TCCCACAAGTAGCAAT-1	CD4T
TGCACCTTCTTGTACT-1	CD4T
CCTCCCTCATGTATCG-1	Mono
AGCGTATCACCCTTTG-1	CD4T
TAGTCCCAGGCAATTA-1	CD8T
TGAATCGAGTCGCCTG-1	Mono
TCTAGTTCATGTGGGA-1	Mono
GGCACGTGTCAGCTTA-1	Mono
ATGCATGTCTCTTAAC-1	Mono
TCAAGCAAGTTGCCGC-1	Mono
CTCTACGAGTATAGTG-1	CD8T
ACCTGCTCATTGTGAC-1	Mono
AAAGATGGTCCTATTT-1	Mono
TAGACTGGTAACATAG-1	CD8T
TCAGGGCCAAGTCCTA-1	Mono
GACCAATCATCAGCTA-1	otherT
TGCGTAAAGGATGCCA-1	Mono
AGTCAACTCTTGGCCT-1	Mono
TCGATTTAGAACGTCG-1	Mono
TCACTCGCAAGGAAGA-1	CD8T
TACCTATTCTTCATAC-1	Mono
TGACTCCCAAAGGCCA-1	otherT
CGCTAGGAGTTCCAGT-1	B
GACCTTCCATACAACC-1	Mono
CCTGCTAAGGGACGTT-1	CD4T
AGTGCGCAGCTAACAA-1	Mono
TTCTGTATCGGATAAA-1	Mono
CTCCCAAAGCGAGCTA-1	Mono
CCTATTAAGTGCTAGG-1	CD4T
GTCGTAATCGCACCTT-1	CD8T
GCCTACTCATCGTGAT-1	Mono
ACAAACCGTCTAAAGA-1	Mono
ACTACCCTCCCATAGA-1	B
ACAGGCCTCTAGCTGA-1	Mono
GTTCAAGAGGGTTCTT-1	Mono
AGCGATTTCCATCGAA-1	CD4T
CACATGAGTGCAAGCA-1	Mono
TGGACATAGCGCACAA-1	B
TAGCCCTGTGTTGTTG-1	Mono
GAGCATTCATTGCGAT-1	Mono
TGTACGAGTTACCCAA-1	Mono
TTACTTGTCATGAACC-1	Mono
TTAACGGTCCGAGAGA-1	Mono
TGTACGAGTCAGTGTT-1	Mono
ACTAACGAGTGAGTTA-1	Mono
TGATCAGAGAACGCCA-1	Mono
TTGTTGTCAGTGGTCC-1	Mono
CGGACCAGTGCATCAT-1	Mono
GCCCGAAAGTAGAAGG-1	Mono
TGCTTTACACAGGAAC-1	Mono
TAGGTCAGTAGTTTGC-1	Mono
AAGATAGGTGTGCTTA-1	Mono
TCAAGGTCAGAGCCAA-1	Mono
CCTTAATCAAGGAGGG-1	NK
AACAGTCCAGTTACAC-1	Mono
TAATTCCCATGGGTGA-1	Mono
TTCTGTAAGATGCGCA-1	Mono
ACCCAAACAGCAAACG-1	Mono
TACTCGCTCGTCTTAT-1	B
TTCAACTAGCAGAATT-1	Mono
CCCTGATAGTACAGAT-1	Mono
TTACTTGGTGGACGAT-1	Mono
GGAACTTGTAAGCCTT-1	Mono
GGGACCTAGCATTGGG-1	Mono
TAATTCCTCTCAGATG-1	CD8T
AACGGGATCACCCTTG-1	B
GCGGTGTGTTAGTAGA-1	Mono
TAAACCGTCCAACAAC-1	CD4T
AGCCTGGGTTCCCTTG-1	Mono
GCAAAGGGTAAACGAT-1	Mono
GATCGTAAGTGTCGCC-1	Mono
GAAACAATCAGATACC-1	Mono
TATGTTCCAGTAAGAT-1	Mono
CACAACATCGTGAACT-1	CD8T
TGCTCACGTGAGCTAG-1	Mono
CACAACAGTCAAACAA-1	otherT
GGAATCTGTATTCTCT-1	Mono
AAAGATGGTCTGGATT-1	Mono
TGCTTTAGTCATCGTA-1	DC
AAGGTTCAGAGAAGCA-1	otherT
GTGCCAGGTGGTCGAA-1	CD4T
GTACTTTTCGATGAAA-1	Mono
CACTAAGTCCGTGCAG-1	Mono
GAGCGCTCAGGGTACA-1	Mono
TCAAGCACACATTGCA-1	CD4T
CTTGCTGAGATGTTGA-1	CD8T
TTGTTCAGTACGCAAG-1	Mono
AGCTGTACACTCAAGT-1	Mono
GGAGAACCAGGCACAA-1	Mono
CTCAGCTCATTACTTC-1	Mono
GTTGGTACAATCACTG-1	Mono
CATTCATCATCCCAAA-1	CD4T
AGCCCGAGTATTCGCA-1	Mono
ATGTACGCACATTCTT-1	CD4T
GCGATCGAGCCTGTAT-1	Mono
CCTAAAGAGGTTAGTA-1	Mono
GCCTACTTCGATAGGG-1	Mono
GAGCGCTTCCATCTAT-1	CD4T
TAATTCCTCCGCTCTA-1	B
AGGCGTCAGCTGAGGT-1	Mono
TTACGTTGTCTGCGCA-1	otherT
ACAAGCTTCCTCATTA-1	CD4T
GAGGCTCAGCAATGTA-1	otherT
TCGTTCGTCATTCGGA-1	Mono
ACCCAAACAATGAAAC-1	B
CCCACATGTAACCATC-1	Mono
TGTACGAGTTGAAGCG-1	Mono
GGGAACACAGTTGCAT-1	Mono
CAGGATTTCACGTGTA-1	Mono
GCACCTTCACATTCTT-1	CD8T
ATGTTTCCAGACTAAA-1	B
AAACGAATCAGTCACA-1	B
TTACTCACATCCCGGA-1	B
GGCACGTTCGTTCTAT-1	Mono
CATTCATTCGCGCTGA-1	Mono
CCCTAACGTCATAGAA-1	Mono
GCCAGCAAGCGCCTAC-1	Mono
CCACGTTCAAATTGAG-1	Mono
GAGTGAGGTCAAGACG-1	Mono
TCAATTCAGCGAATAT-1	Mono
ACTAGGTGTCAAACAA-1	Mono
TACGGATGTCTGGGAA-1	Mono
ATCCTGCTCCAGGTCG-1	CD8T
TGCTCACGTCTGGGAA-1	B
TTGACGAGTCAGGTGA-1	Mono
ATCCCTGGTCAGCTTA-1	DC
TCCGACTCACACACCG-1	Mono
TGCTCACAGGTACACG-1	Mono
CTCGCTACATCCTCGT-1	Mono
ACTACCCTCCAGTACA-1	CD8T
ATCGAGTCAATAGTGA-1	Mono
GCCCGAATCCGAGGAA-1	Mono
GTCACTCTCCTAAGTG-1	Mono
ATTTGTCTCCAACAAC-1	Mono
TTACCGCAGTAACTCC-1	Mono
CTCACCAAGCGTCAAG-1	Mono
AGCCTCTCACAGGAAC-1	Mono
GATTGACTCGTAGCGC-1	Mono
CTCTAGCTCGCCAGAC-1	Mono
TACATGGTCCTTGACC-1	Mono
ATTACCTAGAGCTACG-1	Mono
TACTCGCAGTTGAATG-1	B
TACCTATTCTCTCAAT-1	B
GCGGAAAAGTCATCTG-1	Mono
CTGTATTTCTGGACAT-1	Mono
GCCTACTCAGTGCGAA-1	CD4T
GTGTCAAAGATGCGAC-1	Mono
ACAGGCCCAAATAGTG-1	Mono
CAGCTAACATAGCAGG-1	Mono
TACGCCTTCCTGGAAT-1	Mono
TTAACGGAGTACTCTG-1	Mono
TCAGGTAGTGAGTTGG-1	Mono
ATTGTCTCATGGGTGA-1	Mono
TAGCACAAGATTGACA-1	Mono
AACCAACCACCCTTTG-1	CD4T
TGCCTCATCTTAACGG-1	Mono
TCAAGACGTGGTACTT-1	Mono
GCTGAGCTCCTCCATG-1	Mono
CTACTTATCCTGTAGA-1	Mono
GCCAGACTCTAGCTGA-1	CD4T
ATGCATGAGAAATCTG-1	Mono
AGGCCCAGTGCCAAGA-1	NK
GATTAGCTCCGTGCGA-1	Mono
GCAACCGTCGGTAGGA-1	Mono
ATTCGTTTCAGAATGA-1	Mono
TCAGTTTCAAATTGAG-1	Mono
CCAGAATAGGAACCGT-1	Mono
GGAATCTGTGCACTTA-1	CD4T
CCCTAGTTCGGATAGG-1	CD8T
CTAACTTCAAGCAGGT-1	CD4T
GTCACCTTCCCACGGA-1	CD4T
CAAAGCTAGTTGGAAT-1	B
ATTCGTTAGGATTGAT-1	B
TCAGTCCAGGAGAACA-1	Mono
TGGTCCTGTACGTAGG-1	DC
TTCGATTCAATTGGCT-1	Mono
GATGGCCTCCTATCCG-1	Mono
TACCCTGAGGCTCCTG-1	Mono
GTAGGAGAGAGCGAAA-1	Mono
ACCAAACGTACTAGAA-1	Mono
AACATCGGTACTTCGA-1	Mono
TTCATCATCCCACGGA-1	CD4T
CAGTATGGTACATGGG-1	Mono
GTCACAACAAGGGTAC-1	Mono
GCTCCTAAGACGCCCT-1	Mono
GCGAGAAAGTCGAAAT-1	Mono
TACGCAATCTTTATCG-1	Mono
ACAGACTTCAGGTTTG-1	Mono
TTACCCGCAATTCAGC-1	Mono
TTTGGCCTCAAAGTAG-1	Mono
GCTGAGCGTATGTCCA-1	Mono
AAAGATGTCGCTCGGA-1	Mono
AACAGTCGTTCACGTA-1	otherT
CCTATTACACTGATAC-1	Mono
TCAAGCACAAGCCTTA-1	CD4T
TCTCTGGTCGGAAAGC-1	Mono
TGACAACCAATGCACT-1	Mono
TCAATTCTCTCGTAGA-1	B
CCCTGATTCGAGCGCT-1	CD8T
CCGTGAGTCTAGTCGA-1	Mono
AGGCCCAGTCAGACGA-1	Mono
GAGAACGTCCAACAAC-1	B
CTCGCTACATTCTTTG-1	Mono
CGTTCCACACGTACAT-1	NK
TACCCTGAGAACGTTA-1	Mono
GCGGAAACAAGGTTCT-1	DC
CCTATTAAGTCCTTCC-1	CD4T
TTGTTGTGTGTCGTCG-1	otherT
GACTAGTTCGGTCTAA-1	DC
CTCTACGGTGCTTTGA-1	Mono
TGTAGCAAGTGCTAGG-1	NK
AGATAGATCTTCGTTA-1	Mono
GAAATGAAGAGCTACG-1	Mono
GGGCCATGTTACTTTC-1	Mono
TTGAGTGAGGTGATGC-1	Mono
CCTATTAAGTCCAGAG-1	CD4T
AACGAGGGTACCCATA-1	Mono
CTCAGAAGTCATAAGA-1	CD4T
TGGAAGGAGAGAAGCA-1	Mono
AAGGAGCGTTACGAAA-1	Mono
ATTACCTTCAACACGT-1	CD8T
TTGCGAAAGGAGAACA-1	Mono
AGTCAACAGGTCACTT-1	Mono
GAACCGCAGAGGTCCA-1	CD4T
ATTACTCCATTGCACA-1	CD4T
GCGGGTTGTTCCGCGA-1	Mono
CTGTATTAGTCTTAGC-1	Mono
CACTGAAGTCTGTTGA-1	Mono
GGCATTAAGGAACCGT-1	CD4T
GCAGATTAGGTCACTT-1	Mono
TTGAGTGCATTACACG-1	CD4T
CACTGAACACCGTTGG-1	Mono
ACAAACCTCGCGCTGA-1	CD4T
GTCACTCAGACCAATA-1	otherT
CCACAGGAGGATTGAT-1	Mono
TGGAAGGGTCTGGGAA-1	CD8T
ACCGCAGGTATCCCTC-1	B
CTTGCCATCAAATGGA-1	CD8T
GTCACCTAGGCTAAAT-1	CD8T
TTTGGTTGTGCCAAGA-1	Mono
GCCCAGACAGAGATGC-1	Mono
CAGTATGAGACCAATA-1	otherT
GAGCATTAGCTTTCCC-1	Mono
GTCACCTAGGAGAACA-1	Mono
AGGCCCACACGGTTAT-1	Mono
CAACCAATCGGATAAA-1	CD4T
ATTCGTTTCCAACAAC-1	Mono
TACCTCGGTTCAGTAC-1	Mono
AGATTCGGTACATGGG-1	Mono
GTCACAAGTAGTCCAT-1	CD4T
GCGAGTCGTTACCACA-1	Mono
TACTAGGTCCAAACCA-1	CD8T
GTCTACCCAGGGTACA-1	CD4T
GCTCGAGGTCTGGTCG-1	Mono
CAGGATTAGCAGAAAG-1	Mono
TACTAGGCACCAAGGA-1	otherT
GTTGGTAAGAGATTAC-1	CD4T
CGGACTGAGTGCTAGG-1	Mono
TTGCAGAGTATACGCT-1	B
GGAGTAGCAGAGCCAA-1	Mono
TAGCACATCACGTCAA-1	CD4T
CCCAGAGGTCCTATTT-1	Mono
ACAGCGCAGAATGCTA-1	CD4T
GCGATCGTCTTCTTCC-1	Mono
CAAGCTAAGTCTTAGC-1	Mono
CTAACTTAGTAACACA-1	B
GGTCATAGTAAGTGCG-1	Mono
CCGCATTCACAAGGGT-1	Mono
CTGCTCATCAGGTCTA-1	DC
ACGTTAGGTAGTCCAT-1	Mono
CCCGTTAAGATGGCAC-1	Mono
GGAGAACTCTCATCCG-1	Mono
ATTACTCGTAGCGAGT-1	Mono
GTGACATTCCACGGCA-1	CD4T
CCAGAATGTGCAAGCA-1	other
AGCCTTCAGGGCATTG-1	B
GAACGTTAGGAGTAGA-1	otherT
CATGTTTGTTGGCTTA-1	CD4T
GGATAGGAGCATGTGG-1	Mono
TCGCAGGCAGGGAGTT-1	Mono
TACCTATGTCAGGTGA-1	Mono
CTGTTCGCATGTGGGA-1	Mono
TGTAGCACAGTAGTCT-1	CD8T
ACTGCAAGTCCTATTT-1	CD8T
TACTCGCGTATCATGC-1	DC
TGTTAGGAGCACCATT-1	CD8T
TATCTGTCATTACACG-1	Mono
TAGCACAAGGATTTGA-1	Mono
GGCGAAAGTAGGGTTG-1	Mono
TCGAGCGCACAATAAG-1	CD4T
TAGGTCATCCCACTAC-1	Mono
TGCTCGTGTCAGCAAG-1	CD4T
CAAGCTATCATCGCTC-1	CD8T
GCAGATTCAGGACTGA-1	Mono
TAACTTCCAGCAGGTA-1	CD8T
TCACCACTCACATTCT-1	CD8T
AAGGTTCCAAGGGTAC-1	Mono
ATTTGTCCACTAGGAG-1	CD4T
GAGACTTCATATAGAG-1	Mono
ACCAAACCAAGTAACA-1	B
GAGCATTTCTCATCCG-1	CD8T
AATGCCAAGTACCTCA-1	Mono
GGGCCATCAATGCCAT-1	B
ATGGATCGTGAATCAA-1	Mono
TTACGGAAGTAACACA-1	Mono
CTACTTATCAGTCTTT-1	B
TAAGCCAGTTCCGCGA-1	Mono
CAGGGCTTCTTGTACT-1	Mono
GGCATTACAGTATACC-1	Mono
GTAGGAGCAGTATCTG-1	CD8T
CACTGAAAGTTGTCCA-1	Mono
GTTCAAGGTCCGTCGA-1	Mono
GCTGAGCTCAGCACTA-1	DC
CCATACCGTTTCTTAC-1	B
GCCCGAAGTGAGGGTT-1	Mono
CCTTAATGTAACTGAA-1	Mono
GTGCCAGAGTGAACCG-1	Mono
TACGCAACATTCACGA-1	CD4T
AAATGAGCAAGTAACA-1	otherT
TCACTCGTCACACGTA-1	CD8T
GACTAGTTCACAACAC-1	Mono
CGCAATAAGCAACGGT-1	CD8T
CTGAATGAGGTACATA-1	Mono
AGTTACGTCGTCCCTA-1	Mono
GATCATGGTAGGGTTG-1	Mono
GATTGACTCTTGCGCT-1	DC
TACCTATCAAGCAATA-1	B
ATCGAGTGTGGCGCTT-1	NK
GCGTTGGGTCACAGTT-1	CD8T
AAGATAGAGTTTGGAA-1	CD8T
GCGCCAATCGCCTTAC-1	Mono
GACCGACTCGAGTGTT-1	B
CGGACCATCTCTATCA-1	Mono
CACCACTAGTTACACC-1	CD4T
GCCAGACTCTATCTAC-1	Mono
CGCAATACACAACGGA-1	B
AGCTATGCACGAACGA-1	Mono
TGATCAGGTTCTACCC-1	Mono
CTTTGCGAGAGTGGTC-1	Mono
GGAATCTAGAATGCTA-1	B
TAGACTGCAACCTCTC-1	Mono
AACCAACCATAGAATG-1	CD4T
CTCATGCTCCATTGTT-1	CD4T
AACTGTGGTCCCGTGA-1	CD8T
AATACGCTCCACGAGC-1	CD4T
TATCTGTTCCATTGAG-1	CD4T
TCAGTCCAGCTCCATA-1	DC
CTGTTCGGTGCTTCCT-1	Mono
GGTGAAGCAGCACATT-1	Mono
TTGCTTAGTGTTAGAA-1	Mono
GGTAGGAGTCTAACCA-1	CD4T
GGGCCATGTCTAACCA-1	B
CCGTGAGCAATGAAAC-1	Mono
AAACGAACACATAAAG-1	CD4T
GCCATAATCCTGAAAC-1	Mono
TACTCGCGTGGACTGA-1	Mono
GCTTAAGGTCTAACCA-1	CD8T
TATTGCTGTCTGTGTA-1	Mono
TGGCGCAGTTCTACCC-1	Mono
GGTTGCGAGTGAGTTA-1	Mono
GTCACCTGTCGCGCTA-1	DC
AGTCAACGTATCCCTC-1	CD8T
GAAATGAAGGTTGTGG-1	Mono
TTACCGCTCCGATGCG-1	Mono
GAGTGAGAGAGCAGCT-1	Mono
TGCTTTAGTCATCAAC-1	Mono
TTGAGCAGTGCTAGTT-1	CD8T
CACAACACAAACGTTC-1	Mono
AAATGAGCACCATTCC-1	B
GAACCTACACACACAT-1	CD8T
GGAGAACCAATTCTCT-1	B
TATCTGTTCTTCACTA-1	CD4T
GTAGGAGCAGAAAGAG-1	Mono
CAGGGCTGTGCTGGCT-1	Mono
TTCATCATCCATATCT-1	Mono
GCATTCCGTCCGTGCA-1	CD8T
CCGTAGGCATCACAGT-1	CD8T
GGCACGTAGGTCTTTG-1	Mono
TTGAGCACATCTGCAA-1	Mono
TAATCGGTCGCATAAC-1	CD4T
TTGCTTAGTATCACAC-1	Mono
CAGCCTTGTCAATACC-1	CD4T
CATTGGACACAATAAG-1	B
CACATGAAGTGAGCTG-1	CD8T
CTCCCAATCCATATCT-1	B
CTCAGCTCACATTGCA-1	CD4T
GAAATGACAGATTAAG-1	Mono
GGAGTAGAGCTGCCAC-1	B
AGCGTGCTCTCTGTTA-1	B
TTGCTATTCCTAAAGC-1	CD4T
TTCATCAAGTGAAACT-1	Mono
TCAAGGTAGCCATTCA-1	DC
TTTGAGGAGGCTCAGA-1	Mono
TTCATCATCGTCTTAT-1	otherT
GTACTTTAGAGCCACA-1	Mono
AGGCCCACAATTAGGA-1	CD4T
TTCGATTGTAACCCAT-1	CD4T
GCACGGTGTATACGCT-1	B
CCGTAGGAGTTCTCCC-1	Mono
AACCTTTGTAACTGAA-1	NK
TCGCCTAGTCAGGTGA-1	Mono
ACTGCAAGTCCGTGCA-1	Mono
AGCGATTTCCCACTAC-1	Mono
ACTCGGGGTGGCGCTT-1	otherT
TATCTGTGTCATTGCA-1	otherT
GTGCCAGGTAGACACG-1	Mono
TCCAGAAGTCTAAGAA-1	CD4T
TAAGTGCGTGCCAAGA-1	Mono
GAATCTGCAAGTCCTA-1	Mono
TTACGGAAGCGTTAGG-1	Mono
CCACGTTCAGACTAAA-1	CD8T
GCCATAAGTAGTATCC-1	Mono
GAACCTACAAACCCTA-1	Mono
TTGCTATTCACGATTG-1	Mono
AGTTACGGTAAACGAT-1	CD4T
GGGACCTGTGAATACA-1	Mono
GCCTAGGGTACTTCGA-1	DC
CATAACGGTGGCATAG-1	otherT
CAACCAACATTCTTTG-1	CD4T
GATCGTATCACTAGCA-1	CD4T
GGAACTTGTACGGAGT-1	Mono
TTGCTATGTGGACTGA-1	otherT
ACAATCGGTGTCCAGC-1	Mono
GTTACGAAGGTCGTTT-1	Mono
GCGCATGAGAGGAACA-1	Mono
ACCGAATCAACGCAAG-1	otherT
GGCATTAAGGCTCAGA-1	CD4T
GAGAACGTCGCACCGA-1	CD8T
CCTTAATGTCTCTAAG-1	CD8T
ATCCTGCAGCATTGGG-1	other
CAATCCCCAACTCGAT-1	CD4T
GAGGCTCAGTATACGA-1	CD4T
TGAGCCGAGTGAAGGA-1	Mono
GAACTTGGTAAACGTA-1	Mono
CTCACCAGTCGCTAGC-1	CD4T
TTCTGTATCCATCATT-1	B
GAACGTTAGGAAGACA-1	CD4T
TGACTCCAGAACAGGA-1	otherT
GCCTACTGTAAAGCTA-1	CD4T
AACTGTGAGATCTAAG-1	Mono
TGGACATAGGCTAAAT-1	otherT
GTTATGGAGCAATGTA-1	CD8T
GTCGTAAGTAAAGGCC-1	Mono
TTGTCTAGTTTAAGGA-1	CD8T
TGAGTCACAAACCTAC-1	Mono
GAAATGATCAGTGGTT-1	Mono
CAAGGCCTCCATAGGT-1	Mono
TTGTTGTCACTGTCAA-1	Mono
AGCTATGAGAGCCACA-1	Mono
CCTGCTAAGGAAGACA-1	Mono
TGTGGCGTCCGAGAGA-1	Mono
CTTTGCGAGCGTCTGC-1	CD8T
TGGCCTTCAAAGGTCG-1	CD8T
TTAGGTGAGCTGGAGT-1	Mono
AGATTCGCATTGAACC-1	Mono
GCTCCTACACGTGAAG-1	Mono
CACCTTGGTGGCCTTG-1	CD4T
ATGCATGTCGGGACAA-1	Mono
CCCTAACGTAGTACAA-1	CD4T
CAGTGCGCACATAAAG-1	Mono
CACATGATCGGTCTAA-1	CD4T
TCGATTTAGGCAATTA-1	B
ATGTACGGTGGTAAGC-1	CD8T
AGTCCGGGTGGCCTCA-1	Mono
TCTAGTTTCGAGGTAG-1	Mono
CCGCATTCAATGGTCT-1	Mono
CACCTGTTCCCATAGA-1	CD8T
TTCTGTAGTAGTACAA-1	Mono
TTACCCGGTGCACTTA-1	Mono
TAGCACATCGCATAAC-1	Mono
GCTCCTAAGATGTTCC-1	Mono
CTGGGACCACGCTGTG-1	Mono
ACTTTCAAGCCATGGA-1	CD8T
AGCCTCTCACTGATTG-1	CD4T
GCGGAAACAGGCACAA-1	CD8T
GCGTTGGTCATTCTCA-1	CD4T
AGTTTGGTCGGAAAGC-1	Mono
TGGAAGGCACTCCTCA-1	CD4T
TTGCTATTCACTCCCA-1	CD4T
CCTATTAAGACTAGCG-1	CD8T
CAACGGCCATTCCCGT-1	Mono
GTGGATTTCAATGCAC-1	Mono
GAGCGCTTCTTCTTCC-1	CD4T
CGTTCCATCACTAGCA-1	B
CTTAATCGTCAGCTTA-1	Mono
AACCGATTCTATCTCA-1	Mono
TCAATTCAGTGCACAG-1	CD4T
GGACACCAGTTGCGCC-1	Mono
TAACAGCCACCGAAAG-1	Mono
CGCAGGTCATATACGC-1	DC
CAACCAAGTATCAGCT-1	otherT
AGACAAAGTTCTTTGT-1	NK
TTAACGGGTTACGCTA-1	CD4T
TCACCACCAACGCACC-1	CD8T
CATGTTTCAAAGAAGG-1	Mono
CCCACATTCCTAAGTG-1	Mono
TATGTTCAGACCGCAA-1	CD8T
GGGAACAAGTCTCCAA-1	otherT
AGCGATTTCCCAATGA-1	Mono
TAACGGTCAAGTCTCA-1	B
ACTATTCCACTGATTG-1	CD4T
AATACGCTCATACTTC-1	Mono
TGATTTCTCGGCTATA-1	Mono
CAATCCCCAGCAACCC-1	Mono
TGGAAGGCATCCCTTG-1	Mono
GTCACGGGTCAATACC-1	Mono
AACGAGGAGCTAGCAG-1	B
GCAGCTGAGTAGGAAG-1	Mono
GTTGGGCCACCTGAAT-1	Mono
TGTAAGCCAAGAGCGT-1	Mono
CAGTGCGTCATCGCAA-1	B
CAACCAACAAATGTCC-1	B
CTTCCAGCAGGTAACG-1	CD4T
GTTATGGTCAAAGTAG-1	CD8T
TTCGATTTCTATACCT-1	DC
CTACTTATCTGAGTCA-1	DC
CTCTACGTCCCGGGTA-1	CD8T
TGCTTCGGTTTCCGGG-1	Mono
AAACGAAAGGTAAGTT-1	DC
CTAGCGGGTTCCAGTA-1	Mono
TTACGTTCAGACTAAA-1	B
CGGTGCAGTTATGCAC-1	Mono
TGCATGATCCTGGAAT-1	Mono
CCCAGAGCAAGTGGCA-1	CD4T
CGAGTTAAGTCTGGGA-1	CD4T
GGCGTTGCATTAAGGA-1	CD4T
GGCGAAAAGTGAGCTG-1	B
GTGGCGTTCCAACGCG-1	Mono
ATGTACGCACCTACCT-1	CD8T
TACCTCGTCCAGGGAA-1	CD8T
TGCTTTATCCTCCTGA-1	CD4T
AACTTGGCATCAGCTA-1	CD4T
ACAGACTTCTAGTCGA-1	CD8T
CATTGGAGTTCCCTTG-1	Mono
AGTGCGCGTTCTGAGT-1	Mono
CACAGATAGAGGAATG-1	otherT
CATAACGTCTACATCT-1	Mono
TAAACCGTCTGAGTCA-1	CD4T
TCAATTCTCAAATGGA-1	B
GATGATCAGGCAATTA-1	CD4T
CTTAATCGTGAGCTAG-1	Mono
TATGTTCCAAGACACG-1	Mono
TGTACAGGTGCGTCCA-1	Mono
GAGTGAGAGAACCCGA-1	Mono
GGAGGATAGATTAGAC-1	Mono
TCCGACTTCTATCTAC-1	Mono
GACCCAGTCCCTACGT-1	CD4T
TCGCCTACAAATGTCC-1	Mono
CTCTCGAGTTGAATAG-1	Mono
ATTACTCTCATGCTTT-1	Mono
CACAACATCACGTCAA-1	CD4T
GTGCCAGTCCCACTAC-1	Mono
GCTTGCTCAGTAGGCA-1	Mono
TCGATTTGTGTTTCTT-1	Mono
CTCTCAGTCCCACTTG-1	DC
ATCCAGATCGGATAAA-1	Mono
ACAGGCCAGCATTCCA-1	Mono
CACATGATCGCTAGTA-1	CD4T
ACCAAACGTTAGTAGA-1	CD4T
TCAGGGCGTCAACGGA-1	B
GGCACGTAGGTACATA-1	Mono
GCTCACTAGACCCTAT-1	Mono
GAACTTGCATCCCTCA-1	Mono
TTTGAGGCAAGCCAGA-1	B
TTGCCCATCCACTAGA-1	CD4T
TGACTCCCATTGATGC-1	Mono
AACTTGGCATCCATAG-1	CD4T
AGGCCCACATTTCACT-1	Mono
GTGACATTCGATTACG-1	Mono
TTAGCGACAGGACTGA-1	CD4T
TCAAGGTCAAGGCGTA-1	CD8T
CAAGAAAAGGGAAGCG-1	CD8T
AGCCCGATCTGGGCGT-1	Mono
GCGGGTTGTGACCAGA-1	CD4T
AAAGATGTCGATGTAC-1	Mono
TTCGGTCGTTGGCTTA-1	DC
ATGTACGAGCACACCC-1	CD4T
CAACGGCTCTACTTTG-1	CD4T
AACATCGCAATTAGGA-1	CD4T
AGGCCCATCCTCCTGA-1	Mono
AGGCGTCCATTGCACA-1	CD4T
TGGGTGCAGAACCATA-1	B
CCTTGGTGTACCCATA-1	Mono
TAGCATGCATCCTCGT-1	Mono
TTCATCAGTGAATACA-1	B
GTTGGGCTCACAACAC-1	Mono
AAACTCGGTATCTAGC-1	Mono
CAGTGCGGTAATGTGA-1	B
CCTAAAGGTTAAGGGC-1	other
GAATCTGTCAAGAGGC-1	Mono
TCACAGAGTCATTGCA-1	CD8T
AACAAAGAGCAGAGCT-1	CD4T
CAGGATTCAATGACTC-1	Mono
TGCATTTTCACCACAA-1	otherT
TAGCACATCTCCTTAA-1	CD4T
CCCGTTAAGTACGCGA-1	CD8T
GGAACTTAGTAACTCC-1	Mono
GGTCATAAGAGCTGTG-1	Mono
TACGCAAAGATCACCT-1	Mono
TTACGGATCGAGAAGC-1	Mono
AGTGTACTCGCTAGTA-1	Mono
GCACCTTTCACTGATG-1	Mono
GCGCCAACATTACTTC-1	CD8T
GTCCATCTCCAACAAC-1	DC
GTCTACCTCCAAGAGG-1	Mono
CCTGGGAAGCCATTCA-1	CD8T
AGCTATGGTCTGTCCT-1	Mono
ACTATTCCACGTTGTA-1	CD4T
CTCACCAAGATATGAC-1	CD4T
CTCAGCTCAATTGTGC-1	Mono
ATAGGCTAGTACCTCA-1	CD8T
CATTCATTCTCCAACC-1	CD4T
ATCCTCGAGTGCACAG-1	Mono
GCGCATGTCATGCTTT-1	Mono
ACATGCACAGAGCCAA-1	Mono
CATTCATCAAATGTCC-1	Mono
TACCCTGAGCAGGACT-1	Mono
CGGACCAGTTAGCTCA-1	B
AACGGGACACCTACCT-1	Mono
TCAAGACAGAAATTCG-1	Mono
GAGAACGCAATGTAAG-1	CD4T
AGGCCCAAGCAACGGT-1	CD8T
TACAGCACAAAGCATA-1	CD8T
GATTGACCATTACTCT-1	Mono
CACATGATCCTTACGC-1	CD8T
TTACCGCTCTCATCCG-1	Mono
TACCTCGGTTTCGATG-1	B
ACCGCAGAGAGTGGAA-1	CD4T
TGCACCTCATGCACTA-1	Mono
GTGTGATGTCAGAAAT-1	Mono
ACTAGGTAGGCGATTG-1	Mono
GAGGCTCGTCCGTCGA-1	Mono
TACATTCCACCAAGGA-1	CD4T
CGCAATACAGGGTAAC-1	Mono
GGAATCTCATCCGTGG-1	Mono
CCAGAATGTGCATCAT-1	CD4T
TCACAAGTCCCTATTA-1	CD8T
CATAACGAGACTAGCG-1	CD8T
TAGGTGTTCGTTCTAT-1	CD4T
CTACTTACAGTGGTCC-1	Mono
TTTGGTTCATCGTGAT-1	Mono
TTTACGTCACGGTTAT-1	Mono
TGGAAGGGTAGCGTTT-1	Mono
TCAGTCCGTGAGGGTT-1	Mono
CTCAGCTGTGCAAGAC-1	Mono
TTCGGTCTCATCGCTC-1	CD4T
AACTGGTGTACCCACG-1	Mono
GAAGTCTCACACACCG-1	Mono
CAGTGCGTCCTAAGTG-1	Mono
CATTCCGAGTTCCAGT-1	Mono
GGTAGGACACTGTCAA-1	Mono
TTTGGCCTCAGTGTAC-1	B
TATGTTCAGTAACACA-1	CD4T
GTCACTCAGCACACCC-1	CD8T
ATGCATGAGAACCATA-1	CD8T
CCGCATTCAGGACTGA-1	NK
CAAGAAACAGAAAGAG-1	CD4T
GGTGAAGCAATCCATG-1	CD4T
CGTACAACAATTCAGC-1	Mono
AATGGAATCGAGCGCT-1	Mono
GACTAGTCACTCCTCA-1	CD8T
GCGAGTCGTCCATTGA-1	Mono
CCCACATTCAATCGTG-1	otherT
CAGGATTGTTGGAGGT-1	Mono
TGCTCACTCTGATCTT-1	CD8T
GGAGGATTCCAAGTCA-1	DC
GAAACAAGTTCTACGA-1	B
TCGAGCGGTTCAGTAC-1	CD8T
CGAGTTACAAGGTCGA-1	Mono
GTGATCAGTACGTAGG-1	Mono
ACGGATTTCCCAATAG-1	CD8T
ACCTGCTTCAAACCCA-1	CD8T
AACCAACCACTCAGCG-1	CD4T
TGTAAGCGTCGCTACG-1	Mono
GCTCCTAAGAAGCCTG-1	Mono
TCGATTTCATCATCGA-1	Mono
CGCAATATCTGTTGCC-1	Mono
CGATGATTCCAACGCG-1	CD8T
ATTCGTTTCCAGTTAG-1	CD4T
CCTTGCACATCATGTG-1	otherT
TTACCCGCAAGCACTT-1	Mono
CTTTGCGCAGTTCGGC-1	Mono
AGCCTTCAGTTAGCGG-1	Mono
ACTGTCCAGTTAGAGT-1	Mono
CGTTCCAGTCAACTGT-1	Mono
GACCTTCTCTCATCCG-1	Mono
CTAGGGCTCTGAAAGA-1	Mono
TCACAGACAGGTGGTA-1	B
GTCCATCCACTGATAC-1	Mono
TTGCGGGTCAATTGGC-1	Mono
GAAGTCTCAAGACTTC-1	otherT
TACCTCGTCCATTGTT-1	CD4T
AATGCCAAGTCCTTCC-1	Mono
ATGTCTTTCCCTACGT-1	Mono
TGATTTCCAAGCAGGT-1	CD4T
TAAGCCAGTAAACGTA-1	Mono
GGAGGATTCAAGGCCC-1	Mono
AAAGGATCAATGATGA-1	CD4T
ACCCAAACAGGACCTC-1	Mono
GTTACGAGTTACTTTC-1	Mono
GATGATCAGTAATCAG-1	CD4T
GACTAGTGTTGGTAAA-1	Mono
GCGAGTCAGGATGTAT-1	Mono
AACCGATAGTATACCC-1	Mono
TCGCAGGGTCAATCCA-1	Mono
ACTTCCGTCTCTGAGA-1	CD8T
TTGCTTATCACAAGCT-1	CD4T
AGTTTGGCATCCATAG-1	B
TTCTAACGTGGTTCTA-1	CD4T
CCCTCTCAGGGTATCG-1	CD4T
TAATCGGAGTAGGTCG-1	CD4T
TGTAAGCCAAATTGAG-1	B
TGCATGATCTGAAAGA-1	Mono
AACAGTCGTGCGTTTA-1	Mono
GATGATCCATTGAACC-1	Mono
TCCATCGAGACAACGC-1	CD8T
CAAGAAAGTAAACCCT-1	otherT
GAGCATTAGGCATGCA-1	CD4T
CAGTGTAGTGGGTAGT-1	Mono
CACAACATCATGAACC-1	Mono
AATGGCTCACAACGGA-1	CD8T
AGATTCGAGACTAGGC-1	Mono
TTGCACCAGTTTGGAA-1	CD8T
TCGATTTCACAGTTCA-1	CD4T
ACAATCGCAACCTCTC-1	CD8T
TTACCGCTCCAGGGAA-1	Mono
AATACGCGTTTAAGGA-1	CD8T
GCGGTGTTCACCCGGA-1	CD8T
GCAGATTCACAGCCAC-1	Mono
TTAGCGATCCACACCT-1	Mono
CTCCCAACACAAGGGT-1	CD8T
TAACAGCCAGTGCGAA-1	CD4T
GTCTACCTCGCAGATT-1	Mono
ACAATCGAGATGGGAA-1	CD4T
GGAGTAGGTCTGGTCG-1	CD8T
AAAGATGAGCGATACG-1	Mono
TTCGATTCATCAGCTA-1	CD8T
TCGATTTTCGACTTAG-1	CD4T
GCGGTGTGTCATCAAC-1	Mono
GTCACAAAGAGGAATG-1	CD4T
TGATCAGAGTTAGCAA-1	CD8T
GTCACTCAGTAGAAGG-1	Mono
TGCTCGTAGACCATAA-1	Mono
AGGCCTGCATTATGGC-1	Mono
ACAGGCCCATTACACG-1	Mono
ATGTACGAGAACAGGA-1	B
TTAGCTTCAATGTAAG-1	DC
GTCACTCCAACAAACA-1	Mono
GTAGGAGTCCAGCACG-1	CD8T
GGTGTCGCATAGTCCA-1	CD8T
GGGACCTAGGCAATTA-1	CD8T
TTTGGCCTCCAACAAC-1	CD4T
GACCTTCCATGCGTTA-1	CD4T
TTGTTCAAGTCAACTC-1	Mono
ATCCAGAGTTTCACCC-1	CD4T
GGGCCATTCCTGGGAC-1	Mono
GTTACTTTCCGCGATG-1	CD8T
GTCCATCCAGATACAA-1	CD8T
ATTGTCTTCGGTCTAA-1	CD8T
GAGCATTTCCCAGCGA-1	CD4T
ACAGCGCCAAACAGTA-1	Mono
CCGCATTTCAGTCAAC-1	CD8T
GGAATCTGTCTCTGGG-1	Mono
TGCTTCGCATTAACGC-1	CD4T
CTCAGAACACATCATG-1	Mono
AATGCCATCCTAAGTG-1	Mono
TTCATTGTCCCTACCA-1	CD8T
GTTCAAGCATTCTCGC-1	Mono
GGTTGCGTCTTACCTA-1	Mono
CCAGAATGTTAACTCG-1	Mono
GTCACTCTCCCTATTA-1	CD8T
ACCATCCCATGACTGT-1	CD4T
GCTTTCGCATCCCTCA-1	Mono
TTGAGCATCTTTGCAT-1	Mono
GGAACCCCATTAGCCA-1	CD4T
ACTCGGGAGTCCCTCT-1	Mono
TCAAGGTGTACCAAGG-1	B
GGAGTAGGTTCCGCGA-1	Mono
AAAGGGCTCAGGAAGC-1	Mono
AAACTGCGTTGAAGCG-1	Mono
ACATGCATCCATCTAT-1	CD4T
GTTACTTAGAACCATA-1	otherT
GCCAGACAGATATGAC-1	CD4T
ATTTGTCTCCGAATTG-1	Mono
GTCACAAAGTCTGGGA-1	CD4T
TCAGTCCTCGGATCGC-1	Mono
TAACGGTTCCCTAAAG-1	CD4T
AACATCGTCCAACGCG-1	otherT
GAGCATTCAAGCAGGT-1	Mono
GCGCATGGTAGGGTTG-1	CD4T
TAAACCGAGTTACACC-1	Mono
TACATTCGTCGCTAGC-1	Mono
CAGGATTCAGGACCTC-1	CD4T
TTGTTGTAGCGTTAGG-1	Mono
GTTCAAGCACCCATCT-1	CD8T
GAGGTCCAGGGAAGCG-1	Mono
GTCACGGTCAGTGTGT-1	Mono
AATACGCTCGGGACAA-1	CD8T
AACCGATAGCGCATTT-1	Mono
TTTACGTTCTTCATAC-1	Mono
AATACGCAGAACAGGA-1	NK
CCCTAGTCAGAAAGAG-1	Mono
TTACCGCCAGAATGCG-1	Mono
CTGTATTCACTGAAGG-1	CD8T
CTACAGAAGGTTAGTA-1	CD4T
ACTAGGTCACTTATGG-1	CD4T
TTCAACTCAGCTTACA-1	CD8T
TCGAGCGAGTCTTAGC-1	Mono
CCCTCTCTCCCGCAAG-1	Mono
TAGCATGCAAATAGTG-1	Mono
AGACAAAGTACGCAAG-1	B
TAACAGCGTTTGCCAA-1	Mono
TTCATTGCACGTTACA-1	Mono
ACAAAGAGTTTGACCA-1	Mono
CCCTAGTCAAAGGTCG-1	CD4T
TAAACCGGTATGTTCG-1	CD4T
TCAGGTACATTGAACC-1	CD8T
AAACGAATCAATCGTG-1	Mono
AAACTCGGTGATAAGT-1	DC
TTCATCAAGGAACCGT-1	Mono
TACGGATGTGAGGTCA-1	B
TCTCAGCAGCCATGGA-1	Mono
ACTGCAATCCCAATGA-1	Mono
GCTCAGGTCCTCCTGA-1	DC
CTGTTCGTCGTTTGAG-1	Mono
GACCAATAGCGATACG-1	B
ACAGACTCACCTATTT-1	CD8T
GAGACTTTCTCGACAA-1	CD8T
AGTCAACTCCACGGCA-1	Mono
GTAGGAGGTGAGTCGA-1	CD8T
TCAGGTACACCACCAG-1	CD4T
AGCGATTCACGCTCAG-1	Mono
TGTTAGGAGTCACACT-1	Mono
TTAGCTTAGTGTTCCA-1	B
TTGCAGAAGGCTCAGA-1	CD8T
TTCATTGAGGCTTAAA-1	DC
GGTGAAGAGTCCGGAA-1	CD8T
TCTATTGGTTTCTCTA-1	B
ATGTACGAGTTCGCGC-1	B
CCGAAGCTCATCGCCT-1	CD4T
TCGATTTGTCACAGTT-1	Mono
TGATCAGTCAGCACTA-1	CD4T
TAATTCCCATGGGACA-1	CD8T
TCCAGAATCGGTTAGT-1	CD4T
TAATCGGTCACACGTA-1	CD4T
CCGTGAGAGTACCCAT-1	Mono
TATCGAGTCACTCCCA-1	Mono
TCACCTGGTCTGCGCA-1	DC
GTTCAAGTCGCACCGA-1	CD4T
CCAGAATCACAACGGA-1	otherT
AAACTCGAGTCTGTGT-1	Mono
GGAACTTAGTCTGGGA-1	CD4T
TGCCTCATCCAATCCC-1	Mono
TAGTCCCTCCCACTAC-1	CD4T
AGTTACGGTAACCGAG-1	CD8T
TGCATTTAGTTACCAC-1	CD4T
TGGCGCAAGACACAAT-1	Mono
CTCACCATCGCACAAT-1	CD4T
AGGCGAATCACTAGGT-1	Mono
TCACCACGTTTCACCC-1	Mono
ACTACGAAGACCATAA-1	CD8T
AACTTGGAGCACACCC-1	CD4T
ACCTGCTAGACTAATG-1	Mono
GGAACTTTCGATGTAC-1	Mono
GAGCGCTAGTGCCCTG-1	Mono
CGTGGCACAAGATGCG-1	B
GCAACCGGTGCATCAT-1	Mono
TCACAAGCAACTCCCT-1	NK
TGCTCACTCAGGTCTA-1	Mono
TGCTTCGTCAGATACC-1	Mono
TCAATTCTCTGATCCC-1	CD8T
TACAGCACATCATGTG-1	B
CTTGTCGCAACCTCCT-1	Mono
TTGCCCAGTTACCACA-1	Mono
ACCCAAAGTCAGACGA-1	Mono
ATGTCTTAGTTGGAAT-1	CD8T
CTAGCGGGTAAACGTA-1	B
TTACTCAGTAGAACGC-1	DC
ATCCAGAAGCAGGACT-1	Mono
GTAGTACGTGGATTCT-1	Mono
CTAGCGGGTCCATTGA-1	B
AGCCAGCCAGGTGGTA-1	Mono
ACAGAAACATTTCTTG-1	CD4T
TTCTAACGTTTGCATG-1	Mono
GGCATTATCGTTCTAT-1	Mono
CCCTGATAGAGGAAGT-1	Mono
GCTCGAGAGCCATTCA-1	CD4T
ATCCTCGTCCTTGACC-1	B
GCCAGCAGTTTCAGCA-1	B
GAGCGCTGTTTAGGAA-1	Mono
GCACCTTCATAGCCGC-1	Mono
GCTCAGGTCAGGTTTG-1	B
CTGCTCATCTCTCAAT-1	Mono
AATGGCTCATCGAGTT-1	B
GCAGCTGAGGCATGCA-1	Mono
TGATCAGCATCCGTAA-1	B
ATTACTCGTAACGTAA-1	CD8T
CTCTCAGAGAACAGGA-1	B
AACAGTCGTTGTGACT-1	B
TGTGACATCCAGGTCG-1	CD4T
TCAGCTCAGTGAGTTA-1	NK
CGTAAACAGTCTAGAA-1	CD8T
TGTGACACAGGTAGCA-1	CD4T
TTCAACTTCCGGCTGA-1	B
ACAAGCTCACAGAAGC-1	B
AAGATAGAGTAACATG-1	CD4T
CACAACACATTTCACT-1	CD4T
AGTGCGCTCCACGGCA-1	CD4T
CCGTGAGAGTCGAGCA-1	CD4T
TGTGACACACGTTGTA-1	Mono
ACTACCCTCGGATAGG-1	CD8T
CACTAAGAGAAGAGTG-1	Mono
AGCCTGGAGGTTACAA-1	CD4T
TTAGCTTTCCTATCAT-1	CD8T
ACCGGGTCACTTATGG-1	Mono
GTCCATCAGCAGGACT-1	Mono
GCACCTTCACTTTGGA-1	Mono
TGCTTCGCACTACACA-1	CD4T
CTTGCCACATAGGCGA-1	NK
CGTGGCAAGTCATACC-1	CD4T
CTCTACGTCAAGAGGC-1	Mono
CTAACTTAGGTTAGTA-1	CD4T
CGAGTTAGTTACGCTA-1	CD8T
TCGTTCGTCCTGTGGG-1	CD4T
CGGTGCAAGGTCTTTG-1	Mono
TGTACGAAGCCTGTAT-1	CD4T
AACATCGTCCCTATTA-1	CD8T
TAGCCCTCATCTGCAA-1	Mono
GTGATCAAGTCGAAAT-1	Mono
TTCATCAGTTGGCTAT-1	Mono
TTCGGTCCATTTGGTG-1	CD8T
GACCTTCCACCTATTT-1	CD4T
TTCATCATCCCACTAC-1	CD4T
ACTATTCCACCGAAAG-1	CD4T
TTACGTTCACTAGGAG-1	CD4T
CTGCTCAGTACTTCGA-1	B
TTCATCAAGCGTCAAG-1	NK
TGACAACAGAAATACC-1	CD8T
TAATTCCTCCAGAATC-1	DC
GCATTCCAGTGCTGAG-1	B
GTCACTCGTCATTGGT-1	Mono
TTGAGTGGTGTCTACA-1	Mono
GTCTACCGTGGACTGA-1	CD4T
GCCAGACTCTTATCAC-1	CD4T
CTTTGCGCACTTATGG-1	Mono
CACATGAGTAACTGAA-1	otherT
CAACCAACACGTACAT-1	CD8T
TTGAGTGGTCAACTAC-1	CD8T
GCGATTACATTCGTCC-1	Mono
AATACGCCACCACCAG-1	Mono
TACCCTGTCAGGAAGC-1	Mono
CTGAATGCATTCACGA-1	B
AGTGTACTCGGGAAAC-1	Mono
TTACGTTCAACGGGTA-1	CD4T
TGTAAGCGTACAAGCG-1	Mono
AAACGAACATAGCCAT-1	Mono
AGCGATTAGTGGACGT-1	CD8T
GTACTTTTCGGATAAA-1	otherT
GCTGTTCAGTCTCCAA-1	Mono
TCACCACAGGTACATA-1	CD8T
TTGCACCTCGTCAACA-1	CD8T
TACATTCTCCGCTCTA-1	B
CTGAATGAGGGAAATG-1	CD4T
AAGGAGCGTTCCGCGA-1	DC
GTTCAAGCATGTCCCT-1	Mono
TTGTTCAGTGGACCAA-1	B
ACTACCCCAGGTGTGA-1	Mono
CGCTAGGTCCGGGCAT-1	B
GCGAGAAAGCAATGTA-1	Mono
TAACTTCTCTTCGTTA-1	otherT
TTAACGGTCGCAACTA-1	CD4T
GGTGAAGTCAAGAGGC-1	Mono
GTGCCAGCATAGATAG-1	Mono
GTAGGAGAGCCTTTGA-1	Mono
CGGTGCACATTCACCC-1	CD4T
GGATGAGCAAAGAGAG-1	DC
ACCGAATCAGAATGCG-1	CD4T
TAGTCCCAGTACCTCA-1	CD4T
GCACGCATCTCCTTAA-1	CD4T
ATTACCTTCCGGAAAG-1	CD8T
GACTAACTCTGGCCAG-1	Mono
GGTGTCGCACAATAAG-1	Mono
CCTTAATGTTGCTTGA-1	B
TGACAACTCGACCCGA-1	CD8T
AAGATAGCACTGATAC-1	Mono
AAGATAGCACGCGCAT-1	CD8T
AAATGCCAGAGCCACA-1	Mono
CAGTATGAGCAATAAC-1	Mono
ATCCCTGTCATACTTC-1	Mono
GTAATCGTCTGCGTCT-1	Mono
TAGGAGGGTTTCTTAC-1	Mono
TAGGAGGTCGGTAGGA-1	CD8T
GCCCAGACAGGGAGTT-1	CD4T
CATGCCTAGTGTCGCC-1	Mono
ATGGATCGTAACCCAT-1	CD4T
TAGCACAGTCTCTGGG-1	B
TAGTCCCGTAAACCCT-1	B
TCAGTTTCAAGTTGCT-1	CD4T
GGTGTCGAGCTGGAGT-1	Mono
GTAGACTGTCAACTGT-1	Mono
TGGCGCATCAGTGTGT-1	CD4T
TTCTAACGTCTAACCA-1	CD8T
ACCGGGTGTCGTCGCA-1	DC
TTTGGTTGTGGTTCTA-1	CD4T
CAAGAAATCTCCAACC-1	B
CCTGCTAGTCATAGCT-1	CD4T
GTGCACGTCAGGGTTT-1	CD4T
TGGACATTCCATGACA-1	CD8T
ACCGCAGTCAAGTTGC-1	Mono
GCAGCCAGTTCATTTC-1	Mono
TTACTTGGTTACTTTC-1	Mono
GAAAGTATCTGGTACA-1	DC
AAATGCCTCTTCCAGC-1	Mono
GATCGTAGTTACGGAG-1	Mono
AAGGTTCCACCTATTT-1	CD8T
ACTCGGGGTTCCTATT-1	CD4T
TATCGAGTCTTGTCGC-1	Mono
GCACGCAGTCCTATTT-1	Mono
AGTGCGCCAATACTGC-1	Mono
TTACCGCTCCCGTAGG-1	Mono
TGGGTTAAGTTATGAG-1	Mono
TGCGTAATCCTCCAGT-1	Mono
AGATAGAAGTTGCCGC-1	CD4T
ATGGATCCAAGGACCA-1	Mono
TAATCGGTCGCGCTGA-1	CD8T
CAACCAAGTAACCATC-1	Mono
TAAGCCACACAGGTAG-1	DC
CTGCGTTAGCACCATT-1	Mono
ATTTGTCCAGTAGGCA-1	CD8T
TTGAGCACATGTGGGA-1	CD4T
CTACAGACAAGTGGCA-1	CD8T
TGCTCGTGTGGCGCTT-1	CD4T
GTGATCATCAATGCAC-1	Mono
TGCTCACCAAGCCCTG-1	Mono
CTTGCCATCAAGAGAT-1	CD4T
GCCCAGAGTTTGCCAA-1	Mono
AGTCCGGTCGCTGATA-1	CD8T
CCCGTTACATCCGTAA-1	CD4T
CCCTAACCATGGTTTG-1	DC
TTAGCTTGTAACGGTG-1	CD4T
TCAGTTTCAGGCAAGT-1	Mono
GTCACAATCGAGGTAG-1	DC
TCTCAGCAGTCGAGCA-1	B
TCAGTCCCACAGTTCA-1	otherT
CTCGCTATCAATGCAC-1	CD8T
CGTACAATCTTTATCG-1	CD4T
GAGTGAGCAGTATCTG-1	otherT
CAAGAAAAGGCAAGCT-1	CD8T
CCCTCTCCAGGACTGA-1	B
GGTGTCGCATTAGCAC-1	CD8T
CGCAATAGTAGCAGGT-1	CD4T
ACAATCGGTGAGGTCA-1	B
GGACACCAGAATGCTA-1	CD8T
GGATGAGGTATCAGCT-1	Mono
GCTTAAGGTCTCAAAC-1	Mono
CCAGATATCCTAAGTG-1	Mono
CCGTGAGCAGTAACCT-1	B
TAATTCCAGGAGGCGA-1	CD4T
CACTAAGCAACACGGA-1	CD8T
GGGAACACAAGCGGTA-1	CD4T
TGAATCGAGAACCCGA-1	CD8T
AAAGATGTCCCTATTA-1	CD8T
ACTGCAAGTGGCATAG-1	Mono
CTTGAAGCACTCCCAT-1	CD8T
CGCGCAACAGGCACAA-1	Mono
CATAACGTCTCCTTGG-1	Mono
GCGATCGCAATCACTG-1	CD4T
TTGCTATGTGAGGGTT-1	CD8T
TAGACTGAGGCACTAG-1	Mono
TGGGTGCGTAAAGCTA-1	CD8T
GAACCGCCATGTAGAA-1	NK
TCAGGTATCGTCTAGA-1	DC
ATTGTGGCACCAAGGA-1	otherT
ACGTGGCCATGGATGG-1	NK
AGGCCTGTCAGGTCTA-1	NK
GTGATCACACTAAACC-1	Mono
CACATGACATGTGGGA-1	CD8T
ACCGAATAGGAATGGA-1	CD8T
CTTTGCGTCTAGCTGA-1	CD8T
AACTTGGCATGCGTTA-1	Mono
ACTACGACAAAGGAAG-1	CD4T
ATTACCTCACTCAAGT-1	CD4T
TTCGGTCAGGTTGTGG-1	B
TTACGGATCGTTCCGT-1	Mono
TGGTCAATCCTCCTGA-1	CD8T
ACAGCGCGTAAGTCTC-1	Mono
AGGCGTCTCTTCCACG-1	Mono
GCTTGCTAGGATTGAT-1	Mono
AAGATAGCATGCGCTG-1	CD4T
TGCATGAAGTTCCAGT-1	B
TTAGGTGTCTGATCTT-1	Mono
GGTACCGCAACGAGGT-1	Mono
GTCCATCCAATGGTAA-1	Mono
ACCGAATAGGAAGACA-1	CD4T
ACCGGGTTCAAACCCA-1	CD8T
CGTAAACAGACAACGC-1	CD4T
TAAACCGGTCAGGCTC-1	B
GAACCGCGTAAACCCT-1	B
TCCCACACAAGCCAGA-1	CD8T
TGAGCCGTCGGTCCGA-1	B
TATGTTCGTCATAGAA-1	CD4T
GAAACAACAATTAGGA-1	Mono
TCCAGAACAGTATACC-1	Mono
TGTGGCGTCAGGAAGC-1	Mono
CCATACCAGAGCACTG-1	Mono
ATGTTTCGTTTCGTTT-1	CD4T
TTGTCTATCGTCAACA-1	CD4T
TTGGTCCCATAGGCGA-1	otherT
TCCATCGAGGAAGGTA-1	Mono
GATTAGCGTTAGGAAT-1	Mono
ATAGGCTCATGCTATG-1	Mono
CTGTATTAGGCTCAGA-1	CD8T
AAAGATGTCCGTTAGA-1	CD8T
GCCCGAAGTGCTGAAG-1	DC
GTCACAATCCTCCCAA-1	otherT
TGGTCCTCATCCCGGA-1	otherT
TTGACGACAGGCAAGT-1	Mono
AGCGTGCGTGCTTTGA-1	CD4T
CTACTTAGTAACGGAC-1	Mono
GAGGATGAGTCACACT-1	Mono
TGGTCCTCAGAGCCAA-1	CD4T
AGTGTACGTGGTCGAA-1	Mono
TCTATTGAGGATATCA-1	DC
CCTTAATAGTCTGGGA-1	CD4T
TCGATTTAGACCTATC-1	Mono
CGCGCAACAAAGAGAG-1	CD4T
TTACCGCCATCCATAG-1	otherT
GACCTTCAGCGTGTTT-1	otherT
AGCCTGGGTGCAAGCA-1	Mono
GGAGTAGCACTCCTCA-1	CD8T
CCCTAGTTCACACGTA-1	Mono
TCAGCTCTCAATGCAC-1	Mono
TACAGCATCTCCAACC-1	Mono
CTGTATTTCCCGTAGG-1	Mono
ACAAACCAGCGAATAT-1	Mono
TGCTATTTCGTGATAC-1	B
GAACCTAGTACAAGCG-1	otherT
AGCTGTATCTCTGCAC-1	Mono
TTAGCGAGTAGTAACA-1	CD4T
TCAATTCGTATTCTCT-1	NK
GAGGCTCAGGCTAAAT-1	Mono
GCCATAACAATAGTGA-1	Mono
TGACTCCCAATACTGC-1	CD4T
GTTGGTATCTAAACGC-1	CD8T
GCGGAAAAGTATCTGC-1	Mono
TACGCCTCAACTCGAT-1	CD4T
TACCCTGGTGCATTGT-1	Mono
TTGCACCAGCAGAATT-1	Mono
ACGTTAGAGTTTGGAA-1	Mono
GTGTGATCAAGTAACA-1	CD4T
AGCTGTAAGTCGAGCA-1	Mono
GAGGTCCCAAACGTTC-1	Mono
CCGTGAGTCACCCTTG-1	B
AACAGTCAGACCCTAT-1	Mono
GAAGAGCTCTCTTCCT-1	DC
GAGACTTTCATGTTCT-1	CD4T
GCGGGTTGTGCCCAGT-1	Mono
TTGTTGTAGGGCATTG-1	B
CAGCCTTCAGCGTGAA-1	Mono
ACAGACTTCTGGACAT-1	B
GACCTTCAGCTGAATA-1	CD4T
ATGGATCGTCTCAAAC-1	CD4T
GTTGGGCCACTCAAGT-1	CD4T
TCTAGTTAGACTTCCA-1	B
GTCACTCGTCATAAGA-1	NK
ATTTGTCGTGTCCCAG-1	Mono
AACGAGGAGAATCAAC-1	Mono
ACATGGTCAGGTAGGT-1	CD4T
TTTGGTTCACTCAAGT-1	CD4T
AGATAGAAGCAGAATT-1	CD4T
GTACTTTAGGAAACTT-1	CD8T
GGATAGGTCGCTGATA-1	NK
GGCGTTGTCTAAACGC-1	Mono
TAGGAGGAGTAATCAG-1	CD8T
TAGCTTTAGTTGCTTG-1	DC
TGTGACAGTTTGTACG-1	Mono
ACATGGTAGGATTGAT-1	Mono
TTGGTCCAGAGGAACA-1	Mono
TAGGTCAGTGAGGGTT-1	B
TAGGTCAGTCGCGCTA-1	Mono
GAACTTGTCACGTGTA-1	Mono
TGCATGAGTCATAGCT-1	Mono
CACCTGTTCCTCCAGT-1	CD8T
CTCTCGAAGTAACACA-1	CD4T
CACCACTCACTCCTCA-1	CD8T
TGCCTCAAGGAATGGA-1	CD8T
GTCACTCAGTAACATG-1	B
TGGCCTTAGATCACCT-1	B
CCCAGAGAGTGGTGTG-1	otherT
GCGATCGAGATGGGAA-1	Mono
CATTCATCATTACACG-1	CD4T
ACGGATTAGATGGCAC-1	Mono
ACCGCAGCAATGCACT-1	Mono
AACCGATTCGTGAACT-1	B
AAATGAGCAATTCGTG-1	CD4T
ACTAGGTAGCCCATTA-1	CD4T
ACAGAAAAGATGCGAC-1	CD4T
GCACGGTAGTGATTAG-1	B
AAAGGATCATTGAACC-1	CD8T
TCGAGCGGTCAATCCA-1	Mono
CCGTGAGAGAGAATTC-1	Mono
AAAGGATTCCCGCAAG-1	CD8T
TAACGGTGTATTGTCG-1	Mono
TGAGTCACAACGTAGG-1	B
TACGCCTCACAAGGGT-1	DC
GGTGTCGCACTGCTCT-1	CD8T
ACTGTCCGTACGTAAA-1	Mono
ATTCGTTCAGGGTAAC-1	CD4T
GCGATTAGTTGGCGAA-1	Mono
CAAGAAATCTGGTACA-1	Mono
TTAGCTTCACTCCTCA-1	CD8T
TGGGTTATCGGGCTCA-1	Mono
TCACTCGCAGTATCTG-1	Mono
CATAACGTCGCTATTT-1	CD4T
CCCTCTCGTCTCAAAC-1	CD8T
TAATTCCCAACGCAAG-1	CD8T
GTGTCAATCAGAGTGG-1	Mono
GCACGGTTCCAACCTC-1	NK
CATGTTTAGAGAGTAG-1	otherT
TACGCCTAGGGTCTGA-1	CD8T
GCGAGTCGTAAACCCT-1	Mono
GCCCAGATCCTTTGAT-1	CD4T
TGGAAGGTCTCGTGAA-1	CD4T
CTACAGAAGCAATGTA-1	CD4T
GTAGGAGAGTTGCCGC-1	CD4T
AAACGAAAGTGATTAG-1	DC
CCGTGAGAGTAGCAAT-1	DC
GGCGTTGGTCTTAGCA-1	Mono
TTGGTCCTCGGTCCGA-1	Mono
GCGGTGTGTACAAATG-1	Mono
ATGGATCGTTACACTG-1	B
CTCAGAAGTCAGTGTT-1	Mono
GCGCCAATCCCAGCGA-1	NK
AACGTACTCATTCGGA-1	CD4T
GACCAATCACAGGAAC-1	B
CTTCTAAAGGACCGAT-1	Mono
TAATTCCCAGTGCGAA-1	CD8T
GTGTCCTGTCTGCGCA-1	CD8T
GGCGAAAAGCCCATTA-1	CD4T
TGCCTCATCCAACAAC-1	otherT
GTCACTCTCCATAACG-1	CD4T
TGACTCCTCCGTACGG-1	Mono
TACAGCACACCTGAAT-1	CD4T
CAAGGCCCATTGCGAT-1	Mono
TCGTTCGTCGGTTAGT-1	B
GCGCCAAGTAGCTGTT-1	Mono
TACAGCAAGGTAAGTT-1	CD4T
GTTATTCCATAGTCCA-1	CD4T
TTCGGTCGTCATCAAC-1	CD8T
TTGAGTGCATAGCCAT-1	B
GGGACCTCAAGGGTAC-1	CD4T
GTCGTAACAACATAAG-1	CD4T
AGTCAACGTTTGCCAA-1	Mono
CTAGGATGTTTCTACT-1	Mono
TCGGGACAGATCTAAG-1	Mono
GCACGCACATCTGCAA-1	Mono
TAAACCGCAAAGCATA-1	otherT
TGATCAGAGGCAATTA-1	CD8T
TACGCAATCGGGAAAC-1	Mono
AATGGCTCATTCACCC-1	CD4T
TACTGCCCATATACGC-1	Mono
GCGGTGTGTAGCCATT-1	CD8T
TTGAGTGAGTCGGGAT-1	Mono
CGATGATTCGTCCCTA-1	Mono
CTAGGATAGGGTATCG-1	Mono
TGAATCGAGAAGCCGT-1	Mono
ACAGAAAGTTTGTCTT-1	CD8T
GCGATCGTCCTCTCTT-1	Mono
GGCGTTGTCACAGGGA-1	CD8T
TTAGGTGGTTCCCAAA-1	CD8T
CGCTAGGCACTTTGGA-1	B
CCTAAAGAGGATTGAT-1	B
ATTGTCTTCTCTCAAT-1	CD4T
TTAGCTTTCAAGGCAG-1	Mono
ATTGTCTTCGTGAGTT-1	Mono
GATGGCCTCTGTTTAC-1	CD8T
GTCACGGAGTAACTCC-1	Mono
GCCATAACAGGACCTC-1	Mono
CATTCATTCGTCCCAT-1	DC
TTCATTGTCAATTCCT-1	CD4T
ACTGCGGTCCATCATT-1	Mono
GATTAGCTCCATCGAA-1	CD4T
ACAGAAATCCAACGCG-1	CD4T
AGGACGAAGTTCGTTG-1	Mono
ACCGCAGCACATTGCA-1	DC
TCACAGATCACGTGTA-1	Mono
CCACGTTGTATGCTAC-1	DC
AAACTGCGTCAGTGCC-1	Mono
GATCGTAGTGGCCTTG-1	Mono
TATGTGGTCGTGAACT-1	CD8T
ATTACCTAGATGCGCA-1	B
TGTGTCCCACAACGGA-1	otherT
CTGGCAGAGAGCCTGA-1	CD8T
CAAGCTAAGAGAATTC-1	CD8T
CTAACTTGTGAAACAT-1	CD8T
CAACCAACATGGCCCA-1	CD8T
TCAGCTCGTACTTGAC-1	CD4T
GCGAGAAAGGACTAGC-1	other
CCGTACTTCGAGGCTC-1	Mono
TTTGCGCGTTGAAGCG-1	Mono
TCTCAGCCAGGTGGTA-1	B
TCGATTTAGGCTTAAA-1	Mono
AGGCGAAAGCGCACAA-1	CD4T
TACGCCTTCCCAATGA-1	Mono
AAACGAAGTAGTGATA-1	CD4T
CACTAAGCATTCGTCC-1	Mono
GACCAATAGAGGCGGA-1	CD8T
TACAGCATCTCCTTGG-1	Mono
AACCGATTCCATACGA-1	CD8T
TCACAGATCAAATGGA-1	CD4T
GCCAGCACATATTGGC-1	Mono
CTTGAAGTCATGTTCT-1	Mono
CTCATGCTCAGGGTTT-1	Mono
GAATCTGGTTTCCACC-1	Mono
CAACGGCGTCCTCAGG-1	Mono
TACCTCGAGTAGAAGG-1	otherT
GTGCACGTCTTCACTA-1	B
ACGGATTAGCGCACAA-1	CD4T
AAGATAGCAGGACTGA-1	otherT
TGCATTTCAGTAACGG-1	Mono
TGTACAGAGAACTCCT-1	B
GCGATTACATTGTTCT-1	Mono
TCAAAGCAGAGCTCCC-1	Mono
ACTTTCATCTATTTCG-1	CD8T
ACTACCCCACCGTTGG-1	Mono
AGTCAACAGCACCATT-1	CD8T
CTCACCACACCACAGC-1	Mono
CGTACAATCGATTACG-1	CD8T
CAAGGCCCACCTGAAT-1	B
CTTGCCATCGGCAATT-1	CD8T
TGGCCTTGTCAATACC-1	Mono
CAATCCCCAACACGGA-1	NK
AAACTCGAGACTTGAA-1	CD8T
TCGAGCGGTATTGTGC-1	CD4T
GCGGAAACATTCCCGT-1	otherT
TCAGTCCTCGATCTTT-1	B
GTCTACCCATTGCACA-1	CD8T
TACCTATAGGAAGACA-1	Mono
TTACGGATCCCTACCA-1	otherT
ACAAGCTTCCAAGTCA-1	CD8T
TCAGGTATCCCAATAG-1	CD4T
GGCGAAATCACTCGGG-1	Mono
GCGGGTTGTAGTCTGT-1	Mono
AGCCTGGGTCTAAGAA-1	CD8T
GGACACCAGTCGAGCA-1	otherT
GGAACCCGTACTTCGA-1	CD4T
TCAAGGTGTAGGTAAT-1	Mono
GCGAGAAAGAACCATA-1	NK
TGTAAGCGTTGTGACT-1	otherT
GGTGCTGAGCTGGAGT-1	Mono
GCTGTTCGTGTGTGTT-1	Mono
CGAGTTAAGAGCCACA-1	CD4T
TGATTTCCATTAGCCA-1	CD8T
TACATGGTCCAACCTC-1	Mono
CTAGGGCTCTCCACTG-1	Mono
AGCCGCACAAGGAGGG-1	CD4T
ATTGTCTGTGCTTCCT-1	Mono
TAACAGCAGTACAGAT-1	otherT
TGGTCAATCGGGTCCA-1	DC
GAACTTGTCTCTGTTA-1	CD4T
TACTAGGTCCGAATTG-1	Mono
TCCGACTTCCATCATT-1	CD4T
GACTAACTCAGGTCTA-1	CD8T
AGTTTGGAGTAACATG-1	CD4T
GAAGTGGCAAGTAATG-1	CD8T
GCATGATAGAATCAAC-1	Mono
ATTGTGGCAATGCCAT-1	Mono
GTTCAAGCATTGCACA-1	CD8T
TCAAAGCTCGGGAATG-1	CD4T
CATTGGACATCGTACA-1	Mono
GTTACGATCCCGCAAG-1	Mono
AAATGAGAGTCCGGAA-1	B
ACTACCCGTGCAAGCA-1	CD4T
TTTGTGTTCGTTCAGA-1	CD4T
CGAGTTACAACTCGTA-1	B
TCCAGAAAGGATTAAC-1	B
TTCAACTCACAATAAG-1	otherT
TAGCCCTAGTTATGAG-1	otherT
ACCGAATTCTAGCTGA-1	CD8T
CCAGATAGTCAGAAGC-1	CD4T
TGATTTCGTTCCCTTG-1	B
CACCACTTCGAGGTAG-1	CD4T
TTGAGTGCATTCTTTG-1	Mono
CTCCCAATCTCGTGAA-1	Mono
AGGCGTCGTAAGCCGA-1	CD8T
GAAGTGGCAGGACTGA-1	Mono
GCTTAAGAGGCACCTC-1	Mono
CATTGGACATACAACC-1	B
GATGGCCTCACCCGGA-1	DC
GCTCACTTCAGTCTTT-1	Mono
TAATCGGGTGGAAGCT-1	CD8T
CCCTGATGTCAACAGG-1	CD4T
TCAATTCTCGAGTTAC-1	Mono
GCGGAAAGTACTTCAG-1	otherT
TCAAAGCCAATACTGC-1	B
GCAGCCAAGTTATGAG-1	CD8T
TAGCTTTGTCAGTGTT-1	Mono
TGTGTCCTCCACTAGA-1	B
GAGACTTTCGGTTCCT-1	Mono
CCCGTTAAGCTGAGGT-1	Mono
GTACTTTCATCCCGGA-1	CD4T
CCAGATAAGAAACGCC-1	CD4T
TCGAGCGTCTCTTCTC-1	Mono
TTTGGCCCAGTCAGAG-1	CD4T
TTGTCTACAAGAGCGT-1	CD4T
GCTCACTCAGGGAGTT-1	NK
AAACTCGGTCTAAGAA-1	Mono
TTGCGGGGTCTAAAGA-1	B
AATGGAATCGCATAAC-1	Mono
CACTGAAGTGCATTCA-1	CD4T
GTTCAAGAGTGAAGGA-1	B
GCACGGTCAACTCAAC-1	otherT
GCACCTTAGGACTAGC-1	Mono
AACTGTGGTTACTACG-1	B
AGCCTGGCAATCAGGG-1	Mono
CTTGAAGCACACATTG-1	Mono
GTAGACTCAGGTAGGT-1	CD4T
ACTTTCATCGCAAACT-1	CD8T
TTGCACCTCGCTCGGA-1	CD8T
TAATTCCTCCTTTGCG-1	CD8T
TGGCGCAAGACTAGCG-1	Mono
TAATCGGTCCTATCAT-1	Mono
TTACCCGGTGGACAGT-1	CD8T
TAATCGGTCTCGACAA-1	Mono
AGGCCCAAGAAAGCAG-1	CD4T
ATAGTCGGTTTCCACC-1	Mono
CAAGCTATCAAGAGAT-1	Mono
AGCTGGCCAAGAAACT-1	Mono
GAGCATTGTCTGTGTA-1	CD4T
TTTGTGTGTTTGTAGC-1	Mono
GCACCTTGTAAACGGC-1	Mono
ACTATTCTCTATCTAC-1	otherT
GGTACCGGTGGACGAT-1	CD4T
CATGTTTTCTATCTTG-1	Mono
CGCTGGACAATGCACT-1	Mono
GCACGGTGTGCTTCCT-1	Mono
AGTTACGTCCTGTAGA-1	Mono
ACTACGAAGAAATACC-1	Mono
AGCCTGGGTGATCAGG-1	Mono
GGAGAACCAACGCAAG-1	B
CAAAGCTCATATTGGC-1	Mono
CCTGGGAGTGAGTAAT-1	CD4T
GGAGAACCATGGCCGT-1	Mono
TTGGTCCTCGTAGCGC-1	Mono
TGCACCTCATTCTTTG-1	CD4T
TTCGTTAGTGAGTAAT-1	Mono
TCGGGACCACACACAT-1	CD4T
GAGCATTAGCAGAATT-1	Mono
TAACAGCTCCATCGAA-1	CD4T
TTCGATTAGAGAGTAG-1	DC
TACATGGGTTACGGAG-1	CD8T
CCGTGAGCAAGCAACG-1	CD4T
AGCGTATCAAGAAACT-1	CD8T
TAATCGGCAGTAAGCG-1	CD8T
TGCTTTAAGCACCATT-1	CD4T
CCTTGGTTCGATCGCG-1	Mono
GTGACATGTATTTGCG-1	CD4T
CCACGTTAGCTTACCA-1	NK
AGGCCCATCGGGCTCA-1	CD8T
TCAGCTCAGATGGGAA-1	CD4T
TTCAACTAGCTTTCCC-1	Mono
GCCCAGATCGTGGAAG-1	CD4T
TGCTCACCAGGGTAAC-1	Mono
GGAGTAGGTAACCATC-1	Mono
CACTGAATCCAATAGC-1	CD4T
ATATTCCCACATAAAG-1	CD4T
GAACCGCAGTCTCTAG-1	CD4T
AGACAAAGTTTGATCG-1	Mono
CTCCCAATCCAGGTCG-1	DC
CCATACCGTCTGTGTA-1	CD8T
GAGGTCCGTACATGGG-1	DC
CTCACCAGTCAGAAAT-1	CD8T
ACAAGCTCAACAAACA-1	CD8T
GCGTTGGTCCTTGACC-1	B
GCCCAGATCAGCACTA-1	Mono
GTGTGATAGCTGCCAC-1	Mono
TTACTCAGTGTTGTTG-1	Mono
GTCCATCTCCATAGGT-1	Mono
GAACCTACATTGCACA-1	CD4T
GGGTTATGTGCCCTAG-1	CD4T
GGAACTTAGTATAGTG-1	CD4T
TGATGCATCCCATAGA-1	CD8T
GGGTGTCTCGATTACG-1	Mono
CTACAGAAGGTTACAA-1	CD4T
GATTAGCTCATACTTC-1	Mono
ACAAGCTCAAGAGCGT-1	CD4T
TTTGGCCCATTGCGAT-1	Mono
GTTGGTACAATAGTGA-1	Mono
GCACCTTCAACGGACA-1	CD4T
ATCCAGAGTGAATGTA-1	otherT
AGACAAAAGTTCGCGC-1	CD4T
ACTAACGTCCAGAGAG-1	CD4T
CAAGCTAGTGGCATAG-1	Mono
TGCCTCAGTACCTATG-1	Mono
ATGTACGGTAGAGAGA-1	Mono
CAACCAATCGAACCGC-1	CD8T
TCGCAGGGTCTCTAAG-1	CD4T
AAAGGATCACCTGTGG-1	Mono
GCTCAGGTCCATCTAT-1	CD4T
GACCCAGGTCTGGGAA-1	CD8T
GCATTCCAGGTAGGCT-1	Mono
TCACCTGGTGCACTTA-1	Mono
CGCTAGGTCAAGAGGC-1	CD4T
CGTACAAGTGCTGAAG-1	Mono
ACGTGGCTCCAGGGAA-1	Mono
CACCTTGCAGTTCGGC-1	Mono
TAGCCCTGTCAACAGG-1	Mono
GCGGTGTAGAACTCCT-1	Mono
CCACGTTCACTAAACC-1	NK
ATGTCTTTCCACACCT-1	CD4T
CTAGGGCCATCCCTTG-1	CD4T
AGGCCCATCTGAAAGA-1	CD8T
CTAGGGCAGTAACACA-1	otherT
TTGGTCCAGTTAGCAA-1	CD4T
ATTGTCTGTTACTACG-1	B
GCGGGTTCACGGCCAT-1	Mono
CAGCTGGTCGCTATTT-1	CD8T
AAATGAGTCCATTGAG-1	CD4T
TCACTCGCACCACCAG-1	CD8T
CCTCCCTCATAGCCAT-1	Mono
ACTACCCAGGTACACG-1	Mono
CTCACCACATAGATAG-1	CD4T
ACAATCGCACTCAAGT-1	CD8T
GGACACCGTCTAACCA-1	CD8T
GCGGAAATCTAGCAAC-1	CD8T
AGTCAACCAACTGCGC-1	CD4T
CTTGCCAAGGTACACG-1	B
AGTTACGTCTTGTCAT-1	CD8T
GTCACTCAGTGTTCCA-1	CD4T
ACCATCCAGCCTTTGA-1	CD8T
ACAAGCTAGCTCCATA-1	CD4T
GCTCCTACAGCAGGTA-1	CD8T
GCGGAAAAGTTTACGC-1	CD8T
TCACAGACATGGATGG-1	CD4T
CTGGGACTCTACCCGT-1	CD4T
ATTTGTCCACCTACCT-1	Mono
TAACTTCGTCACAGGA-1	CD8T
CCTCCCTTCACGATTG-1	otherT
AACTGTGTCTCTATTG-1	otherT
GTGCTGGTCGCTACCT-1	CD8T
TCCCACAAGGTAAGTT-1	CD8T
TGGTCAAAGATGGGAA-1	B
GAACGTTTCGTCTAGA-1	CD4T
CAAGCTAAGTCTGGGA-1	Mono
TTCGTTATCTGTTGCC-1	Mono
GCGGAAAGTTGAAGCG-1	CD8T
ACAATCGCATTCTTTG-1	CD8T
ATAGTCGCACCGTTGG-1	Mono
GATTGACTCGCACCTT-1	Mono
TGTAGCATCCAATCCC-1	Mono
ACAATCGAGTAGGAAG-1	CD4T
ATGTCTTTCAAACCCA-1	CD8T
ATATTCCAGATCTAAG-1	CD4T
GCAGCCATCTCTCAAT-1	CD4T
TTGCGAACAGATAAGT-1	Mono
CCTGCTATCAGGGTTT-1	CD4T
ATTACTCAGACTTGAA-1	CD4T
CAACGGCAGAGAAGCA-1	NK
AGCTGATAGTAGGAAG-1	Mono
AGATTCGTCCGGAAAG-1	B
TACATTCCACATCATG-1	CD4T
CAGGATTGTGTCCCAG-1	CD8T
CCGTAGGCAGTAAGAT-1	Mono
CCCTCTCCACGAACGA-1	CD8T
CCAGATAGTGCTTTGA-1	CD8T
CTGCGTTGTGCACTTA-1	CD4T
GCACGGTCAAACCTAC-1	CD8T
CCGCATTCAATACTGC-1	CD4T
GGACACCGTGAATACA-1	Mono
GAGTGAGAGGTTGACG-1	Mono
TTACTCACAGCAATGG-1	Mono
TGTGACACACGAACGA-1	otherT
TTACTTGCAAGCAACG-1	CD8T
AAAGGGCGTTACTACG-1	Mono
CTCTCAGGTAAGTGCG-1	other
GTTGGTAGTCTGATTG-1	Mono
AGTCCGGTCCACGCTT-1	CD4T
ACTCGGGTCCAAACCA-1	otherT
TAGCACAAGGATGCCA-1	NK
AGCCGCAAGGAGTAGA-1	Mono
AGGCCTGAGTGTTCCA-1	CD4T
TTACGTTCAAACAGTA-1	Mono
TGGAAGGTCGTCTTAT-1	Mono
CAGCCTTAGGCTGGAT-1	CD8T
TCGGGACGTAGAGAGA-1	Mono
CTACTTACAAACCCTA-1	CD4T
AGCCGCATCCTAAAGC-1	CD8T
ACAATCGAGTCCAGAG-1	CD8T
CAACGGCGTCTCTGGG-1	Mono
TCAGCTCAGGCTTAAA-1	CD8T
GCTCCTAAGCTATCGT-1	CD4T
TAATTCCGTCGCGCTA-1	Mono
TCACCTGTCTATATCC-1	other
TACTAGGCAAGCCCTG-1	Mono
TTACCGCAGTGCTAGG-1	CD8T
TAGGTGTCACAGTAGG-1	Mono
AGCGATTCAAGTCTCA-1	otherT
CCTTGGTGTGCATCAT-1	Mono
CTCAGCTGTCCGTCGA-1	Mono
ACTATTCTCCTCCTGA-1	CD4T
CGTGGCACAACGGGTA-1	CD4T
CTCAACCAGTCGTGAG-1	Mono
TTCGTTAAGCATGTGG-1	Mono
TCACAGACAGGCAGAT-1	Mono
TCGAGCGCAGTAACCT-1	CD4T
GGGAACATCTTGCGCT-1	CD4T
GCAGATTGTCTGGGAA-1	CD8T
GCACGCACATCCCTCA-1	CD8T
GGAGAACGTTTGAAGA-1	B
ACTTCCGCATTAACGC-1	CD4T
ACGGATTTCTGGACAT-1	CD4T
GTAGACTAGTTCAAGA-1	CD8T
TCCAGAATCCACCTAC-1	CD4T
TCACCACCAAGGTCGA-1	Mono
AGCCTCTTCGTCCCTA-1	CD4T
ACAATCGCATATACGC-1	CD4T
CAAGAAACACTTACAG-1	CD4T
AGGCGAAAGGGAAATG-1	DC
ACGGATTGTGGCCTTG-1	otherT
AACAAAGTCTCATCCG-1	CD4T
AAGGAGCGTAAACGTA-1	CD4T
CGTAAACTCGCGCCAA-1	CD8T
ATTTGTCCACTGTAAC-1	Mono
GCACCTTCACATTGCA-1	otherT
TTGTTGTAGTCAACTC-1	Mono
GAAGTGGGTACATGGG-1	Mono
TGAATCGGTTCCCAAA-1	CD4T
CACGTTCAGAATGCTA-1	CD4T
TTAGCGAAGCTATCCA-1	CD4T
GAAGTGGCACTCAAGT-1	Mono
CAAGGCCTCGTTGTAG-1	Mono
CACCACTTCTGGCACG-1	Mono
ATTTGTCTCACGTGTA-1	CD8T
CAATCCCCATTTCTTG-1	CD8T
CCAGATATCTCTGAGA-1	B
TAGGTCATCGATATGC-1	Mono
GGAGTAGAGTGTCACT-1	CD4T
CGGACCATCTGGAAGG-1	Mono
ATCCAGACATGGAGGT-1	DC
GACTAGTCATCGCCTT-1	CD8T
GCACCTTCATCATAGC-1	CD8T
TCAGGTAGTAGCTGTT-1	B
AAACTCGAGTAGGAAG-1	otherT
GTTATTCTCGCACCGA-1	B
GGTTGCGAGCACGTAG-1	Mono
GCAGCTGAGAACTCCT-1	B
CTCAGCTTCACTAGGT-1	otherT
CCAATGAAGGTTACAA-1	Mono
AGCCCGATCACCGCGA-1	Mono
AACCTGATCAGAATGA-1	B
TTGTCTATCCTTTGCG-1	CD8T
TGATGCACAGCAACAG-1	Mono
ATATTCCCAGGGAGTT-1	CD8T
TGTAGCAGTTCCCGGA-1	CD8T
TTTGGCCCACATCATG-1	Mono
GCGGAAACAACTACTG-1	CD8T
GAACCTATCTTCCGTG-1	CD8T
CAAGAAACATCCCGGA-1	otherT
CAGTGCGGTTCCCGGA-1	CD4T
AAGATAGCATTAGCAC-1	Mono
CAACGTACAACGCACC-1	CD8T
TGCCTCAAGAGCTACG-1	Mono
GCGGGTTGTACCGGCT-1	CD4T
ACATGGTGTTCTCGAA-1	Mono
GCTCACTCATCCCGGA-1	CD8T
TGCTCACTCAAATGGA-1	CD8T
CAACCAATCAGATACC-1	Mono
TAACAGCAGGACTAGC-1	Mono
GAAAGTACAACATAAG-1	CD4T
CGGACCACAAGCAACG-1	CD4T
CTCTCGAGTGCGTAGA-1	Mono
CGCAGGTAGGAGTAGA-1	Mono
TTCGATTAGTATACGA-1	CD8T
TGTGGCGGTACCCATA-1	CD8T
TAGGAGGCAAGGAACC-1	Mono
TGGACATAGACAGCTG-1	Mono
GGCATTAAGTTGCTTG-1	B
AGCCCGAAGGGTGTTG-1	B
TGCGTAATCCTATCAT-1	Mono
GCACCTTTCGTTCCGT-1	CD8T
TTATGTCTCCGATTGA-1	CD8T
CAATCCCTCCATACCC-1	CD4T
TTTGGTTGTCTAACCA-1	CD4T
AGCGTATCACGAACGA-1	CD8T
GGACACCGTTCCCGGA-1	CD8T
TAGGTGTGTTCACGTA-1	CD4T
CGTACAATCCAGGTAT-1	Mono
GCTGAGCCATTATGGC-1	Mono
TGGACATGTGACCAGA-1	B
GAGCATTAGGCCTAAG-1	Mono
GCTCACTCACTCGCAG-1	CD4T
TCAGTCCTCTTCGTTA-1	CD4T
GTGTCAACAACTCGTA-1	CD8T
CCGAAGCTCGGGAAAC-1	Mono
AATACGCTCTGAGTAC-1	CD4T
CGCTATCCATATACGC-1	CD8T
CTCGCTACACTGTTAG-1	CD4T
CACCTGTGTGAATCGG-1	Mono
TGCGTAAGTCAGAGTG-1	Mono
ATGGATCAGCACCATT-1	CD4T
TATTGCTTCGCTATTT-1	otherT
CCCTAACTCCACGCTT-1	CD8T
CCCACATTCGTTGTTT-1	CD8T
CACCTTGAGTCTCCAA-1	CD8T
CACTGAAGTAACGTAA-1	CD4T
TCACTCGAGTCGCCTG-1	Mono
GCGGTGTTCGCGCCAA-1	CD8T
ATGGATCGTGCCAAGA-1	CD8T
GCTGTTCCATGTGGGA-1	CD8T
TGACTCCGTTATCGAC-1	Mono
TCAAGCAAGGTCTTTG-1	Mono
GTGTCAACACACACAT-1	NK
CCCTCTCTCTCCCTTT-1	CD4T
GCGCCAAGTTGTATCG-1	CD8T
CCAGATATCTATTTCG-1	B
GTGTGATAGACCCTAT-1	Mono
GGACACCCAAACAGTA-1	CD8T
AACCGATTCACGTCAA-1	CD8T
ATATTCCTCTGCGTCT-1	Mono
TCACCACTCGAGAAGC-1	B
CGGACTGAGTGCAACG-1	Mono
GCACGCAGTCATAAGA-1	CD4T
TGGCCTTGTAGAAAGG-1	otherT
TGGTCAAAGTTGCTTG-1	Mono
CAAAGCTGTTGAATAG-1	Mono
CTGTTCGCAGAGATGC-1	DC
TACGGATTCTTGTACT-1	CD8T
TAACTTCCAATGATGA-1	Mono
TTGCTATGTGTGCTTA-1	CD8T
TCGATTTCAGGTGTGA-1	NK
TACCCTGGTATGGGTG-1	Mono
TGGGTGCAGTGCTGAG-1	Mono
TGCTTTAAGGTAGGCT-1	Mono
GTGCACGAGAATGCTA-1	B
CACTAAGAGTTCAGGG-1	Mono
TTACGTTCATGGTATC-1	CD8T
GAGGATGAGGCTCAGA-1	CD8T
TGCGTAAAGGTACACG-1	CD4T
GTGTGATAGCAACGGT-1	CD4T
CCCTAACCATAGTCCA-1	otherT
CTCTCGATCAGGAATA-1	CD4T
AACTTGGAGCAGAAAG-1	CD8T
GCTCGAGAGCATACCT-1	Mono
TAGTCCCCACCCATCT-1	Mono
CAGGATTCATTACCTT-1	B
TCGAGCGTCCACTAGA-1	Mono
GCCTAGGAGTAACTCC-1	Mono
TTACGGAGTCTGTTGA-1	CD4T
GGAATCTGTAGAACGC-1	Mono
TACATGGCAGGGTACA-1	B
CAGCCTTCATTGAACC-1	CD4T
GCGCCAATCTCATATC-1	CD8T
ACATGGTTCCTGTGGG-1	B
TACATGGTCAGGCGCT-1	Mono
TAGCCCTCATAGTCCA-1	otherT
GGGCCATAGAGATTAC-1	Mono
TAGCGGCCAGTTACAC-1	CD4T
CTTAATCCAACACGGA-1	B
GAAACAACATTGAACC-1	Mono
AGCTGTAGTTCTACCC-1	Mono
GGGAACACAACGCAAG-1	otherT
CGTTCCAGTCCAACCG-1	CD4T
GGTACCGAGCTATCGT-1	Mono
CTCCCAAGTGAATACA-1	CD4T
GCATGATTCGCATACA-1	DC
ACATGCACAACGTAGG-1	Mono
AACCTGATCAGGAATA-1	other
CTGTATTAGATGCGCA-1	CD8T
GCTGAGCAGCATTGGG-1	Mono
GTTCAAGGTAGTCCAT-1	CD8T
ACGGATTAGACCAATA-1	CD4T
CATAACGCAGATAAGT-1	CD8T
TTAACGGAGTGATAAC-1	Mono
TGGCCTTTCATCATGG-1	Mono
TACCTATCATTACACG-1	Mono
TTCTAACCATTGTGAC-1	Mono
CCCGTTATCGAGAAGC-1	Mono
GTGCCAGGTTTCTCTA-1	Mono
TAGCATGGTATGAAGT-1	CD8T
TCGAGCGGTCTAAGAA-1	DC
TCAAGGTCACTTTGGA-1	CD8T
TAGCCCTAGGATGCCA-1	B
GGCGTTGCATGGGTGA-1	B
ACTGTCCCAGGGTAAC-1	Mono
CTAGGATCAATGACTC-1	Mono
ATGTTTCGTAATGCAA-1	CD4T
TACATGGGTTCAGAAA-1	Mono
AGCTGTAGTTTGAAGA-1	CD8T
TGGCGCAAGTGAATAC-1	CD8T
CTCTCGAGTTACGGAG-1	CD4T
CTGTTCGCAATGGCTT-1	B
AAGATAGTCTTGTACT-1	otherT
TTCATTGCAGTTACAC-1	Mono
GCAACCGAGATGTTCC-1	B
GCCAGCACATTTGTTC-1	Mono
GCAGATTCATTTCACT-1	Mono
GCTGTTCTCCAGGCCA-1	Mono
CAAAGCTGTTTAGACC-1	otherT
CTGTATTTCCCGAAGC-1	Mono
GGGCCATTCCACACCT-1	CD8T
TAAGTGCCACGTGAAG-1	Mono
AACGGGAAGCTAGCAG-1	Mono
GGAGAACGTACTATGC-1	CD4T
GAACCTATCGGTTCCT-1	otherT
CCCTAACGTGGACAGT-1	CD8T
CCAGATAAGGTTACAA-1	B
GCTGTTCTCTGGGCGT-1	DC
GCCTAGGAGTTGTCCA-1	Mono
TGTAAGCGTGTTAGAA-1	DC
CAGTGTATCAGGTCTA-1	Mono
GACTAACTCGCGCTGA-1	CD4T
AAACGAACATTCACCC-1	B
TCGAGCGGTCCTCAGG-1	Mono
CACCACTGTGATAAGT-1	CD8T
GCACGCAGTCCATTGA-1	CD8T
ACAATCGAGACCCTAT-1	Mono
CCGTACTAGAGGAAGT-1	CD8T
GTCACCTAGCGAATAT-1	B
TTTGGTTGTCATCGTA-1	CD8T
GTAGACTGTCTGCACG-1	DC
TGCTATTCAAGCGGTA-1	CD8T
TGGCCTTCAAATTCCG-1	CD8T
TGACTCCTCGAGTTAC-1	CD4T
CGATGATGTTCTACCC-1	Mono
GCATTGATCTACTGCC-1	Mono
ATTACTCCATCACAGT-1	CD8T
CTTGCTGCATGGAGGT-1	Mono
TTCAACTCACATAAAG-1	CD4T
TGCGTAAGTGGTTCTA-1	CD4T
TGGTCCTAGACAGTGC-1	DC
TCAAGGTCAAGATTAG-1	CD8T
ACTTTCAAGACCCTAT-1	CD8T
TGTACGACATGTGGGA-1	otherT
TGCATTTTCAAGGCCC-1	Mono
TATGTTCCAACCTCCT-1	otherT
GTCACAAGTATACGCT-1	CD8T
GCCCAGATCCCAGTAA-1	CD8T
GTGCACGGTTACCACA-1	NK
GTCACGGTCCGTGCGA-1	CD4T
CTTTGCGTCGGAAAGC-1	Mono
GCGTAGCCAAGTTGCT-1	Mono
TGAATCGTCCTGTGGG-1	Mono
GCCCAGAGTGGATTCT-1	Mono
GAAGTCTGTCTCGGGT-1	Mono
GCAGATTGTGCTAGTT-1	CD4T
AGACAAAAGTTGCCGC-1	otherT
CTGTATTGTTTAAGGA-1	CD8T
TTGCCCAAGACAGTGC-1	Mono
TACTCGCAGCAACTGG-1	B
TCAAGACGTGCTTGAT-1	CD4T
CAGTATGTCAATCGTG-1	Mono
GTCTACCGTTCACGTA-1	CD8T
TGCCTCACATCCATAG-1	Mono
CCACGTTAGGACTAGC-1	Mono
TGGTCAAAGCTGATTC-1	Mono
ATGTCGAAGGTTGACG-1	Mono
AAATGAGTCTACCCGT-1	Mono
GATTAGCTCTCCTTAA-1	Mono
CTGCGTTTCGCCCTTA-1	CD4T
CACTAAGTCCCTAAAG-1	otherT
GTCACTCGTAGCGAGT-1	Mono
TAGCCCTGTTCTGAGT-1	Mono
ACTAACGCACAGTTCA-1	otherT
GGTAGGATCCGGAAAG-1	CD4T
GTGTGATAGTCAGGAC-1	Mono
GCCTACTGTAACCGAG-1	Mono
TCAGGGCCAACATAAG-1	otherT
TTGTCTATCACGATTG-1	CD8T
TATTGCTTCCATAGGT-1	CD4T
CCTTGGTCATTTGGCA-1	otherT
CATGCCTTCAAATGGA-1	CD8T
GGTAGGAAGTAGTGTA-1	DC
CCATACCCAACTGCGC-1	CD8T
TAGCTTTAGTCAACTC-1	CD8T
AGTTACGCACATTCTT-1	CD4T
GTGACATTCCAAGAGG-1	Mono
ACAGAAAAGTTAGCAA-1	CD8T
CCTCCCTTCCAAGTCA-1	CD8T
GGTAGGATCACTAGGT-1	Mono
GTAGGAGAGAGTTTGA-1	CD4T
GTCACCTCAAACAGTA-1	CD8T
AAACTCGAGTTCAACC-1	B
AATGCCATCTCCTTGG-1	Mono
AACTTGGCATTACCTT-1	CD8T
GATTAGCAGTCTCTAG-1	CD8T
CAACGTACAAGTGGCA-1	CD8T
CATTGGATCTCTATCA-1	CD4T
TTTGAGGTCAGATACC-1	Mono
TGTGACAAGGCAATTA-1	CD8T
GTTCAAGCACAAGTGG-1	Mono
ACCGAATGTCCACCAG-1	Mono
TCAATTCCATCGTGAT-1	CD4T
GCAGATTTCCCGGGTA-1	CD8T
TACTAGGCAACACGGA-1	DC
TAACTTCCAAGGGTAC-1	Mono
AACTTGGCAGAACAGC-1	otherT
TGGTCCTAGGACTAGC-1	Mono
CACAACAAGCAGTAGC-1	CD4T
TTGGTCCGTATTGTGC-1	Mono
AATACGCAGGATCCTT-1	CD4T
TGAGTCATCCGAGAGA-1	CD4T
GGGTCTGAGATATGAC-1	Mono
GCAGATTTCTCTGACC-1	Mono
TGCTATTTCTATGAGC-1	Mono
TATTGCTCACAAGTGG-1	Mono
TACATGGGTCTAAGAA-1	CD8T
CCCTAGTGTTTGACCA-1	CD4T
CTACTTAAGAGGCCTA-1	CD8T
TATGTTCTCTATCCTA-1	NK
TCACCACTCGATTACG-1	CD4T
TACATTCGTAGGTAAT-1	CD4T
TGGCCTTCACGGTTAT-1	CD4T
TGGTCCTAGCGTGTTT-1	CD8T
GAAGTGGTCTCCTTAA-1	B
CTTGCCACAATTGCCA-1	CD4T
AACGAGGAGTCCCGCA-1	B
AATGGAAGTTCCGCGA-1	CD8T
TATGTGGCAAAGCATA-1	CD4T
TAAGTGCTCCAATAGC-1	Mono
ACAAGCTCAGTAACTC-1	CD4T
GGCATTAGTTCCAATG-1	CD8T
GGGAACATCACTTACT-1	B
TACATTCCATGCCCTT-1	Mono
GTTGGGCAGAGTGGAA-1	CD8T
GTAATCGAGTTTGGAA-1	CD8T
ACCTGCTCATCATCGA-1	DC
GTGCTGGAGTGTCGGA-1	Mono
ATCCTCGAGTCTTAGC-1	CD8T
ACAGACTGTCGACTGC-1	Mono
GAGATTCTCTTGTCAT-1	otherT
CTTGAAGAGAACTCCT-1	B
GTTCAAGCACAAGGGT-1	DC
TCCATCGAGACCCATT-1	Mono
TGGAAGGAGCGCACAA-1	NK
GAGACTTCAGCAGGTA-1	CD4T
GCATGATAGACAACGC-1	CD8T
CACGTTCCACATAAAG-1	CD8T
TTAGCTTAGCAGAAAG-1	CD8T
TCAGTCCTCTCTCAAT-1	otherT
GCTGTTCTCACGTCAA-1	CD8T
TAGGAGGTCTCGCGGA-1	CD8T
TGTACAGAGATGTTGA-1	CD4T
CTGAATGCACCCTTAC-1	Mono
GATGGCCAGTCATACC-1	otherT
CTTAATCGTTACTACG-1	CD8T
ACAAAGACATCAGAAA-1	CD8T
TTCTGTATCGGTAGGA-1	Mono
TATCGAGTCAAACCCA-1	Mono
CCACAGGAGGCAGTAC-1	B
TTTGGTTCATCCATAG-1	Mono
ACTTCCGTCCTAAGTG-1	CD4T
TTGCTTAAGTTCCAGT-1	CD8T
AGCCGCACACATTGCA-1	CD8T
CGCAGGTCAGGACTGA-1	CD8T
TACTCGCAGGTTACAA-1	CD4T
CACTAAGGTTCACGTA-1	CD4T
TTGTCTATCTGTGTGA-1	CD4T
CACCTTGAGAGAATTC-1	Mono
TATGTGGGTTTGTACG-1	Mono
ACAAGCTTCTATACCT-1	NK
GAGTGAGCATCGCTAA-1	Mono
GAACTTGCAGCAATGG-1	Mono
AGTGCGCGTAGCAGCA-1	CD8T
CGTTCCAAGGAGGCGA-1	B
TGATCAGAGAAACGCC-1	CD8T
TAGGTCAGTCCCTTTG-1	Mono
CTTAATCAGGGTTCTT-1	CD4T
CAGCTGGTCCATGTTT-1	CD4T
GCGCATGCACTCCTCA-1	Mono
CCTATTACACAGAAGC-1	CD8T
GTGTGATTCTTCCAGC-1	Mono
ATAGGCTAGTCTTAGC-1	Mono
AGTGTACAGCAGAATT-1	Mono
AACGGGAAGGCTTAAA-1	B
TGAGCCGTCCAGGGAA-1	CD4T
TTTGCGCAGGGTCTGA-1	CD4T
CCAGATATCAGCACTA-1	CD8T
CATAACGCACACACCG-1	CD8T
TTGCAGATCTAAACGC-1	otherT
AACATCGAGAGACTCG-1	Mono
CTACTTACACACTAGT-1	CD8T
AAACTCGCAGCACATT-1	CD4T
TCGCCTATCCATCATT-1	CD4T
CCGTACTCAGCAACGA-1	CD4T
TCACCACGTTGGCGAA-1	NK
AACTGGTGTGCTTTGA-1	CD8T
CATAACGGTAAGTGCG-1	CD4T
TTTGTGTCATGGCCTG-1	Mono
TCCAGAAGTTGTGACT-1	Mono
TCTCTGGGTACGTAAA-1	B
CAATCCCCACAAGGGT-1	CD8T
CCCTGATCATGCGTTA-1	CD4T
CAAGCTAAGTTCAACC-1	otherT
AATGCCACATCATAGC-1	Mono
CTGGCAGGTAACAATG-1	CD8T
TGACAACCACCTGAAT-1	CD4T
TGGCCTTGTAGCGTTT-1	CD8T
GGCACGTCATTAGCCA-1	CD4T
TTGCTATTCCATACGA-1	CD4T
AGCCTGGCACCAAGGA-1	CD8T
ACGTTAGAGGGAAGCG-1	CD8T
AGCTATGTCAAGTTGC-1	Mono
TCTCAGCGTCAGAGTG-1	Mono
GAAGTCTAGTTTGGAA-1	DC
GATTAGCGTGCGTCCA-1	CD4T
CACTAAGGTCATTGCA-1	CD8T
TAGCCGGTCCCGGGTA-1	CD4T
ACGTTAGGTTCAGTAC-1	CD4T
TTCATTGGTAAACGAT-1	Mono
GTTACTTAGAAGAGTG-1	CD8T
GTTGGGCCAATTGGCT-1	Mono
ATGTTTCGTTAGGCTT-1	Mono
GAAATGAGTAGCAGCA-1	CD8T
CTTAATCAGGACTAGC-1	B
CAACGGCCACCTGAAT-1	Mono
ACTCGGGAGTAACACA-1	CD4T
TCAGTTTTCCCATAGA-1	NK
TGGTCAATCACAGGGA-1	CD4T
TCAGTTTTCACTTACT-1	CD8T
CTTGCTGAGCATACCT-1	Mono
TACGCCTAGGCGTAGT-1	CD4T
CAGCTAACATTACCTT-1	CD4T
CATAACGAGAGCGAAA-1	CD4T
GGCATTAGTGCAAGCA-1	Mono
GCTCCTACATCATAGC-1	CD8T
GCTCACTCAAAGGAAG-1	CD8T
CACAGATGTAGATTAG-1	Mono
ACTGCGGTCAGTGTGT-1	Mono
GTGCCAGGTATATGGA-1	CD8T
TGAATCGTCACATCCC-1	CD4T
AATGTCGCAGAACGAC-1	Mono
CGATGATTCCGGAAAG-1	otherT
AATACGCTCTGTGTGA-1	B
AAACGAAGTAGACACG-1	Mono
GGACACCTCTACTTTG-1	CD4T
ATCCAGACACCCTTTG-1	CD8T
TACCTATAGTAGCAAT-1	CD4T
CAACGGCTCTTACGGA-1	CD4T
CCGTGAGAGACAGTGC-1	Mono
AGCCTGGTCCATCATT-1	Mono
GCTCGAGCATAGAATG-1	Mono
GCGAGAAGTATCCTTT-1	DC
TGGTCAATCATTCGGA-1	CD8T
TAAACCGAGTCATACC-1	CD4T
TCACAAGCACACTAGT-1	CD4T
AACCAACGTCAACTGT-1	CD8T
TACATTCAGCTCCATA-1	CD8T
AAAGGATCATCCCGGA-1	DC
GCTTTCGGTTCCATCC-1	Mono
TTGAGTGGTGAGCTAG-1	Mono
CGAGTTAGTTCTGATG-1	CD4T
AACGTACCAATGTGCT-1	otherT
ATTGTGGCAAGTGGCA-1	CD4T
CATGTTTAGTGAAGGA-1	Mono
AATACGCTCGTCTAGA-1	CD4T
ATCCAGATCTTGTCAT-1	Mono
CCGTACTAGGTCACTT-1	Mono
TTGAGCATCCTCAAGA-1	CD4T
GGGACCTCAGTAGGCA-1	CD8T
TGGAAGGCATCCCAAA-1	CD8T
GTGGATTAGGCTCAGA-1	CD4T
ACGGATTGTGGACTGA-1	otherT
GGAACCCCACTCGGAC-1	DC
GTTATTCCACACATTG-1	CD8T
GCATTCCTCGATGCAT-1	CD4T
TCGATTTAGGATGTAT-1	CD4T
TCCCACAAGGATTGCG-1	CD4T
CTAGGATGTAGGTAAT-1	Mono
TGCATGATCGTTCTAT-1	Mono
TTCGTTATCCATAGGT-1	Mono
TTGCTATAGGTGAACC-1	Mono
ATAGGCTCATCCATAG-1	CD8T
CCCTGATAGAAATTCG-1	CD8T
AATACGCGTTCTTAGG-1	Mono
TTACTTGCATGTCCCT-1	Mono
TCACTCGAGAAGACTT-1	Mono
GCCAGCATCTTCTCTC-1	DC
CTAACTTTCAGGTTTG-1	CD4T
TAGCCGGAGTCTGTGT-1	CD4T
ATCCTCGTCTCTTCTC-1	B
ACTAGGTAGGAGTAGA-1	CD4T
CACTAAGTCAGAATGA-1	otherT
ACTACCCGTCTGTTGA-1	Mono
AACAGTCCAAGCGTCC-1	CD4T
ATCCAGAGTAGAACGC-1	Mono
GTAGACTCAAGGAGTC-1	Mono
GTGTGATGTGAAACAT-1	Mono
GAGCGCTGTTAGAGAT-1	CD8T
TGCTTCGCAGGCATTT-1	CD4T
TTGCTTATCTGGCTAA-1	B
TCCCACAGTATGTCCA-1	CD4T
GCACCTTAGATTGACA-1	otherT
AGGCCCATCGCAACTA-1	CD8T
GTCACCTTCTGTGTGA-1	CD4T
GCGGAAACATCAACTG-1	Mono
CTAGGGCGTTAACCAC-1	Mono
GACCTTCGTGTGCTTA-1	Mono
ACAGACTCATAGACGG-1	CD8T
GTGCCAGCATCGTACA-1	CD8T
CGGACCAAGGGTCTGA-1	Mono
CTTGTCGTCAAGTTGC-1	Mono
GCAAAGGAGGGTTCCC-1	Mono
GCTCAGGGTTATAGAG-1	CD4T
TAAGCCAAGCGTCAAG-1	Mono
AAGATAGAGGGTATCG-1	CD4T
GGGCCATGTGGACGAT-1	CD8T
CCCTCTCAGAAAGGGT-1	CD4T
TCACTCGCATGCCCTT-1	Mono
TACATTCTCACGTCAA-1	CD4T
CAGTATGAGGTGATGC-1	Mono
GAAATGACAAACGTTC-1	CD4T
CCACAGGCATTGTTCT-1	CD8T
GCTGAGCGTCGAGGAT-1	Mono
AAGATAGCACTCAAGT-1	CD4T
TCTCTGGAGCTGAGGT-1	Mono
TTCTAACTCAGTGGTT-1	otherT
CCGTACTGTTCGGGAA-1	CD4T
TGTAAGCCAGGACTGA-1	CD8T
TGGACATAGGCTTTAC-1	Mono
CATGCCTTCGGATCGC-1	Mono
CAAGCTACATGTGAGG-1	other
CCGTGAGGTTCAGTTG-1	DC
CCCTCTCCAATTCGTG-1	NK
GCCCGAAAGAGGAACA-1	otherT
GAAGTCTAGCTATCCA-1	otherT
TTGGTCCCACCAAGGA-1	CD4T
AAACTGCGTGCACCCA-1	Mono
CCCTAGTGTGGTTCTA-1	Mono
GAAATGAGTTATAGAG-1	CD4T
TCAGTTTAGCATTGGG-1	CD4T
GTGTGATAGGCTTTAC-1	Mono
TAGTCCCCACATTGCA-1	CD8T
TAGCCCTCACTCCTCA-1	Mono
ATAGTCGGTCCGTGCA-1	Mono
AAGATAGAGAACCCGA-1	CD4T
AGACAAATCGCTGATA-1	CD8T
CCGTACTTCGCAACTA-1	CD4T
AGCGTGCGTGCAACAG-1	Mono
CTCCCAACAAGTAATG-1	otherT
GTCACCTAGAGCTGTG-1	Mono
CAATCCCAGTACAGAT-1	CD8T
AAACGAAAGCTCGGCT-1	Mono
TTCGGTCGTCCGCTTT-1	Mono
ACAAGCTAGCATTCCA-1	B
AAGATAGAGCATTCCA-1	Mono
AGGCCCAGTGCCCAGT-1	CD4T
CCTCCCTAGCCTCGCA-1	Mono
GTTACGACACTCGGAC-1	Mono
ATTACCTGTTGGAGGT-1	Mono
GAAAGTACAAGTAACA-1	CD8T
CACAGATGTGCTTTGA-1	B
GTACTTTAGCTCCATA-1	CD8T
TGTACAGTCAGGAAGC-1	Mono
CTGGGACCAATGTAAG-1	Mono
TGTGGCGCACTCGCAG-1	Mono
ATTGTCTCATCGCTAA-1	CD8T
ACAGGCCTCAACTTGG-1	DC
TCACCACTCCGAGAGA-1	CD8T
CCCTAACAGTGAGCTG-1	CD4T
GAACCGCTCGATAGCT-1	Mono
ATAGGCTCAGGCAAGT-1	Mono
TAGTCCCCAGATAAGT-1	CD8T
AGCCAGCTCCACTAGA-1	CD4T
ATTTGTCAGTACAGTA-1	CD4T
ACAAGCTAGTGATAAC-1	Mono
TTCATCAGTGATGTGG-1	Mono
CCACAGGCATTTGGTG-1	DC
TCGTTCGCAATGCACT-1	CD4T
ACTTTCAAGCCTGTAT-1	CD4T
CCTCCCTAGGTACTCT-1	otherT
ATGTCTTTCGCACCGA-1	CD4T
CTTGAAGGTGTGCTTA-1	otherT
ACAAGCTAGCCTATAC-1	CD4T
GGAACCCAGAGCTCCC-1	Mono
CTAGGATTCGACTGGC-1	Mono
GGGTGTCGTATCCCTC-1	CD4T
CGGACCATCAAAGTAG-1	CD4T
GAGATTCGTGCCCTAG-1	otherT
CACAACATCTTGTACT-1	B
GTCACCTCAACAAACA-1	CD4T
TGCATGAAGGGTCTGA-1	otherT
TAGGAGGGTGTGACCC-1	Mono
AACGAGGGTGATGTGG-1	B
AGCTATGCATGCTATG-1	CD4T
GTCACCTCATTTGGTG-1	Mono
GTGTGATCAAGCAGGT-1	Mono
GAATCTGTCTCCCTTT-1	CD4T
GATGGCCCATCGCTAA-1	CD4T
GCTCGAGGTGAGCTAG-1	CD8T
GCGCATGTCTTGGCCT-1	Mono
CCGAAGCAGTACGCGA-1	CD4T
CAAGCTAAGGCTCAGA-1	otherT
TTGCGGGAGAATGCTA-1	Mono
AAACGAATCGCTAGTA-1	otherT
CTTAATCCAGAACAGC-1	CD8T
ACTAACGAGTAGGAAG-1	otherT
TGTGGCGAGAGGAACA-1	Mono
CAAAGCTGTGCAAGCA-1	CD8T
TGCTTTAGTCAGCTTA-1	CD8T
TAACAGCTCGTTTGAG-1	Mono
CTTCCAGGTTCTACGA-1	CD8T
GTCACGGTCAGCACTA-1	CD4T
GAGCGCTGTTCACGTA-1	CD8T
TCAGTTTGTCTAAAGA-1	otherT
CCATACCGTATCCTTT-1	CD4T
CTAGGGCCAAATTCCG-1	CD4T
CACTAAGTCGGTCTCT-1	B
GAGCGCTTCGATGCAT-1	CD4T
TCAAAGCAGGGAAATG-1	CD8T
ACATGCAGTATGAAGT-1	B
ATCCAGAAGAACCATA-1	B
GCGATTATCTGAGTAC-1	Mono
CCCACATCAAAGAAGG-1	CD8T
TCCAGAAAGTGCTAGG-1	B
CCCTGATCATTCACGA-1	B
TTCATCATCCTCCCAA-1	otherT
CTGTATTAGATATGAC-1	Mono
GTAATCGTCTTATCAC-1	CD4T
TTGCACCCAAGGGTAC-1	CD4T
ATATTCCTCCTTACGC-1	otherT
ACTGCAAGTCCAAGAG-1	Mono
TCACTCGAGTGAACCG-1	CD8T
TAGCGGCGTTTCGATG-1	Mono
CCAGATAAGAAGCCTG-1	Mono
TCAATTCCAAGGAAGA-1	Mono
CAGCCTTGTTCCCGGA-1	CD8T
TCGGGACCAGGACTGA-1	CD4T
AACCTTTGTATGAAGT-1	CD8T
AAACTGCGTTCTTTGT-1	CD4T
TCTCTGGAGGAAACTT-1	DC
TGGCGCACAACACGGA-1	CD8T
GAAACAATCGAGTTAC-1	CD8T
AGCTATGCACTCAAGT-1	CD8T
GAAAGTATCGTGAGTT-1	Mono
ACAAACCGTCGTAGTT-1	B
AGGCCCAAGGTTAACA-1	CD8T
GACCAATCACAGAAGC-1	CD4T
GGAGGATGTACAAATG-1	CD4T
CGCTGGATCCTTTGCG-1	B
GCAGCCAGTGTTAGAA-1	CD4T
ATAGGCTTCGTCAACA-1	Mono
GATTAGCCAAACAGTA-1	CD4T
AACCGATAGTCTGTGT-1	NK
TCCATCGGTGTTAGAA-1	CD8T
GGGACCTGTTCCCGGA-1	CD4T
TAAGTGCGTGTGACCC-1	Mono
ATCGAGTTCTTCCACG-1	CD4T
CATTCATCATAAAGTG-1	CD4T
CAGGATTCATAGAATG-1	Mono
GTCTACCAGTCTCGAT-1	Mono
TTGTTCAGTTAGCTCA-1	B
TTTGTGTCACAATAAG-1	CD8T
ACCATCCCAAACCGAG-1	Mono
CCTAAAGAGACACAAT-1	CD4T
GTTACTTCAGTAAGAT-1	Mono
ACCGGGTAGCAGGACT-1	Mono
ACAAACCAGGGTCCCT-1	otherT
TTCTGTAAGTATACGA-1	B
ATGTACGCAGGCTACC-1	otherT
CACTAAGCAGATTTGC-1	Mono
ACTGCGGTCAGTCAAC-1	CD4T
GCCCGAACACTGGGCT-1	CD4T
GCGAGTCCACAGTTCA-1	B
TCCAGAACAACAAACA-1	DC
TGTACAGGTAACACTC-1	Mono
ACAAGCTGTTTCGATG-1	Mono
CTAGGGCGTATGGGTG-1	Mono
CCATACCAGACGCCCT-1	NK
GCCAGACCATGGCCGT-1	DC
TACAGCACATCCTCGT-1	Mono
TGACTCCGTCACAGTT-1	otherT
CAGTGTATCAGCACTA-1	CD8T
ATGTACGCAGTATACC-1	CD8T
ATATTCCTCTTCCAGC-1	CD4T
TTCGCGTCAAATTCCG-1	CD4T
TGCATGAAGGCAAGCT-1	CD4T
ATCCAGATCAAGGCAG-1	otherT
GCCCGAAAGCACACCC-1	CD4T
GAAGTGGTCGCTTGAA-1	CD4T
CCTGCTAAGTAACTCC-1	B
TGGCAATAGTGAACCG-1	CD8T
TCAGCTCGTACGTAGG-1	Mono
TAAGTGCGTTTCGATG-1	Mono
TTGCAGACATGGCCTG-1	Mono
CTGAATGTCGTTCTAT-1	Mono
GTCACGGTCGGTTCCT-1	Mono
ACTATTCCACTGGGCT-1	CD4T
CTGGGACTCTCTGAGA-1	CD4T
TAGCTTTTCTACCCGT-1	Mono
TACAGCAAGACAGTGC-1	Mono
CCATACCCACATAAAG-1	CD4T
CAAGGCCTCCAGTACA-1	CD8T
TAGCACACAGCTTACA-1	CD4T
CAGCTAAGTCACAGGA-1	CD8T
TTCGGTCGTGGTAAGC-1	Mono
GGGTTATTCTTGTCGC-1	Mono
GAACCTATCCCTAAAG-1	CD4T
CCATACCAGCAACTGG-1	B
CCCTAGTTCGAGAACG-1	B
ACAGAAAAGTTGGAAT-1	otherT
AGCCTGGTCGTGGTAT-1	B
CAAGCTATCCTCCAGT-1	CD4T
ACTACGACAGCGTGAA-1	CD4T
GCGTAGCAGGTTCTCA-1	CD8T
TGCTATTCATTAAGGA-1	NK
CGCTATCAGGAGGCGA-1	CD8T
AAACTCGAGAGTTTGA-1	Mono
CGTGGCAGTACCCATA-1	otherT
GCCATAATCGGTTGTA-1	CD8T
TTGAGCACACAGTAGG-1	B
CACCACTGTACGGATG-1	Mono
ACGTGGCAGGAAACTT-1	CD4T
TTTGGTTCAAGTCTGT-1	CD4T
GCAGCCATCCAGTACA-1	Mono
ACTAGGTGTGAATGTA-1	otherT
GCAGATTCATGGTATC-1	Mono
CTTCCAGCATTCTTTG-1	NK
AGCCTTCGTTAACTCG-1	CD4T
ATTACCTTCTACCCGT-1	CD4T
TTGCCCACAAACCCTA-1	CD8T
CGTAAACTCGCACCGA-1	CD8T
CTCTCGATCGCACCGA-1	Mono
CCCTAACTCATTCATC-1	Mono
TGCTTTATCACCCTTG-1	CD8T
TGGAAGGCAACGTAGG-1	CD8T
TACTCGCGTAGGTAAT-1	CD8T
CTAGGATAGTCTGTGT-1	Mono
CTGGGACTCTTTCGAT-1	Mono
AACATCGTCCGAGGAA-1	Mono
CGTACAAGTCTTAGCA-1	CD4T
TACCTATTCGGTAGGA-1	CD4T
CTGAATGCAACTCGTA-1	CD4T
AGGCGAAGTTCTGATG-1	CD8T
TCGAGCGTCACTGGTA-1	CD8T
GTACTTTGTCTGCACG-1	DC
ATTCGTTCATAGTCCA-1	CD4T
GTCTACCAGGTACATA-1	CD8T
CAGGATTTCTCTGAGA-1	CD8T
ACTGCAAGTATTCGCA-1	CD4T
GCACGGTTCGCATAAC-1	CD8T
ACAAGCTTCTAGCAGT-1	CD4T
GAGCATTTCGTTCTAT-1	Mono
GATTAGCGTGCCAAGA-1	CD4T
TGATGCATCTCTGCAC-1	CD4T
ATGTACGCACCACGAC-1	Mono
TAGCATGTCCAATCCC-1	CD8T
AGTCAACTCGTCAACA-1	CD4T
GATGATCAGGTGTCGA-1	Mono
AAACTGCCATTTAGGC-1	Mono
CCTCCCTAGGAAGGTA-1	CD4T
TGTGGCGTCTTCAGAG-1	Mono
ACATGCACATGTCCCT-1	CD8T
CTCAACCTCGTCAACA-1	CD8T
TCAGTTTTCTGGTACA-1	CD4T
TTGAGCAAGAGGAACA-1	CD8T
TGTACGAAGTATGGGC-1	Mono
TTCTGTATCCGGAAAG-1	NK
GCCCAGAAGATCTAAG-1	B
GACCAATTCGTCTTAT-1	CD4T
ACTAACGCAATAGTGA-1	CD8T
GTGTCAACAGGTGGTA-1	Mono
TCACCTGTCGGATCGC-1	Mono
ACTACGATCGGGTCCA-1	Mono
ATGTCTTTCCGGCTGA-1	CD4T
TTACTCAAGAATCAAC-1	CD8T
CACATGAAGGCAAGGG-1	CD8T
CTCATGCTCTGCGTCT-1	CD4T
AACCAACGTGGACGAT-1	CD4T
GGGTCTGTCGCCCTTA-1	CD8T
CTAGGGCTCGCTTGAA-1	DC
TTGCGAACACGATATC-1	Mono
TAGCGGCTCCAGAGAG-1	Mono
GTAGGAGCATGTCCCT-1	Mono
CGGTGCACAAGGTCGA-1	B
GATGATCCAGGTGGTA-1	CD4T
ACCGGGTCAATGTAAG-1	CD4T
GACTAGTCACCGATCG-1	Mono
TTGGTCCTCGGATAAA-1	DC
CCGTAGGTCCTCAAGA-1	B
TTGCACCTCGGTCCGA-1	Mono
TGGCCTTAGATGTTCC-1	Mono
GAGAACGCAAAGACGC-1	CD4T
TGTACGAGTCTGGTCG-1	NK
AGGCGTCAGGCTCCTG-1	Mono
GCCATAAAGTCGCCTG-1	CD4T
CAAGCTACACCGTTGG-1	Mono
GGAATCTCATCACAGT-1	B
CCCTAACCAAGCACTT-1	CD4T
TGCACCTGTGCCAAGA-1	CD4T
GCAGATTTCGCACCGA-1	CD8T
ACAAACCCATGCGTTA-1	DC
ACTACGAAGAAGACTT-1	Mono
CCATACCTCTAGCAAC-1	CD4T
ATTACTCCAATTGCCA-1	Mono
TGTGGCGGTGGTCGAA-1	CD4T
TGTAGCAGTTCTTTCA-1	CD8T
GGTGCTGGTTCCGCGA-1	CD4T
CAACGTATCCTCCTGA-1	DC
CAGCTAACACTGATAC-1	Mono
GTGCTGGGTGGTAAGC-1	CD4T
AGACAAAAGCGTCTGC-1	CD4T
GGAACCCCACGCTCAG-1	B
TGTGACACAGATACAA-1	CD4T
GGAACCCTCCTCCCAA-1	CD8T
GGTGAAGCAAAGCATA-1	CD4T
ACTGCGGTCTGCTACC-1	CD4T
TTAGGTGTCGTGGAAG-1	CD4T
TTTGGTTCAATTCAGC-1	CD4T
TCTAGTTGTGCAAGCA-1	CD4T
TGTAGCATCTTACGGA-1	Mono
CCAGATACAAACCTAC-1	otherT
ACCGGGTTCGAACCGC-1	Mono
CTCTCGAAGTCAACTC-1	Mono
CAATCCCCATGTATCG-1	DC
GATCGTAGTTTGCCCT-1	Mono
GGAACCCCAGTAGTCT-1	Mono
GACTAGTCAAGCAGGT-1	B
TGCTCACTCCTCCAGT-1	CD8T
TAAACCGTCACGTCAA-1	CD8T
GGGAACAGTTTCGTTT-1	CD8T
TCGGGACCATCGTACA-1	DC
GCTCAGGTCAGTACAC-1	Mono
GGGTTATTCACTACCC-1	CD4T
CTGTTCGCAAAGAAGG-1	DC
TGCTTTAAGTAGAAGG-1	NK
CAGTGTACACACATTG-1	CD4T
GTCTACCTCTCTCAAT-1	CD8T
GTTATTCTCTGGACAT-1	B
CTCCCAAAGTCACACT-1	CD4T
CATGCCTAGGGTATCG-1	Mono
TGCATGAGTCCATTGA-1	CD8T
CCTCCCTCACTCCACT-1	CD4T
GTCTACCGTATCTGCA-1	Mono
TCAGGTATCCAAGTCA-1	CD4T
CCGCATTGTTTGAAGA-1	Mono
AAACGAATCGCAACTA-1	CD4T
ACGTGGCCAGTAACTC-1	otherT
CCTGCTACATAGCAGG-1	Mono
GCGATTAGTTCGGGAA-1	CD4T
CGTGGCACATGGCCCA-1	CD4T
TACATGGAGTTCAAGA-1	CD4T
CATGCCTTCCATAGGT-1	CD4T
TTATGTCTCCGGAAAG-1	CD4T
TGGACATTCCGTTAGA-1	CD4T
GTTACTTTCTTATCAC-1	CD8T
ACTTTCAAGTCAGGAC-1	Mono
CTAACTTGTTTGTGAC-1	Mono
TAACTTCCAACTGCGC-1	CD4T
AGATAGAGTCTCTAAG-1	CD4T
GTGTGATGTAACATAG-1	CD8T
AAGATAGCATAGAATG-1	CD4T
ACAGGCCTCAAGAGAT-1	CD4T
CTTGAAGAGTCGTACT-1	DC
CGAGTTATCACGTCAA-1	NK
GTCACGGCATCGTACA-1	CD4T
AAACTCGTCCCAATGA-1	CD8T
TTGCTTATCTTCGTTA-1	otherT
CTCTCAGGTCTCAAAC-1	Mono
AAGGAGCCAGACCTGC-1	Mono
TGTTAGGAGTCCAGAG-1	CD8T
TTTGGCCTCTCTTCCT-1	CD4T
ATGTCTTGTGCATTGT-1	CD8T
CTCACCACAAGCGGTA-1	otherT
ATCGAGTGTTTGTACG-1	Mono
GGAACTTAGTACTCTG-1	Mono
TCAATTCCATCCTCGT-1	B
TTAGGTGCACCTCGTT-1	Mono
CCTTGCACATGGGACA-1	CD8T
CTTTGCGGTTTCCACC-1	B
CCAGAATAGACCAATA-1	CD4T
TCAGCTCAGAAATACC-1	Mono
CCCACATGTTTCACCC-1	CD4T
CGTGGCAAGATCGCCC-1	Mono
TACAGCAGTTTGTGAC-1	otherT
CCCACATTCTCTTCTC-1	Mono
TAGCTTTGTACCCACG-1	CD4T
AATACGCGTGGCGCTT-1	CD4T
TGACTCCTCACGTCAA-1	CD4T
TGTAGCAAGTCTAGAA-1	CD4T
ACTTCCGGTAGGGTCA-1	B
TCCAGAATCCGTTAGA-1	CD4T
GCGATCGGTAGAAGCC-1	Mono
CATTGGAGTAACAATG-1	CD8T
CCGTACTTCAACTTGG-1	Mono
AGCTGATCATTCTTTG-1	CD4T
GGGAACAGTAATGCCT-1	Mono
CAGTGCGGTAAAGCTA-1	CD4T
TGTTAGGAGTCTAGAA-1	CD4T
TCAAGGTTCCTGAAAC-1	CD8T
CTTAATCCAAACTACC-1	otherT
GGACACCTCGTTGTAG-1	CD8T
GCTCACTTCAGTGTGT-1	CD8T
GATTAGCGTCAGTGTT-1	Mono
ACAGCGCCAGGCACAA-1	Mono
AAGGAGCAGAGCTCCC-1	Mono
CAGCTAAGTCTCAAAC-1	DC
AGGCCTGGTTGCTTGA-1	CD4T
TGTTAGGTCTATATCC-1	Mono
GAACTTGGTGGATTTC-1	NK
AATGTCGCACAAACGG-1	CD8T
GAGGTCCGTCTCTAAG-1	CD8T
AAGGAGCAGAACTCCT-1	Mono
GTACTTTTCCGAATTG-1	CD8T
CGAGTTACATCAACTG-1	Mono
AGTTACGTCGTCAACA-1	CD8T
CATGTTTGTGTCTACA-1	DC
GACTAGTTCCCATAGA-1	CD4T
TGCGTAAAGTGTCGGA-1	CD8T
TGTACAGAGTGATAAC-1	Mono
ATTACTCTCCACCTAC-1	CD8T
CAGCCTTTCATGAACC-1	Mono
TAGGTGTTCTCTGACC-1	Mono
TAATTCCGTCAGAAGC-1	NK
CTGAATGCACCTACCT-1	CD4T
GCCATAATCACTTACT-1	otherT
TGACAACGTATACGCT-1	CD8T
TGGCGCAGTCATTGGT-1	B
CACTAAGCAAATGTCC-1	CD8T
ATTGTCTCACTAGGAG-1	CD4T
GCACCTTCAAGTTGCT-1	CD8T
TACCTATGTCTAACCA-1	Mono
TGTGGCGGTAAGCCTT-1	DC
ATCCTGCTCCTAAAGC-1	CD8T
TACATTCAGCAATGTA-1	CD8T
CGCAGGTCAACGTCGC-1	Mono
TTACTTGGTTAGAGAT-1	Mono
GTGTCAATCATCGCCT-1	CD8T
TTACGGAAGTGGGACT-1	B
CATGCCTAGAACTCCT-1	CD4T
CACATGATCAGTCTTT-1	CD4T
AGTGCGCGTCTCAAAC-1	Mono
AACCTTTGTGCGTTTA-1	CD8T
TTGCTTATCCGTGCGA-1	CD8T
GCTCCTACAAGCAACG-1	CD8T
TGATTTCTCAAAGTAG-1	otherT
ATTGTGGTCACCCTTG-1	CD8T
CAGTATGTCGTCCCAT-1	Mono
GATCGTACATGGAGGT-1	NK
GCCTACTCAGACTAAA-1	CD8T
ATTTGTCAGAACCATA-1	CD8T
GCTCAGGCATTCACGA-1	otherT
TCAATTCCAGGTTATC-1	Mono
GTGTCAATCACCCGGA-1	CD8T
CGAGTTACACGTTACA-1	CD8T
CCACAGGCACATTGCA-1	DC
AAGGTTCGTTTGATCG-1	DC
CTTCTAACAACTCGTA-1	CD4T
TTGGTCCTCAGTTGAC-1	B
CGCAATATCAAACCAC-1	CD4T
TGTACAGAGCATTGGG-1	CD8T
TCAGGTACATCAACTG-1	Mono
TGGAAGGCAACTCGAT-1	Mono
CGCAATATCGCTTGAA-1	Mono
TCAGCTCGTGCACCCA-1	otherT
CCGAAGCGTTCTTTCA-1	Mono
ACAGCGCTCAAATGGA-1	otherT
ACTACCCAGGAGGCGA-1	CD4T
TTGAGCATCTTACCTA-1	CD4T
GTTATGGGTGTTTCTT-1	CD8T
TGATCAGTCCTGGAAT-1	CD4T
TTATGTCCAACTCAAC-1	otherT
AATGGCTTCCCTAAAG-1	CD8T
CCATACCCACTAGGAG-1	CD4T
GGTACCGTCCCAATAG-1	CD4T
CGTGGCACAAATTGAG-1	otherT
TTGCGGGTCTCAGATG-1	CD8T
GCATTGATCGGATGTT-1	CD4T
GTGTCAACATCCCTCA-1	CD8T
ACGTTAGGTCAACGGA-1	CD8T
GTAGTACGTCTGTTGA-1	CD8T
AGTGCGCCAACTCGTA-1	CD8T
ACGTTAGTCCCGGGTA-1	B
CCCTAGTGTGGTGGTA-1	DC
TGCGTAATCGGTTGTA-1	Mono
CCTTGGTCAGTTAAAG-1	CD4T
TCACCTGGTTGAATAG-1	CD4T
TACCTATTCCTTTGCG-1	Mono
TCGCAGGGTAGATGAT-1	CD4T
CTCAGAAAGCTCCGGT-1	CD4T
GTGATCAGTCATTGCA-1	otherT
CTCACCATCGTTCAGA-1	CD8T
AGATTCGTCTAGTCGA-1	CD8T
GATTAGCAGTATGGGC-1	DC
GTAGTACCAAATAGTG-1	CD4T
TGGGTTAAGTGCTGAG-1	CD4T
TCACCACTCGAGGTAG-1	CD4T
AGTCAACAGTACAGAT-1	DC
AACTGGTGTAAGCCTT-1	CD4T
CAACGGCCATGGCCCA-1	NK
TCCATCGGTTACGCTA-1	DC
GGGCCATTCGCAACTA-1	otherT
GACTAACCATTGATGC-1	DC
AGCGTATCACCCTTAC-1	CD4T
TAACGGTTCGCATAAC-1	CD4T
TCTATTGGTTCGGGAA-1	CD4T
TATCTGTCACAGTAGG-1	DC
CTCAACCAGATGCGCA-1	CD4T
CCAATGAGTAAAGCTA-1	CD8T
CCCTCTCCATTGTTCT-1	CD8T
ATAGGCTTCTGGAAGG-1	NK
GCTGTTCCATGGTAAA-1	CD4T
TCGAGCGAGATGCGCA-1	Mono
TTGTCTATCACCGCGA-1	CD4T
CTCCCAAGTTGCTTGA-1	DC
CTACAGATCAGATACC-1	CD4T
CAAGCTACAACGCAAG-1	NK
CATGTTTGTTAACTCG-1	Mono
TGCATTTGTCTCTGGG-1	CD4T
AAACTCGCAATGCCAT-1	DC
GGATGAGTCGGCAATT-1	CD4T
GGTACCGTCAGTCACA-1	CD8T
CTAGCGGGTTTAAGCC-1	Mono
CGTAAACGTTAGGAAT-1	B
ACAATCGCAGGTAACG-1	CD4T
TGGCGCATCACTAGCA-1	CD4T
TGATTTCGTTACGCTA-1	CD4T
GGGCCATCATTTGTTC-1	B
TCAGGTAGTGCATCAT-1	Mono
TGCTCGTAGTACAGAT-1	otherT
GCTCACTGTTCTGAGT-1	CD4T
TTAGGTGAGAATCAGT-1	Mono
AAACTCGCACGTTAGT-1	CD4T
CTGTTCGGTTAGGCTT-1	Mono
CTTTGCGGTGCTTACA-1	CD4T
CGTTCCAAGATGGCAC-1	DC
TGCTATTCAATTAGGA-1	CD8T
GACCCAGTCTTGTCGC-1	CD8T
ATTCGTTCAATGCATC-1	Mono
CCCGTTAAGTGCAACG-1	CD8T
GTTACGAGTTGCAGAG-1	Mono
ACAATCGAGTGAACCG-1	CD8T
AACAGTCGTTAGAGAT-1	CD4T
GTGTGATGTTTGCGAT-1	Mono
TGGTCAATCGCCACTT-1	Mono
TCAGGGCTCCGTCAAA-1	Mono
ATTGTGGCAATTGCCA-1	CD8T
TTCATTGTCGCACCGA-1	CD4T
GGTCATAGTGATGCGA-1	CD4T
CCGAAGCAGTAATGTG-1	CD8T
GGTGCTGGTCTGATTG-1	CD4T
TCAGTTTCACGCTAAT-1	CD8T
GCACGCAGTTAACCGT-1	Mono
ATCGAGTAGTCCGGAA-1	Mono
CGTAAACCATTAAGGA-1	CD4T
GCTCAGGGTCTGTGTA-1	CD8T
TCGTTCGCACACATGT-1	CD8T
TTAGCGACAATTCTCT-1	CD4T
TATCTGTTCTTCAGAG-1	CD4T
TGCATTTTCCGAGGAA-1	B
TACCCTGGTCATCAAC-1	CD8T
CCTAAAGGTACAAGCG-1	CD4T
GGTGTCGTCTCATCCG-1	otherT
TTTGTGTAGTAATGTG-1	otherT
CCCTAGTTCGAGTGTT-1	CD4T
TTTGCGCAGCCATGGA-1	otherT
TGCACCTCAAACCTAC-1	NK
TGTAAGCCATCGGCCA-1	CD4T
CACCACTCAGCAACCC-1	CD8T
CATTCCGAGTCCCGCA-1	Mono
GCTTGCTTCTTACTCA-1	CD8T
GCCAGCACAAGATTAG-1	NK
TGGTCCTGTATGGATA-1	otherT
CTCATGCAGGGTGTTG-1	CD4T
ACCTGCTTCCATATCT-1	Mono
GCGGGTTAGCAGAATT-1	Mono
TAGGTCACATGGGACA-1	CD4T
CCTGCTACATTTGGCA-1	CD8T
GAAACAAGTGCACCCA-1	B
GAGCGCTTCCTCTCTT-1	CD8T
TTACCCGAGGTTCTCA-1	Mono
CTGTATTTCGTTTGAG-1	Mono
CAAAGCTTCCAGTACA-1	Mono
TCGTTCGGTCAATCCA-1	B
GAAAGTATCACCCGGA-1	NK
TGAGTCAGTGAATGTA-1	CD4T
CTAGGATAGACGTCAG-1	B
ACTCGGGAGAGAATTC-1	Mono
TTCGATTCACTGTTAG-1	B
GCAACCGGTTTGATCG-1	Mono
AACTGGTTCCCGTAGG-1	DC
AAAGGATCACAGATGG-1	Mono
TTGTTCAGTAGGTAAT-1	CD8T
CGATGATCAATGCACT-1	B
TTACTTGCAGGAGCAT-1	Mono
CGCTATCCATGGAGGT-1	Mono
CGCGCAACATGATCGT-1	Mono
CAACGTATCTAGCTGA-1	CD4T
GAGAACGGTGGATTCT-1	DC
TAGTCCCGTTACCCAA-1	CD8T
TATCGAGCAACTCAAC-1	CD8T
TCAATTCTCGGTACTA-1	Mono
GCGCCAACAAGCAATA-1	CD8T
GGAACTTCATGCGCTG-1	Mono
GTGCACGAGCATACCT-1	Mono
CAGTGTACACAGCCAC-1	Mono
GGTCATAAGGCTCAGA-1	CD4T
TACGCAACACTGTTAG-1	CD8T
TACATGGGTCAAACAA-1	otherT
CAGTGCGCAACGGGTA-1	CD4T
AGCCTGGGTAAAGCTA-1	CD4T
GCTTAAGAGAACTAAC-1	CD8T
TGCACCTCATCCATAG-1	Mono
GTACTTTCAAGACACG-1	Mono
GATCATGTCACTAGGT-1	CD8T
CTCACCAAGACTTGAA-1	otherT
TCGATTTGTACGTAAA-1	CD4T
GCGGGTTTCTCTGAGA-1	DC
CTAGCGGAGATATGAC-1	Mono
ATGTCTTCATTACTTC-1	Mono
GTTACTTGTACCCACG-1	CD8T
CAATCCCTCTATTTCG-1	Mono
GCGAGAAAGTCGCCTG-1	CD4T
TTGACGAAGTGTCACT-1	Mono
CACTAAGCAGTAGGCA-1	CD4T
AGTTTGGTCGCAGATT-1	CD4T
GAATCTGCATGGGTGA-1	CD4T
AGTTTGGCATGCGTTA-1	CD8T
CACTGAAAGGGCATTG-1	CD4T
CTCTCGACAAGGTTCT-1	Mono
GCACCTTGTGCCCAGT-1	CD8T
TACGCCTCATTACCTT-1	CD4T
CGAGTTAAGTGAAGGA-1	CD4T
TCAAAGCGTCAACGGA-1	DC
TGCACCTTCGCTCGGA-1	NK
GAAGTCTTCTGTGTGA-1	CD4T
ACCATCCAGGTCGGTA-1	CD4T
ACAAAGAAGTCTCTAG-1	CD8T
CAGGGCTAGAAAGCAG-1	Mono
ATTCGTTTCTGGAAGG-1	CD8T
ACGGATTCATCATGTG-1	DC
CAACCAACACTCAAGT-1	CD8T
CAGGGCTCACTCAAGT-1	otherT
CCAATGACAAGGCTTT-1	Mono
ACAAGCTCAGCGTGAA-1	CD4T
CCGAAGCGTCATTGGT-1	Mono
CGTAAACAGGCATGCA-1	CD4T
GGTGTCGGTCATTGCA-1	CD4T
TGTGGCGTCTCTATCA-1	CD8T
CAGTATGTCACAGGGA-1	CD4T
TCGCCTAGTATATGGA-1	CD8T
CGCAATAGTTCCATCC-1	Mono
GGGCCATAGTCAACTC-1	CD4T
GCGATTAGTCTCTAAG-1	CD8T
TAGGTCAGTACCAAGG-1	otherT
TCGCAGGAGCGAGAAA-1	CD4T
GAGACTTAGAAAGCAG-1	CD4T
ATGTCTTAGACCGCAA-1	CD8T
TACGCAAGTTGGCTTA-1	CD4T
AGGCGTCTCACTAGCA-1	CD8T
ACCTGCTCAAGGATGC-1	Mono
TAATTCCCAAAGCTGG-1	DC
AACAGTCAGGCCAGTA-1	CD4T
TAACTTCAGTCGCCTG-1	Mono
GCGAGAATCCCTAAAG-1	CD8T
ATTTGTCCACGTGAAG-1	CD4T
ACGTGGCTCCCAATAG-1	B
GCTTAAGAGAAGAGTG-1	Mono
TGACAACGTGCATCAT-1	CD4T
TACATGGAGGACCGAT-1	B
TAAACCGTCCATCTAT-1	otherT
TAGCACATCTGATCTT-1	CD4T
GCCCAGAAGTCGATAA-1	Mono
AACGTACCATCGCTAA-1	CD4T
ATGGATCAGTCGTGAG-1	CD4T
TGTAGCATCCACACCT-1	CD8T
TAACTTCAGAGTGGAA-1	DC
GCCTACTCAGCTTACA-1	CD4T
GGGTGTCGTGAGTCGA-1	Mono
TAGCATGCAAGCGGTA-1	CD4T
CTCTACGTCAGTTGAC-1	Mono
CAAGCTACATGCGACC-1	CD4T
ACATGCACACTGCTTC-1	Mono
GATCATGAGTAACATG-1	CD4T
GTTCAAGTCTGAGTCA-1	Mono
CTCATGCTCTCTTAAC-1	otherT
CACAGATCATCATCGA-1	DC
GTGTCAACAGATTTGC-1	CD4T
ATGGATCTCCAACCTC-1	CD4T
TTTGAGGGTATTCACG-1	Mono
TTCAACTAGTAGACCG-1	B
GGATGAGTCTTAAGCG-1	NK
CGCTAGGAGTAACACA-1	CD8T
CTCACCAGTCATAAGA-1	CD4T
GTCACGGAGCCATTCA-1	CD8T
AGTGTACCATCATCGA-1	Mono
TTCGCGTTCCAGAGAG-1	CD4T
TTTGAGGGTTATAGAG-1	Mono
GGTGAAGAGAAGCCGT-1	CD4T
TGCTCACAGTCGAGCA-1	B
GTCACTCTCCTCATTA-1	CD8T
TCAGGGCGTAGAACGC-1	CD8T
AACAGTCTCGATCTTT-1	Mono
GGTGTCGTCGTGGAAG-1	CD8T
CCTCCCTAGTAGACCG-1	DC
AAATGAGAGAGGTCCA-1	CD8T
CTCTCAGTCCTCAAGA-1	CD8T
GGCGAAAGTCACAGGA-1	CD8T
GACCGACTCTATCTAC-1	B
GGTGTCGCATTGAACC-1	CD4T
GAGAACGCAGAAAGAG-1	B
AGGCCCATCTCTGCGT-1	otherT
GTTCAAGTCCATAGGT-1	CD4T
TCACCACCAGGCACAA-1	otherT
CATGCCTCAGGGTACA-1	CD4T
CCTCCCTGTAGCAGCA-1	Mono
GGAGTAGCAAGTGGCA-1	B
AGGCGAATCGCCTTAC-1	CD4T
CTCTACGTCAAATGGA-1	CD8T
CTCATGCAGGTAGGAA-1	B
TGGCGCACAAGGTCGA-1	B
CTAGGATTCTAGCTGA-1	CD4T
GTAATCGGTCAACGGA-1	CD8T
CTCGCTAAGTTCAACC-1	CD8T
TTCATTGGTAACACTC-1	CD8T
AAGGAGCGTTTGTAGC-1	CD8T
TAGCCGGGTCAACAGG-1	CD4T
ATGCATGTCTACTTTG-1	Mono
CTCTCGAAGTGTCACT-1	Mono
CGTGGCACATGGAGGT-1	CD4T
TACCCTGCAGCACATT-1	Mono
TGACAACAGAGAAGCA-1	CD8T
TCAGTTTTCGGGAAAC-1	DC
CCAGATAGTTTCCACC-1	DC
ACCGGGTTCGTGGAAG-1	CD4T
GTGTGATCAGGGCTTC-1	Mono
GGAACCCTCCATAACG-1	CD8T
TAACTTCGTCAGAGTG-1	CD8T
GTGATCAAGTACAGAT-1	CD8T
TGCCTCATCGAGCGCT-1	Mono
GCCAGACCAGTAACCT-1	otherT
TTCTAACCACAGAAGC-1	CD4T
CATTCATGTGGACTGA-1	CD8T
AGATTCGAGTACGCGA-1	CD8T
CGCTATCAGTGAACCG-1	CD4T
CTTCTAATCTGGAAGG-1	Mono
TTACTTGGTCATGAGG-1	CD8T
GTAGGAGGTATCCTTT-1	CD4T
GCTCCTACAGTATACC-1	NK
ACAAGCTTCGATAGGG-1	CD4T
CTTGTCGTCGTGAACT-1	CD4T
TGGTCCTAGTGTCACT-1	otherT
CTAGGATGTATACGCT-1	CD4T
TCACAAGGTTAGGCTT-1	Mono
TAGGAGGAGATCTCAC-1	Mono
CTACTTACAGAACGAC-1	Mono
CAAAGCTCACACATTG-1	otherT
GTCCATCCAGCGCGTT-1	otherT
ACAGACTCATTAGCCA-1	otherT
TGTAGCACACCGAAAG-1	B
TTACTTGCAAGCCAGA-1	CD4T
CTTGAAGGTACGTAGG-1	CD4T
TTTGAGGTCCTGTGGG-1	B
GTCACAAGTAGGTAAT-1	CD8T
TTGCTATAGGGTAATT-1	Mono
ACTGTCCAGAACCCGA-1	CD8T
GCGGTGTTCACAGGGA-1	CD4T
GAGGCTCTCAGCACTA-1	CD8T
TCAGGGCAGTGAGTTA-1	CD4T
TGATTTCGTATTCGAC-1	Mono
AGCGTATCACAGTTAC-1	CD8T
ACTACGAGTTCTACCC-1	CD8T
AGCGTATTCGACTTAG-1	Mono
TAATCGGCATCCTGGG-1	Mono
ACAAGCTCAGGATGTG-1	CD8T
AACAAAGTCTCTCAAT-1	CD4T
CACCTTGCACGTTAGT-1	NK
GACTAACGTGACCAGA-1	CD8T
TGCATTTAGAGAGTAG-1	CD4T
TAATCGGAGCATACCT-1	CD8T
AGCCTTCGTCAACGGA-1	CD8T
TTCATTGGTCCGCTTT-1	Mono
GTAATCGCAAAGCATA-1	CD8T
CCTATTATCTTCATAC-1	B
CATTGGATCGTGCTTC-1	Mono
TTGCCCATCTATGAGC-1	Mono
ATTTGTCAGATACCAA-1	Mono
TGTGTCCAGGTAGGAA-1	NK
CGTGGCACACATAAAG-1	CD8T
AACCTTTAGAAGCCTG-1	CD8T
GCTTAAGGTATCTCAG-1	CD4T
TGCTTTACACGCGACT-1	Mono
TACTAGGAGTTCTCCC-1	Mono
GGGACCTCACATGATC-1	Mono
GTCACGGTCTCTATTG-1	CD4T
TAACAGCTCTTTCGAT-1	Mono
ACTACGACATCCTCGT-1	Mono
CATTCCGGTTCACGTA-1	CD4T
GGGTGTCTCCTCATTA-1	CD8T
ACCATCCCACTGCTTC-1	Mono
CTCATGCGTGATGTGG-1	Mono
TAACTTCTCTTTATCG-1	CD8T
ACCGCAGAGCGGACAT-1	Mono
TTACTTGAGTGAAACT-1	CD4T
ACTTCCGTCCTCTCTT-1	B
TACGCCTGTGCATTCA-1	CD8T
TGTAAGCAGTGTCGGA-1	CD4T
AGCCCGAAGCCATGGA-1	CD8T
TCTAGTTGTAATGTGA-1	CD8T
ACTACCCCACGCTCAG-1	NK
GCGTAGCTCAACACGT-1	B
GCGCATGTCGTTCAGA-1	Mono
GGTAGGAGTTGGACGA-1	B
ACAAACCGTTCCGCGA-1	CD8T
CAGCCTTGTGTCCTTC-1	Mono
GAGGTCCAGAACCATA-1	CD4T
TCACCACCAGCAACAG-1	CD4T
ACAGACTAGTGAACCG-1	CD4T
TCCAGAACACCTCGTT-1	CD4T
GATCATGAGGGACGTT-1	Mono
AGGACGAGTGAGTTGG-1	Mono
AGTGTACTCAAACCCA-1	otherT
GCAGCCAGTTGCTTGA-1	CD4T
TGTTAGGCACCACCAG-1	B
GGTGTCGGTCATCAAC-1	CD8T
TACGCAATCAGGTCTA-1	CD4T
TACTCGCAGTATGGGC-1	Mono
ACTATTCAGCATTGGG-1	CD8T
TAACGGTTCCCGTAGG-1	CD8T
TCTCTGGCAAATAGTG-1	CD4T
CCACAGGTCCTCAAGA-1	CD4T
CGTACAAGTCTAAGAA-1	B
GCCTACTTCCAACCTC-1	Mono
CCTTAATTCCATACGA-1	CD8T
TGTTAGGGTAGATTAG-1	CD4T
AACGAGGAGGTACACG-1	CD4T
CCTTGCAAGTAGACCG-1	Mono
TAGCTTTGTTGGAGGT-1	CD4T
ATCCTGCTCAAACCAC-1	Mono
ATAGGCTCAAGCACTT-1	B
CGGACCAAGGCACCTC-1	B
TGTACAGCACATAAAG-1	CD4T
TGGAAGGCAGCAACAG-1	CD8T
CATTCATGTCAAGACG-1	Mono
CTCTAGCAGTGGTGTG-1	Mono
CATTGGATCGCTACCT-1	B
GCGCATGTCATCGCCT-1	B
TGTGACACAATTCTCT-1	CD8T
AGATTCGAGCTACGTT-1	B
CTAGCGGGTAAGCCGA-1	B
GTTACTTAGATGTTGA-1	B
TGCTCACGTTTCCACC-1	otherT
TAAACCGTCCTAAGTG-1	CD8T
TTCATTGCACTCGCAG-1	CD8T
CCTCCCTCATATAGAG-1	otherT
TTCGCGTTCCGGAAAG-1	Mono
CTGCTCATCGGTTCCT-1	Mono
AACATCGAGGATCCTT-1	Mono
GATGATCTCCAGGCCA-1	Mono
TTGAGCACAGTGGTCC-1	CD8T
ACAGGCCAGGCATGCA-1	B
TTCAACTCAACAACTC-1	CD4T
TACCCTGCATATAGAG-1	CD4T
TTAGCTTTCACTGATG-1	CD8T
ACCAAACGTGCAGACA-1	CD4T
GCACCTTTCGGATGTT-1	CD8T
TAAACCGCATCACAAC-1	CD8T
CGCACAGCAGTTAAAG-1	DC
GGGAACAGTAGATTAG-1	CD8T
AACCAACTCCGCTCTA-1	CD8T
GACCCAGTCATTCGGA-1	CD8T
CTGAATGGTGTGCTTA-1	CD4T
CATTCATCACCACAGC-1	Mono
TCAGGTACATCGACCG-1	Mono
GTAGGAGAGAGTAAGG-1	CD4T
GGAACTTCATTGCACA-1	CD4T
GTAGGAGCAACGGGTA-1	NK
ATGTTTCTCTAGCAAC-1	CD4T
GAAATGATCAAACCAC-1	CD4T
GCATGATTCTATGAGC-1	CD8T
CGCACAGAGGGCGAAG-1	CD4T
TGCTATTAGGTTCGAG-1	B
CACAGATGTTGAATAG-1	CD8T
GTGGCGTGTTCTTAGG-1	Mono
GAAGAGCGTACATGGG-1	CD8T
ATGCATGTCCTGTGGG-1	Mono
GTCGTAAAGTTGGAAT-1	CD8T
CGCTATCTCATGCTTT-1	CD8T
GGGCCATCAGAGCCAA-1	CD8T
CCTAAAGGTTATGCAC-1	Mono
GCTCGAGGTACTTCAG-1	Mono
CTCGCTATCAGTGGTT-1	otherT
TAATCGGGTGCCAAGA-1	B
GTAGGAGGTTTAGGAA-1	Mono
CCGTACTAGGCCAGTA-1	otherT
GATGATCAGTTCAACC-1	B
CGCGCAATCCCTACGT-1	Mono
TGGCCTTCAATGCATC-1	NK
CAGTGCGGTCACAGTT-1	CD8T
CTACTTAGTGCAAGCA-1	CD4T
AATGGCTTCCTCCTGA-1	CD4T
GTGCCAGGTAAACGTA-1	Mono
GATGATCCAGTTGGAG-1	Mono
ACTACGATCCGTACGG-1	CD8T
CCGTACTAGTCTAGAA-1	CD4T
GGCGAAAGTATGGATA-1	CD4T
CCCTAACAGGCCAGTA-1	CD8T
GTGGCGTTCTTCATAC-1	CD8T
CAAAGCTGTTTCACCC-1	CD4T
AGGCGAATCCGGAAAG-1	Mono
TACTCGCAGGGAAGCG-1	CD8T
GACTAACCACGCTAAT-1	NK
CCGTACTCATGACTGT-1	CD8T
TTTGAGGGTCATTGCA-1	CD4T
GCTGAGCAGGCTCAGA-1	Mono
GGAGTAGTCCCATAGA-1	Mono
GTGTCAACACAGCTTA-1	CD8T
GGGTCTGAGTGAGTTA-1	CD4T
TAAACCGCATGCGTTA-1	B
CAATCCCTCCCACTAC-1	CD8T
CACCTTGCAATTCAGC-1	DC
TCACCACCATCATAGC-1	CD8T
AGTGCCGCATTGATGC-1	Mono
TACTAGGGTATCCCTC-1	Mono
ATCCTGCAGGGTATCG-1	CD4T
TTAGCTTGTATTGTCG-1	DC
GTAGACTGTACAAATG-1	CD4T
TGGCGCAGTGAAACAT-1	Mono
TACATTCTCCAGGTAT-1	CD8T
GTTGGTAGTTTGAAGA-1	CD4T
GTCACCTGTCACCCGA-1	CD4T
TAAGTGCTCACAGGGA-1	CD8T
AGCCTTCAGTGAGTTA-1	CD8T
CCTGCTAAGCGTTAGG-1	CD8T
CGCACAGGTCAGCAAG-1	B
GGCGAAACAAGCCCTG-1	CD8T
GCGGAAACAGCAATGG-1	Mono
ACATGGTCATCGTGAT-1	otherT
CTTAATCGTCATTGCA-1	CD4T
CTACAGATCAACGTGT-1	NK
GGACACCCAAGCAGGT-1	CD4T
CTTGTCGGTGCACATT-1	Mono
GGTCATATCTAGCAAC-1	CD4T
AACCGATTCTTCATAC-1	CD4T
GCCTACTGTTAGCTCA-1	DC
ACATGGTAGTCAACTC-1	otherT
TCACAAGGTGCATTGT-1	other
GGTGCTGGTCCAAGTT-1	Mono
TAACGGTAGCTTACCA-1	CD4T
CATGCCTCAGCAACGA-1	otherT
AGCCGCAGTTCTACGA-1	Mono
AACCAACGTTACGGAG-1	CD4T
GTCCATCCAATGCACT-1	NK
CCCTGATCAACGTACT-1	CD4T
CCAATGATCGGATCGC-1	CD8T
TAGTCCCAGGATTTGA-1	CD8T
ATCCCTGTCAATTGGC-1	Mono
GCTCCTACAGCAACAG-1	CD4T
ATGCATGTCTTAACGG-1	CD4T
TATCGAGTCGTTCTAT-1	B
CACATGACAGTAAGAT-1	CD4T
CGCGCAAGTTCTTTGT-1	CD8T
ACAGACTAGTAATGTG-1	CD8T
CCCTCTCGTCTGGATT-1	Mono
TACGGATCAACACGGA-1	CD4T
ACAATCGGTCGCGCTA-1	CD4T
GCTTGCTCATAGCCAT-1	CD4T
GAACCTAAGAAACGCC-1	CD8T
CAAAGCTCAAGCCAGA-1	otherT
GAAAGTAAGGCAAGCT-1	Mono
TTGTTGTGTTACGAAA-1	B
TGAATCGCACCTACCT-1	CD4T
TCAATTCAGGATTTGA-1	CD4T
TCACAGACATGCGTTA-1	CD4T
TACCTCGAGCGCCTAC-1	CD4T
TCACCTGGTAGATTAG-1	B
TATCTGTTCGCCACTT-1	Mono
GTGTGATTCCAGGTCG-1	CD4T
CCTTAATTCCTCTCTT-1	CD4T
GCAGCCAGTCTCTGGG-1	Mono
TGCACCTGTGCATCAT-1	CD8T
CTGAATGTCAGGGTTT-1	otherT
GATGGCCAGATTCCGT-1	CD4T
CCTCCCTCAGATGGCA-1	Mono
TTGCGAAGTCATGAGG-1	Mono
AACGAGGTCGTTGTTT-1	CD8T
GGTACCGAGTTGTCCA-1	CD4T
CAGTATGTCGCAACTA-1	B
CGCTGGAGTTTAAGGA-1	B
TGCTCGTAGTATGGGC-1	B
CTTCCAGTCAGCACTA-1	B
TCAAGCAAGTATCTGC-1	otherT
AGGCCCATCACATTCT-1	CD8T
GTGATCACAATGCCAT-1	CD4T
GTAATCGGTCGCTACG-1	CD8T
GCCCAGACAGCCACGT-1	Mono
CATTCATCAAGGAACC-1	CD4T
AACTGGTCATTGAACC-1	CD8T
ATTTGTCTCGGCAATT-1	Mono
GAATCTGAGTTCGCGC-1	Mono
GCAGCCAGTTTGTACG-1	Mono
AGCGTGCCATCCGTGG-1	Mono
CGTACAAAGTCGCCTG-1	NK
GAAGTCTCATGGTTTG-1	CD4T
TAGCACACATCCGTAA-1	CD8T
TTTGGTTGTATGGTTC-1	CD8T
GGTGTCGTCCGTTAGA-1	Mono
AACCTTTCATTACACG-1	CD8T
TGACTCCAGAAGAGTG-1	CD4T
GCTCCTAAGAGGAATG-1	CD8T
GTGTGATCAGTATCTG-1	Mono
TCGCCTAGTAAGGTCG-1	otherT
ACATGCACATGGTTTG-1	CD4T
GCGTAGCCAACTAGAA-1	CD8T
GTTCAAGTCCCTACGT-1	CD4T
GCATTCCTCCTCCCAA-1	CD4T
GAAAGTAAGATGGGAA-1	CD8T
AAGGTTCAGTTACACC-1	CD8T
GTGACATGTGGACTGA-1	CD8T
GTTGGGCTCGTCAACA-1	CD4T
AACGAGGAGTTGCTTG-1	CD4T
CCACAGGGTGCATCAT-1	CD4T
CCTTGCACAACTTGGT-1	CD4T
GAATCTGAGCGCATTT-1	CD8T
CCGCATTTCAAGAGGC-1	Mono
CCGAAGCTCGTCTAGA-1	Mono
GATGATCTCTTAACGG-1	Mono
TTTACGTTCGTGAACT-1	CD4T
TTAGCGAAGTTGTCCA-1	CD4T
GATCGTACAAGACTAA-1	CD4T
GGAGAACTCTATCTCA-1	CD4T
ACTACCCTCATCATGG-1	CD8T
AAAGGATGTTATAGAG-1	CD4T
GTTCAAGCAGTCCTGG-1	Mono
TTAACGGTCCGCGATG-1	CD4T
ACCGCAGGTGAAACAT-1	otherT
TAGGAGGGTAGTCTGT-1	Mono
AACTGGTGTGGCGCTT-1	B
AAACTCGCAATGGCTT-1	CD4T
ACTACGAAGAGAAGCA-1	CD4T
GAAGAGCAGGCTCAGA-1	CD8T
GCCAGCATCTTCGTTA-1	CD8T
TGTGGCGCATATAGAG-1	CD8T
AGCCTTCAGGAGTACC-1	Mono
TATCGAGGTACGTAGG-1	CD4T
ACCGCAGGTCTGATTG-1	CD8T
ATCGAGTCAGATAAGT-1	CD4T
TAGCTTTAGATACCAA-1	NK
CAGCCTTTCGAGGCTC-1	Mono
GTGCCAGTCCAGTTAG-1	CD8T
GAAACAACAACTCGAT-1	CD8T
TATTGCTCACAAGGGT-1	B
GGCGTTGAGTACAACA-1	Mono
GCCATAAGTTTCGACA-1	Mono
CAATCCCTCTTACTCA-1	CD8T
GTGCTGGGTGCTTTGA-1	CD4T
TGAATCGGTAGACACG-1	CD4T
GTTACGATCCATTGAG-1	NK
GGAACCCGTAACAATG-1	B
CCTAAAGAGTAACATG-1	CD4T
CTTCCAGAGGTCGTTT-1	CD4T
TCAGTTTTCGTTGTTT-1	CD4T
GAGATTCCATGTAGAA-1	CD4T
TTCAACTTCCAGTACA-1	CD8T
TGACAACTCGCACCGA-1	B
CTCTCGAAGAACAGGA-1	CD8T
CACTAAGAGATGTTCC-1	Mono
ATCCAGAAGGAGGCGA-1	otherT
TGATCAGTCCATCATT-1	CD4T
ACAAGCTTCTTGTCGC-1	DC
ACAGGCCGTGCACTTA-1	Mono
GCAACCGTCCCGGGTA-1	CD4T
ACAATCGGTACCCATA-1	otherT
TAAGCCACAGGATAGC-1	CD4T
GCATTGATCAAGAGGC-1	CD8T
TATTGCTCAAATTGAG-1	otherT
TTCTAACCAGAAAGAG-1	CD4T
AATGGCTTCACAAGCT-1	CD4T
GTCACCTAGTCACACT-1	CD4T
CCTGGGATCCATGACA-1	B
ACATGGTCAGTGCGAA-1	CD8T
AGCCTTCTCCACGCTT-1	CD8T
TGTAAGCAGGATATCA-1	CD4T
GTAGTACGTTTGTACG-1	NK
GCCCAGATCGCGATGC-1	CD8T
CTTCCAGGTATGGATA-1	Mono
TGACTCCGTCTGTCCT-1	CD4T
AGCTGATGTCATGAGG-1	B
TAGCCCTGTATATGGA-1	otherT
TGGCAATTCACCGCGA-1	CD8T
TCAGGTAGTTGGCTTA-1	otherT
TGCGTAACAGCTATAC-1	B
CTGGCAGCAAACCTAC-1	Mono
CTCTACGAGAACGACC-1	CD4T
TCAATTCCACACATGT-1	CD8T
AATGGAAAGTTCGTTG-1	NK
TGGACATTCGATAGGG-1	Mono
CGCGCAAAGGTTCTCA-1	CD8T
CCATACCAGGCTCAGA-1	CD8T
GAGATTCCAGATTTGC-1	Mono
GCTTTCGGTATTCTGG-1	Mono
CAGGATTGTCGATAGG-1	Mono
GGGCCATTCCGCGATG-1	CD4T
CAAGGCCTCGAGCGCT-1	Mono
GCAAAGGAGAGGTACC-1	otherT
CAGTGTATCGGAAAGC-1	CD8T
TTGCGAAAGTATACCC-1	B
CAGGGCTCAACGTAGG-1	Mono
GCGGAAATCGATGTGT-1	Mono
CAAGAAATCATGCTTT-1	B
TGGTCCTCAGCTTACA-1	CD4T
GCACCTTCAAAGAAGG-1	Mono
CCCAGAGGTTCTACCC-1	CD8T
TCAAGACGTTAGCTCA-1	Mono
GGGTCTGAGGTGTTGG-1	Mono
GCCATAAAGTAATGTG-1	CD4T
GTTGGGCGTAAGCCGA-1	CD8T
GTTACTTTCCACTAGA-1	CD4T
AGCTGTAGTGAGTCGA-1	Mono
CTCGCTAGTTAACCAC-1	CD4T
CAATCCCCAAGTCCTA-1	CD8T
TGAGTCAGTTTGTGAC-1	Mono
CTTGTCGGTTCTTATC-1	Mono
AGTCAACCACTCGTGG-1	Mono
ACAGCGCTCACAAGCT-1	CD8T
GTAGTACCAGGTAGCA-1	NK
TTGCGAATCCATTGAG-1	B
AAGATAGCAAGGAAGA-1	CD4T
CGTTCCAAGTACGCGA-1	CD4T
GTTATTCTCGTATAGC-1	Mono
TTCGCGTCACTCGCAG-1	CD4T
AATACGCCAATAGCGG-1	Mono
CCTATTACACTGGGCT-1	CD8T
TAGCACAAGAGCTGTG-1	NK
CAGTGTAAGCGTATCT-1	CD4T
TGGAAGGGTATGGGTG-1	Mono
GCTTGCTCATTGCACA-1	CD8T
TGCTTTAGTTCTTTCA-1	CD8T
TTCGCGTTCGCCTTAC-1	DC
CGCAGGTCAGCAATGG-1	CD8T
AAGGTTCGTCCCTTTG-1	otherT
TTACGGACACTGTTAG-1	CD4T
GGATGAGAGGTCGTTT-1	CD8T
CGGACTGGTTGGACGA-1	CD8T
GTGGCGTCATTCGTCC-1	Mono
AACCAACCAAATTCCG-1	CD8T
CTGTTCGCAATCACTG-1	CD4T
CTCCCAACAAGGTCGA-1	CD4T
GCATGATCAATAGTGA-1	CD4T
TGCTCGTAGAACGTTA-1	Mono
TCAGGTACATCATAGC-1	Mono
TTAGCTTGTAACACTC-1	B
AGACAAAAGCTTTCCC-1	CD8T
ATAGTCGCAAACGTTC-1	CD4T
ACTATTCAGAGCAGCT-1	CD4T
AGGCCCAAGGCAGTGT-1	Mono
AACCGATTCTCGTGAA-1	CD8T
GCTCAGGAGGTTCGTT-1	DC
CAACCAAGTGCGTCCA-1	DC
TAGCCCTGTCCAAGTT-1	Mono
ACGTGGCCATTACTTC-1	CD4T
ACGGATTAGTCTGTGT-1	CD4T
TTCGCGTTCGTTTGAG-1	NK
GTACTTTTCTTTCGAT-1	CD8T
GAACCTATCAGGGTTT-1	CD4T
TTACGTTTCCAGAATC-1	Mono
TTTACGTTCCAGAGAG-1	CD8T
TGTAGCACAGTAAGCG-1	CD8T
CGCTATCGTAGTCCAT-1	Mono
TACATTCTCAACGTGT-1	otherT
TTGCGAACACAGCTTA-1	CD8T
GCGGAAACATTGATGC-1	CD8T
ATATTCCAGAGGCAGG-1	B
CGCTGGATCACAACAC-1	CD8T
ACATGGTAGTGAGTTA-1	B
GACCCAGGTAACGGCA-1	otherT
CTAACTTAGGCAGTAC-1	CD8T
GGAGGATTCGGGTCCA-1	Mono
GCTTTCGTCTAGTCGA-1	NK
CTCTAGCCAAGCCAGA-1	NK
ACTAACGGTCTGCGCA-1	CD4T
CGCGCAAGTGCTGTGC-1	B
TTACCCGAGAGCACTG-1	Mono
TCCATCGGTGAGTTGG-1	Mono
GGGAACATCGTGCTTC-1	Mono
TCAGGTATCGCACCTT-1	CD4T
TCACAAGTCGCTATTT-1	otherT
GCGAGAAGTCCACCAG-1	CD8T
AGTGTACTCCAGGTCG-1	DC
TACAGCAAGATCACCT-1	CD4T
CTTGTCGAGGCCAGTA-1	Mono
GTCTACCAGGACTAGC-1	CD8T
TTACGGACAGTTGGAG-1	CD8T
ATGCATGTCCTGGAAT-1	CD4T
AATGGCTAGTTCGTTG-1	DC
TTCTGTAAGACGCCAA-1	Mono
GTGATCAAGTAACACA-1	otherT
TGTAGCACAATGTAAG-1	CD4T
GGATAGGGTATGGGTG-1	Mono
TACTCGCCAGGGTAAC-1	Mono
AACGGGAGTAGCCATT-1	CD4T
CGGTGCACACTCGGAC-1	Mono
TGTAAGCTCCGCTATC-1	Mono
TGGTCCTCAGAATGCG-1	B
TAACTTCAGACTAATG-1	CD8T
TAGCGGCCACGCTAAT-1	Mono
TGTGACATCGCAAACT-1	CD8T
GAGTGAGTCAAATGGA-1	CD4T
GTTGGTACACACATGT-1	B
CCCTGATGTGAATGTA-1	CD4T
GTCTACCTCCGTGCAG-1	CD4T
TTAGCGACAGTTAAAG-1	CD4T
CGGACTGGTCATAGCT-1	CD8T
CTGCTCACACAGTTCA-1	CD4T
TGTGTCCTCATGTTCT-1	CD4T
TGAATCGGTATGAAGT-1	NK
TCTAGTTCAGCTGATT-1	Mono
GTGACATTCGTCCCTA-1	otherT
GGTACCGGTAAAGCTA-1	NK
ACAATCGGTAGAATAC-1	B
CGCAATAGTATGCTAC-1	B
ACAGGCCTCGCATAAC-1	Mono
CGCTAGGTCATCGCTC-1	CD8T
TGCATTTCAATCAGGG-1	CD8T
TCTAGTTGTAAAGGCC-1	CD4T
GCATTGACAACTAGAA-1	CD8T
CAGTGCGCAGTGGTCC-1	Mono
GACTAGTGTCCACCAG-1	Mono
CTGGGACAGGCACTAG-1	CD8T
CGCACAGGTCCAACCG-1	B
TATTGCTAGGGAAATG-1	CD4T
GGGAACAGTCAGAGTG-1	CD8T
AGACAAATCGCTATTT-1	CD8T
TAACAGCTCTGAGTCA-1	otherT
AGCCCGACAAGTGGCA-1	CD4T
TGCCTCAAGCTCGTTA-1	CD4T
TGCTTTAGTTCCAGTA-1	CD8T
CACCTTGTCTATCTCA-1	B
AAATGCCGTCAATCCA-1	B
TGAGTCAGTGTTAGAA-1	Mono
TTGCTATCACTTACAG-1	CD4T
TATCGAGTCTGGAAGG-1	CD8T
TGGGTTAAGAAATCTG-1	Mono
AAGGAGCGTTTCCTAT-1	CD8T
TTCTAACTCCAAGTCA-1	CD4T
GGAACTTAGGCTTAAA-1	NK
TGATTTCCATGGTATC-1	Mono
TGCTCACGTTAAGGGC-1	Mono
GAGCATTAGACTAGCG-1	otherT
TCCCACAGTCAGAAAT-1	CD8T
CAGGGCTTCGCTACCT-1	CD8T
TGGGTTAGTCATAAGA-1	CD8T
AAATGAGGTTTGAAGA-1	CD8T
ATAGTCGCACAACGGA-1	otherT
GCTCAGGGTATATGGA-1	CD8T
TTCGTTATCTTCACTA-1	CD8T
CCGAAGCTCAAGGCAG-1	CD4T
CTTTGCGGTATGGGTG-1	Mono
AGTTTGGAGGTAGGCT-1	Mono
GGCACGTAGCCTCGCA-1	Mono
TCGTTCGGTCTGTGTA-1	CD8T
GGGTTATGTTGGGAAC-1	Mono
CTTCCAGCAAACTACC-1	CD8T
GAAGTCTCAACAACTC-1	Mono
AGCTATGCAGTTAAAG-1	DC
CTGGCAGTCTTCAGAG-1	Mono
TTCAACTAGTCGTGAG-1	CD4T
CCCTAACTCAATCGTG-1	CD8T
GGTGTCGCACGCTAAT-1	CD8T
TACTAGGTCTGATCTT-1	NK
TAAACCGGTCAACTGT-1	CD8T
GGTAGGATCGCGCCAA-1	Mono
GAAATGAAGTGTGTAA-1	CD4T
ACTGTCCAGGAGAACA-1	Mono
TAGTCCCGTTCAGTAC-1	CD8T
CTTCCAGTCCTGTGGG-1	otherT
ACTATTCAGTGAGCTG-1	CD4T
ACAGCGCTCCAGGTAT-1	otherT
CTAACTTTCGATAGCT-1	CD8T
TCAGCTCGTTAGCTCA-1	CD4T
ACCTGCTTCTTCTCTC-1	Mono
TTCAACTGTACTTGAC-1	CD4T
CGTAAACGTCGATAGG-1	CD4T
AAGATAGAGAGCACTG-1	CD4T
CACTGAAGTCAGAAAT-1	Mono
CGCAATAAGTGAAACT-1	Mono
GAAACAACAATGCACT-1	CD8T
ACAAAGAAGAGCAGCT-1	CD8T
TAGTCCCTCTGGGCGT-1	CD4T
AAGGTTCGTTCCTATT-1	CD8T
ACAGCGCTCTGATCTT-1	CD8T
GTGGATTCAGTAACTC-1	B
GGTGTCGCAGTTGGAG-1	NK
ATGTACGCACATATCG-1	otherT
ACCGGGTCATTCTTTG-1	CD4T
GTGCTGGAGCATACCT-1	Mono
TGGGTGCTCGGTTCCT-1	Mono
GAGGTCCTCGGTTAGT-1	CD8T
AGCGATTAGATCGATA-1	Mono
CAAGCTAGTTCTGAAC-1	Mono
TCAAGGTAGCGTTAGG-1	CD4T
GCAAAGGTCTTCCACG-1	CD4T
TAGGAGGAGTCCCTCT-1	Mono
GTCCATCGTGCGTTTA-1	CD4T
AGGCGTCCAACTTGGT-1	CD4T
TGTAAGCGTTAGGAGC-1	Mono
TTACTCAGTATCACAC-1	CD8T
TTGCACCCAAAGCTTC-1	B
CACAACATCCATTGAG-1	NK
ACTTCCGGTTTGCATG-1	Mono
TTGCGAACACTCGCAG-1	CD4T
GGTCATAAGCGCAATG-1	CD8T
GAGGCTCGTTCAGTTG-1	CD8T
TCCCACATCCATTGTT-1	CD8T
CCGCATTGTTACGCTA-1	CD4T
CACCTTGAGAGAAGCA-1	CD8T
GCATGATGTTGGTAAA-1	B
TGTACAGCAACGGGTA-1	CD8T
AATGGAAAGTTACCAC-1	otherT
CCGTACTCAGTGGTCC-1	otherT
GGGAACATCCTAAAGC-1	other
AATGTCGCACTAGGAG-1	Mono
CGAGTTAGTGAGCTAG-1	CD4T
ATTTGTCCAAATTCCG-1	CD4T
CGGACCAGTATGAAGT-1	otherT
GACCCAGCACTACACA-1	otherT
CCCTAGTGTCATTGCA-1	CD4T
GATGGCCTCAGAATGA-1	CD4T
TTTGAGGAGCCTATAC-1	Mono
ACTCGGGTCAGTACAC-1	CD4T
CGTTCCAAGCATGATA-1	Mono
CCTATTACAAGGATGC-1	CD4T
ATTGTGGAGTCTCTAG-1	CD8T
GTCTACCTCCAGAGAG-1	CD8T
TTACTCACACATCATG-1	Mono
GAGCATTTCTGAACGT-1	CD4T
TTGCTATGTTCCAGTA-1	CD8T
ATATTCCCACTGTTAG-1	CD8T
AACTTGGCACAGGTAG-1	DC
TTCATTGTCCTATCCG-1	Mono
TGACAACTCGTGTGCG-1	CD4T
GCCAGACGTCTGTCCT-1	Mono
GCTTGCTTCGATGAAA-1	CD4T
GCCCAGATCGTTGTTT-1	Mono
TTCGTTAGTGCCCAGT-1	Mono
CGTTCCAAGCTCCATA-1	CD8T
GTCCATCAGCGAGCTA-1	CD8T
AGATAGAAGTGAGTTA-1	CD4T
TTGCACCCATTGAACC-1	CD8T
CACAACAGTCAGAAGC-1	CD8T
CCGTGAGCAGTATACC-1	NK
TCAAGCAAGGATTGCG-1	otherT
ATGTCTTGTGCACCCA-1	DC
ACATGGTTCAATTGGC-1	Mono
GAAGAGCTCCCTATTA-1	NK
GTTATTCTCATTCGGA-1	CD4T
ATTCGTTGTAACCATC-1	Mono
CCGTACTAGTTGAATG-1	CD8T
GCTTGCTAGAGAGGTA-1	CD8T
AGTCAACCAACGTCGC-1	CD4T
CAACGTAGTACTATGC-1	Mono
CTCTACGTCTACTGCC-1	CD8T
TGATCAGAGCGTTAGG-1	CD4T
GCAACCGGTGAGTTGG-1	CD4T
GACCAATCATTAAGGA-1	CD4T
TTGGTCCTCTATCCTA-1	CD8T
ATTTGTCGTTCTTATC-1	Mono
TACGGATCACCGAAAG-1	CD8T
TGCTCGTTCCAGGTAT-1	CD4T
CGGACCAAGCTCGGCT-1	B
TTGCTTAAGGGCTTCC-1	Mono
AAAGGATCAAGACTAA-1	Mono
TGGACATCAGCAGGTA-1	NK
GTAGTACCAGTAACGG-1	Mono
ATTGTGGCAAGAAACT-1	Mono
TACATGGCACGGCCAT-1	CD4T
CTGCTCACAAGTCCTA-1	CD8T
GTGTGATCAGATAAGT-1	CD8T
TGCTTCGGTGCACCCA-1	otherT
TGACTCCCAAGCAATA-1	CD8T
CTGAATGAGTAGCAAT-1	CD4T
TGTACAGCAAGACTTC-1	Mono
GAACCGCCATAGATAG-1	Mono
TACTCGCCATGGAGGT-1	Mono
AGCCTTCTCCTGTGGG-1	DC
ATAGTCGGTCAACTGT-1	CD4T
CACTAAGGTTCCCAAA-1	CD4T
GACCCAGTCGGGCTCA-1	CD8T
CGTTCCACAATAGTGA-1	otherT
TAGGAGGCATCACAAC-1	CD8T
GATGATCTCGAGAAGC-1	otherT
TCAAGACCATTCGTCC-1	CD8T
TTACTCAAGATGGGAA-1	CD4T
ATAGGCTCAAACAGTA-1	CD4T
CAACGTAGTCCAGACC-1	CD4T
TCAGTTTAGTATACCC-1	CD4T
TAAGTGCTCTCTTCTC-1	Mono
TGTACGATCGTTACAG-1	CD8T
CGCTAGGTCCAGCACG-1	otherT
CAGGGCTCATCCCTTG-1	Mono
CTCTACGGTTCAGAAA-1	B
CTTAATCTCGCAGATT-1	Mono
GCTGAGCTCTTGCGCT-1	Mono
TCACCACGTACTTCGA-1	CD4T
CGTAAACGTGGAAAGA-1	DC
CCACGTTTCCGCTCTA-1	CD8T
TAAGTGCTCCGATTGA-1	B
ACTAACGTCTTATCAC-1	CD4T
GGGAACACAGAGAGAA-1	CD8T
GATCGTATCGGTCTAA-1	CD4T
CATGCCTTCTCTGCAC-1	CD4T
TCAAGGTAGGTGAACC-1	CD8T
GGGTGTCAGTATACCC-1	CD8T
GCGGAAACAATGGCAG-1	B
CTGCGTTTCCCAATAG-1	CD8T
TTCTAACCACCTGGTG-1	DC
GAAAGTAAGATACCAA-1	CD8T
CTCAGAACACACTAGT-1	CD8T
GGTGCTGAGTCTCGAT-1	Mono
TTTGTGTCATTGCACA-1	CD4T
CTCAACCGTGAGGTCA-1	CD8T
TGAATCGTCTCGCGGA-1	CD8T
TACAGCAAGGAGGCGA-1	CD8T
CCCTAACAGTAGTGTA-1	CD8T
ATCCCTGAGACCTATC-1	Mono
ATGTTTCGTTACTTTC-1	Mono
CATGTTTAGTAGGAAG-1	CD4T
CGGACTGGTTGCAGAG-1	Mono
GCCAGACCACGCGTTG-1	Mono
AGGACGATCGTTGTTT-1	CD4T
GCGGGTTTCGGAGTTT-1	CD4T
TCACAGATCTTTCGAT-1	CD4T
AATGGAATCCATATCT-1	CD4T
GCATGATAGTAGTTCC-1	Mono
AACCTTTGTTAAGGGC-1	CD4T
TTTGTGTTCGTCGCAG-1	Mono
TACATTCTCCAGCACG-1	CD4T
TAGGAGGGTGAATCAA-1	CD4T
GTTATGGAGAACCCGA-1	CD4T
GGTGCTGTCCTCAAGA-1	Mono
GACTAACTCGCTTACC-1	B
ACTCGGGCATCGGCTG-1	Mono
CACCTTGTCACGATTG-1	Mono
AGCTGTAAGGAACCGT-1	CD4T
GCCAGCACATGACTGT-1	Mono
TCACAGACATTCCCGT-1	Mono
CTTTGCGCAACTCAAC-1	otherT
TCAGTTTTCAGTGTAC-1	Mono
TCACCTGTCGATGTAC-1	CD8T
AGCCCGAGTGATCAGG-1	Mono
TGCGTAATCCTGTGGG-1	B
TTCTGTAGTTGGCGAA-1	Mono
ACCGAATGTTAGGAAT-1	CD4T
TTGTTGTGTTTCCTAT-1	CD4T
ACTGTCCTCCTGGAAT-1	CD8T
ACTCGGGCAGTATCTG-1	Mono
ATGTACGGTATCTGCA-1	CD4T
CGTAAACAGTATACGA-1	CD8T
CAAGCTATCACCGCGA-1	CD8T
AAAGGGCAGTGATTAG-1	CD8T
CTAACTTCACCGATCG-1	Mono
TTCGTTAAGTGGTGTG-1	CD8T
TAGCCCTAGTGGTGTG-1	B
ATGCATGGTGTTTCTT-1	Mono
TTGCGAAAGGAGTAGA-1	B
CAGCCTTTCCGTGCGA-1	otherT
ATATTCCGTTGTCGGC-1	Mono
TAGGTCAAGTTGCCGC-1	CD4T
AGCGTATGTAACCATC-1	B
CTTGAAGCAAGACTTC-1	Mono
GACTAGTGTGTCCTTC-1	Mono
CTGCGTTCAAACGTTC-1	Mono
ACTATTCAGTCCCTCT-1	CD4T
GAGCATTTCTGGTACA-1	otherT
AGGACGAAGTCGGGAT-1	Mono
CCAATGACATCCCTCA-1	CD8T
CACGTTCAGTTCAAGA-1	CD8T
GCGAGAAGTAATGTGA-1	Mono
GCGGAAAGTGCACTTA-1	CD4T
TCAGTTTAGATGTTGA-1	Mono
AGCCTGGTCAGCACGC-1	CD4T
CCTGGGAGTTTCCGGG-1	DC
TTGCTATCATAGCCAT-1	CD8T
TCCGACTCATTGCGAT-1	other
ACAGGCCAGTCTAGAA-1	CD4T
CCTATTAGTTAAGGGC-1	Mono
TCGTTCGGTTTAGACC-1	Mono
GCACCTTTCGCGATGC-1	CD4T
AGACAAACATCCGTGG-1	Mono
TTCGATTGTAGCGAGT-1	otherT
CTAGGGCGTAATGCCT-1	Mono
ACAAAGAAGAAAGGGT-1	B
GCGGAAAGTGGACCAA-1	otherT
TCAAGCACAATGATGA-1	CD4T
AGATTCGGTCAAATCC-1	DC
GAAGAGCCATTGATGC-1	B
CGGTGCACATGGGAAC-1	DC
CACATGACAGTAACTC-1	CD4T
ATGTCTTGTGCTGAAG-1	CD4T
TTACTCACAGAATGCG-1	CD8T
GTCTACCTCCGTACGG-1	Mono
CAGTGTACAGTAACCT-1	CD8T
TCACAGACATGGAGGT-1	CD8T
CACAACAGTTACGAAA-1	CD4T
TACGGATTCGATGAAA-1	CD4T
CCTGCTAAGGCTTAAA-1	Mono
TCAGCTCAGGAAGAAC-1	B
TCGAGCGAGTCTGGGA-1	CD8T
CCAGATATCCATACCC-1	CD8T
GAACCTAAGCTGCCAC-1	CD4T
CCCTAACAGTTAGCGG-1	Mono
GTCACGGAGCGCATTT-1	B
AGCCCGAGTGCCCGAT-1	Mono
TCGTTCGGTAACGTAA-1	otherT
CCTATTATCCCACTAC-1	CD8T
GGAGGATCAACGTAGG-1	CD4T
GGAACCCTCTCCCTTT-1	CD8T
TAGGTGTCATCCGTAA-1	NK
ACGGATTGTCTAAAGA-1	otherT
GCGTTGGCAAGCGGTA-1	CD8T
GATGATCCAAGAAACT-1	CD4T
TCGCAGGTCGTCCCAT-1	CD8T
ATATTCCTCGATAGCT-1	CD4T
GCGTAGCTCAGTCACA-1	CD4T
ACTACGACAGAGTCGA-1	CD8T
GACTAGTCATGGGACA-1	B
TCAGTTTGTTATCGAC-1	Mono
GTGACATGTTTGGATC-1	Mono
CACTGAAGTTAGCTCA-1	CD8T
GGTACCGCATTCTCGC-1	Mono
CACATGAGTTGTCGGC-1	Mono
TTGCAGAGTCTCTAAG-1	CD8T
AGCCTTCCAAGATTAG-1	CD4T
TAGCCGGTCTCGACAA-1	Mono
TTACTCAGTGAGTCGA-1	CD8T
GCTGTTCAGTAGACCG-1	Mono
CACCTGTAGGATTGAT-1	B
GTACTTTCACTGAAGG-1	CD4T
TCAGTTTCAAGGAGGG-1	Mono
GGAGTAGGTATGTTCG-1	CD4T
CGTTCCAAGTGAAACT-1	CD4T
AACAAAGCAAGTCTGT-1	NK
TGTTAGGAGATGGGAA-1	CD4T
GTAATCGGTCGTAGTT-1	Mono
TAGCGGCGTGCACCCA-1	Mono
CTGAATGCATTGCACA-1	CD8T
AGCTGATCACGAACGA-1	Mono
CAGCTAATCCAAGTCA-1	CD4T
GAGAACGTCGTGGAAG-1	CD4T
ACGTGGCCACTCGCAG-1	NK
TTAGGTGCACTCAGCG-1	CD4T
GCTTAAGAGAGGTGGG-1	CD8T
TACGCAATCGTGGTAT-1	CD4T
CACCACTTCCCTACGT-1	CD8T
GTAGTACTCTGGCGCA-1	Mono
ATGGATCAGAACAGGA-1	CD4T
GTAGGAGAGGCTCAGA-1	CD8T
CGCTATCGTAGTGATA-1	CD4T
CACATGAAGACAGTGC-1	Mono
CTGTTCGAGCAGAAAG-1	NK
TGTAGCACAGTCCTGG-1	Mono
GCGCATGGTATGGGTG-1	CD4T
TCTATTGCAACTCCCT-1	CD4T
CTCACCACATTAGCCA-1	CD8T
GAGATTCTCCCATAGA-1	CD4T
ATTGTGGCATTTGGCA-1	CD8T
ATTACTCCAAGGCGTA-1	CD8T
GTTATGGCAACGGGTA-1	Mono
CTGTTCGGTTTCCACC-1	Mono
GCGGTGTGTCTGTGTA-1	CD8T
GAAAGTATCCATACCC-1	CD4T
AGCCAGCAGTTGCCGC-1	Mono
GTTGGTAAGGAGTACC-1	Mono
AGCCCGAAGCTTTCCC-1	Mono
CACAACATCCATAACG-1	CD4T
GCATGATTCGGGAATG-1	CD4T
TCAGTTTGTGTTGTTG-1	Mono
TAGTCCCAGTCTGTGT-1	Mono
CTAGGATAGTTGACAA-1	CD4T
GGTAGGAAGAGCCACA-1	CD4T
TAAGTGCTCCCAGTAA-1	CD8T
CGTTCCAGTTTGTCTT-1	otherT
CCCAGAGTCACAGGGA-1	CD8T
GTGGCGTCAAACAGTA-1	otherT
TATGTGGCAACTCGTA-1	CD4T
TTCGATTAGCACACCC-1	B
ACTATTCGTAAAGGCC-1	Mono
CAAGCTAGTCCTCAGG-1	Mono
GCATTCCGTTTGATCG-1	Mono
TTCGGTCTCTTAGTGG-1	Mono
TTCTAACAGGCAAGGG-1	CD4T
CCGTACTTCGACTATG-1	Mono
TTTACGTGTCAGCTTA-1	otherT
GCAGCTGAGTACAGAT-1	CD4T
GCAGATTTCAAACCAC-1	CD8T
ACATGCAAGTTGCCGC-1	CD8T
ACTGCGGTCCAAGAGG-1	CD8T
GTTATTCCAAGTAATG-1	CD4T
GTCACCTTCGTGAACT-1	CD8T
AACCTGAAGGTAGGCT-1	CD8T
AGCCTCTGTGGAAGCT-1	B
TCACCACCAAGCGTCC-1	CD8T
TTGCGAAAGGTTAGTA-1	CD8T
ATCCTCGTCAAGTTGC-1	DC
ACTCGGGGTCACAGTT-1	B
TTTGGTTGTACGTAGG-1	CD4T
AAGATAGCAATCAGGG-1	CD4T
ACCGAATTCTCTATTG-1	CD8T
CGTACAACAAGCTTTG-1	B
TCACAGATCTACATCT-1	Mono
CACAGATTCAGTCACA-1	CD8T
AGCCTTCGTATCCTTT-1	CD8T
CCGCATTAGTACAACA-1	otherT
TCGAGCGAGCAACGGT-1	Mono
CCCGTTAGTATTCGAC-1	B
TTATGTCAGGCCAGTA-1	NK
GGCACGTCAAACAGTA-1	CD8T
GTCACCTTCGGTCAGC-1	CD4T
TTGACGATCTATAGGC-1	Mono
TGGTCAAAGTTGCGCC-1	CD4T
GTCACAAGTAGTTTGC-1	Mono
TACGGATAGATCCGAG-1	Mono
TTCAACTCAAGACACG-1	Mono
CATTCCGCATCTCTCG-1	CD8T
GTACTTTCAGGGTACA-1	CD4T
GCACGGTAGCCTTTGA-1	CD4T
GAGGTCCAGTGATTAG-1	CD8T
TTGCTATGTCCCTTTG-1	CD8T
CTCTACGCAATGCCAT-1	B
TGGAAGGCAATGTGCT-1	CD8T
TCACAGACATGCCCTT-1	CD4T
GTAGGAGTCACAGGGA-1	CD8T
CCAATGACATACAACC-1	CD4T
GAGCGCTTCCTTGACC-1	CD8T
AACCTTTAGTTGGAAT-1	CD8T
AACTGGTGTAGCAGGT-1	Mono
CCCACATCACTCGCAG-1	CD8T
ACATGCATCCTGTGGG-1	CD8T
ACTTCCGAGCGCATTT-1	Mono
ATATTCCTCAGAATGA-1	CD4T
GAGGTCCAGCAATGTA-1	CD8T
TACTAGGCAAGTGGCA-1	CD4T
CTAGGATCAATACTGC-1	CD8T
ACATGGTAGCTTCAAC-1	Mono
ATTGTCTCACATCATG-1	CD8T
ACTAACGCACCCATCT-1	CD4T
CCTGGGATCTGGACAT-1	Mono
TCGCAGGAGAGCTGTG-1	CD4T
GTAGGAGGTTCTTTCA-1	CD8T
GCGCATGAGCAACTGG-1	CD4T
TTTGTGTTCCAGAGAG-1	B
TACTAGGGTCTGATTG-1	Mono
GCATTGACACAGTTCA-1	Mono
AGTGTACGTCTCTGCT-1	Mono
AACGTACAGAATCAAC-1	Mono
CCAATGAAGGCTTTAC-1	Mono
ATTACTCCAACTCGAT-1	otherT
GAGACTTAGTGTCGCC-1	B
GCTCCTATCGAGGCTC-1	CD8T
TGAGTCATCAATTGGC-1	otherT
TTGCAGAAGTATAGTG-1	CD8T
TGCCTGTAGTCTAGAA-1	CD8T
CTCAGCTCAATGGTAA-1	CD8T
TCAGGGCAGAGTTTGA-1	CD4T
CAGGATTGTTCAGTAC-1	B
TATTGCTGTGCAAAGC-1	Mono
GCCTACTGTTAGGAGC-1	other
GCTCAGGTCCCAATAG-1	CD4T
AGCTGGCCATGTATCG-1	CD4T
CTTCCAGGTAACGGTG-1	CD4T
CTCTCGAAGGTCCTCG-1	DC
ATGTACGTCAGGTTTG-1	otherT
ATTTGTCAGTAACACA-1	CD4T
GTGACATGTTCTACGA-1	otherT
TCGTTCGCATTAGCCA-1	B
AACGTACAGGAGTACC-1	Mono
GTCACTCGTCCGTCGA-1	CD8T
GCCTAGGGTTTAAGGA-1	CD4T
ATGTACGCACTTACAG-1	CD4T
GTAATCGCACTAGGAG-1	CD4T
AACCTGAGTTACTACG-1	CD8T
GGCGTTGAGTAGAAGG-1	DC
TAGGTGTAGCATTGGG-1	CD4T
CAGCTAATCCGGACTG-1	Mono
ACAAAGAGTAAACGAT-1	CD8T
ACAAAGATCGATCTTT-1	CD4T
CAACGGCGTCTGCGCA-1	other
TACTCGCAGGATATCA-1	B
GCGGAAACAAAGAAGG-1	Mono
CAAGCTAAGCAACGGT-1	CD4T
GAGACTTGTGCGTCCA-1	CD8T
AGCTGGCAGCTGAATA-1	CD8T
TGCTCGTCACCACCAG-1	Mono
GTTACTTTCCAGAGAG-1	CD4T
GACTAGTGTTGCAGAG-1	Mono
GGGACCTTCTATGAGC-1	Mono
AGCCAGCAGCAACTGG-1	Mono
TAACAGCTCAGAGTGG-1	CD8T
CAGCTAACAAGAAACT-1	B
GGATGAGTCGTGAACT-1	NK
TAGCCGGAGTGGGACT-1	B
ACCCAAAGTTTGCCCT-1	CD8T
CAACGTACATGTCCCT-1	CD8T
CAGTGTATCATCGCCT-1	NK
TTACTCAGTCATAGCT-1	otherT
AACTGGTTCCTCCCAA-1	otherT
GTCCATCAGCGGACTA-1	CD8T
CGAGTTAAGACTCGGA-1	CD4T
GGCATTATCCTGAAAC-1	CD4T
GATTGACAGTAACTCC-1	CD8T
CCTATTACAATGACTC-1	CD4T
ACCGCAGTCCGTTTCG-1	Mono
GTCACGGCACACATTG-1	Mono
GAGTGAGCAAGTTGCT-1	Mono
TGCATTTGTACGTAAA-1	CD4T
GGGTCTGTCTAGCAAC-1	Mono
TCCCACAGTGAGTCGA-1	CD4T
GTGGCGTGTGAATACA-1	CD4T
GTGTGATCAACGTCCG-1	Mono
TCGGGACAGCTGCTCG-1	Mono
CAGCTAATCTGGCGCA-1	CD8T
TGTGTCCCAACGTACT-1	CD8T
GACCGACTCAATCGTG-1	CD8T
TGTGTCCAGAGTTTGA-1	CD4T
TACATTCGTATCACAC-1	Mono
TCCATCGTCTTCCAGC-1	Mono
ATTACCTAGTTCGCGC-1	CD4T
TATGTGGTCTTCCAGC-1	Mono
AAAGGATTCCATTGAG-1	otherT
GTGCACGGTTACTACG-1	CD8T
GATCGTACAAATAGTG-1	CD8T
GGATAGGCAATTCGTG-1	CD8T
CACCTGTCATGATCGT-1	Mono
TCACAGATCCATCATT-1	CD4T
CAGGATTCAGACTAAA-1	otherT
GTTATTCTCTTCATAC-1	CD4T
AATGGAAAGAGGCCTA-1	otherT
CTCGCTAGTGATGCGA-1	CD8T
TTAACGGTCAGATACC-1	DC
CCTGGGACATATAGAG-1	CD8T
TTGTCTACATAGATAG-1	CD8T
ACCGAATTCATCGCTC-1	CD8T
AAAGGATAGTGAAACT-1	CD4T
TTCTGTAAGCGCACAA-1	NK
GTTGGTAGTAACAATG-1	B
CTTAATCGTGGTGGTA-1	CD8T
CCAGAATGTGCGTTTA-1	CD4T
CGCACAGTCCAGGCCA-1	Mono
CATGTTTGTTCTGAAC-1	B
GGGCCATCAGAAGTGC-1	otherT
GTTACTTTCCACGAGC-1	Mono
TAGCATGAGAGCTCCC-1	Mono
GCTCACTTCTCATCCG-1	CD4T
ACTAGGTAGTGAAACT-1	otherT
CATTCATTCAACGTGT-1	NK
CGCAATAGTTTGCCAA-1	CD4T
TACATTCAGTAACACA-1	CD4T
CTGGGACAGGATGCCA-1	CD4T
TTCATTGGTCCGTCGA-1	CD8T
AACCTGATCTTCATAC-1	CD8T
ATTGTGGTCAGTGTAC-1	CD8T
TTTGAGGGTAATGTAG-1	CD4T
CGTACAAAGTTGAATG-1	CD4T
TTGCGAACACCCTTTG-1	Mono
ATTACTCAGGGAGTTC-1	Mono
GGAATCTGTCTGGGCT-1	CD4T
TGAGCCGAGTTCGCGC-1	CD4T
TCTCTGGCAAACTACC-1	NK
ACCGGGTTCCGTGCAG-1	CD4T
TGTTAGGCAACTCCCT-1	Mono
TCAGGTACATTTGGCA-1	CD4T
GCGGGTTGTGCTTACA-1	CD4T
TGGGTTAGTACGCCCA-1	otherT
CTAGGGCCAAGTCTGT-1	CD4T
TAACTTCAGTAGTGTA-1	B
ATGTTTCTCGCATAAC-1	CD8T
GCGTAGCAGGATTAAC-1	Mono
GTCTACCCACTGATAC-1	B
TTACTTGGTCAGCTTA-1	CD8T
AACAGTCGTACTTCAG-1	B
GAATCTGAGCGATACG-1	CD8T
TGGCAATGTTGGCTTA-1	CD4T
GATTGACTCTATTTCG-1	CD8T
ATTCGTTGTATGGTTC-1	Mono
CATGTTTTCAATTCCT-1	otherT
ATTGTCTGTGCCCAGT-1	DC
GCTCCTAAGCTACGTT-1	CD4T
GGCATTACAAGCACTT-1	otherT
TTGCAGAGTGACGCAA-1	Mono
CGCGCAATCTGGCGCA-1	Mono
CAGTGCGCAAGGCGTA-1	CD8T
GCGATTACAGCAGGTA-1	NK
TTTGGTTTCTAGCAAC-1	otherT
CTCAGCTGTTAACCAC-1	CD4T
CGTTCCAGTTGTATCG-1	otherT
ACTTTCAGTCTGGTCG-1	CD4T
TACGGATTCCTGTGGG-1	CD8T
GCGGAAACACGCGCAT-1	otherT
TAACGGTGTGTTGGTT-1	Mono
CCACGTTGTAACTCCA-1	CD4T
GGGTCTGGTCCAGACC-1	CD4T
CGGTGCACACAATAAG-1	CD4T
AGTGTACAGTAGACCG-1	CD4T
GTGACATAGTTCGTTG-1	CD8T
GCACGGTGTGGCCTCA-1	CD8T
GAAGTCTTCCTCTCTT-1	CD8T
CAGTGTAGTTTCCTAT-1	CD4T
TAATTCCTCCGGCTGA-1	Mono
TTAACGGTCAAGTTGC-1	CD4T
AGATTCGCATTGCCTC-1	CD8T
CGCTATCCATATAGAG-1	CD8T
GAAGTGGCACTCAGCG-1	CD8T
TAAACCGCAATCATCG-1	otherT
GCCAGACCACCGTTGG-1	Mono
TCCGACTTCGCTACCT-1	CD4T
AGCGTATGTAAACCCT-1	B
CCGCATTTCAGGATCT-1	CD4T
AGCTGTATCTGGTACA-1	CD8T
AAAGGATCATACTGCA-1	CD8T
GCGCCAACAAGCGGTA-1	CD8T
TTTGAGGGTAACCATC-1	Mono
TTGTTCATCATTCATC-1	CD4T
ATGCATGAGAAGAGTG-1	CD8T
GTGTGATAGAACGTTA-1	CD8T
TGGAAGGAGTTCGTTG-1	CD8T
AGGCGAAGTGAAACAT-1	B
CTACTTAGTAGTCTGT-1	B
CATAACGGTGCATTGT-1	Mono
CAGCCTTGTAGCCATT-1	CD4T
ACTGCGGAGCTGGAGT-1	B
ATGTACGAGCATACCT-1	CD4T
GTTCAAGCAGGCACAA-1	NK
AGATAGATCGGGACAA-1	CD4T
GTTACTTTCAGTACAC-1	otherT
CAATCCCCACGCTAAT-1	CD4T
CGATGATTCGCACAAT-1	Mono
GAAATGAGTCAAGACG-1	B
CAAGCTATCCCTATTA-1	CD8T
GGCATTAGTGGTTCTA-1	CD8T
AACCGATGTAGCAGCA-1	NK
GTGACATGTCTCTGCT-1	B
AGCCTGGCATTGATGC-1	B
TACTCGCTCTTCTTCC-1	CD4T
CGATGATCAATGCATC-1	Mono
TGTTAGGCAAGATTAG-1	CD4T
TAACGGTCACTGAAGG-1	CD4T
TAACAGCAGGTCACTT-1	Mono
CGTAAACCAGTAAGAT-1	NK
CAGGGCTAGTTCAGGG-1	DC
AAAGGATCAAGGAACC-1	CD8T
CCCACATAGGATATCA-1	CD8T
GTGTCCTGTAACGGAC-1	CD4T
GCACGCAAGTCAGCCC-1	CD4T
AAAGGGCTCGATATGC-1	Mono
CTAGGATGTATTCTTC-1	B
ATTACTCCAAGACACG-1	Mono
AACCTTTTCTACATCT-1	Mono
GAGCGCTTCCTTTGAT-1	Mono
ACCGAATCATCCTGGG-1	CD8T
GCGGGTTAGACCCTAT-1	CD4T
AAACTCGAGCAACGGT-1	CD8T
CTTGTCGGTCAACTGT-1	CD4T
AGTTACGGTGCGTCCA-1	DC
CGTGGCATCGCGCTGA-1	Mono
GCACGGTGTCCATTGA-1	otherT
ACTACGATCTATCTAC-1	CD4T
CCGTACTAGTATACCC-1	CD8T
ACCGAATAGGGCTTCC-1	Mono
ACAGACTCAGAAGTGC-1	CD4T
TTTGGCCCAAATGCTC-1	DC
TGTTAGGAGTTCCAGT-1	CD8T
GCCAGACGTCTAAGAA-1	CD4T
GACTAACAGGATTTGA-1	CD8T
AGATAGAAGCCTTTGA-1	CD8T
CTCGCTAGTATGGATA-1	B
TTGTTCATCTGTTTAC-1	CD4T
CTTAATCAGACAGTGC-1	Mono
GTCACCTTCCGTTAGA-1	CD8T
AGTTTGGAGTTACACC-1	otherT
GGGACCTAGGATTGAT-1	CD8T
ACTGCAAGTGGCCTTG-1	CD8T
TCTCAGCAGAAATGGG-1	Mono
CTGTATTAGGGCATTG-1	CD4T
AGGCGTCTCGAGAAGC-1	Mono
GACCAATGTCAACTGT-1	CD4T
TCGTTCGAGTTGTCCA-1	CD8T
TTGAGTGGTTTCTCTA-1	NK
GAAACAAAGATGTTCC-1	Mono
AGTGCGCTCCACGAGC-1	B
CTAGGGCCAAAGAGAG-1	Mono
GTAGTACGTACGTAGG-1	otherT
GTGTGATGTTACGGAG-1	otherT
CTGCGTTCAAGGAGGG-1	CD4T
ACTATTCCACCGTTGG-1	otherT
TTCGGTCTCACTGATG-1	CD4T
GTCACAACATGCTATG-1	CD8T
GACCTTCGTCAACTGT-1	CD8T
TCTAGTTTCTCGCGTT-1	Mono
AACCAACTCCAGGCCA-1	DC
GTGGCGTAGTAGGAAG-1	B
TTGGTCCCAATTAGGA-1	CD8T
TGGCCTTTCGAGAAGC-1	NK
GTCCATCAGATTACGA-1	otherT
TCGCCTAAGGTTGACG-1	Mono
GATGATCCACAGATGG-1	CD4T
CTCATGCGTAACCCAT-1	CD4T
ACTGCGGTCCGGGCAT-1	Mono
TTGAGCAGTTGGTAAA-1	Mono
CCCACATCAAGCGACA-1	Mono
GCGGTGTTCTCGCGGA-1	CD4T
TTGTTCATCTTCACTA-1	CD8T
ATTACCTTCCCACTAC-1	CD4T
GCGTTGGGTTAACCGT-1	CD4T
ACATGGTGTTCCCTTG-1	CD8T
TAGCCCTCATTGTTCT-1	CD8T
TGCGTAAGTAACAATG-1	CD4T
GGTAGGAAGTACAACA-1	CD4T
GCTGAGCTCATCGCAA-1	otherT
TCTATTGAGGTTACAA-1	CD4T
CCAGAATCAATTAGGA-1	CD4T
GACCAATGTCCATTGA-1	Mono
GAAAGTATCCCTATTA-1	CD8T
CTCTCAGGTTATGCAC-1	Mono
AAAGATGAGGACTTTC-1	Mono
ACTACCCGTCTCTAAG-1	CD8T
CACAACATCTTCAGAG-1	CD4T
ATCCCTGTCTTTATCG-1	CD4T
CGTTCCATCCATTGAG-1	NK
TTGTTCAAGGAAACTT-1	Mono
CACTGAACAGAGCCAA-1	otherT
CAGCTGGAGTTGACAA-1	Mono
TCTAGTTGTGAATCAA-1	CD8T
TTTACGTTCCCTATTA-1	otherT
TCTAGTTTCACTACCC-1	NK
TAGACTGGTGATGCTT-1	Mono
TTACCCGTCAATTGGC-1	CD4T
CTGCGTTAGTAATCAG-1	CD8T
GCGGAAAAGACACTTC-1	Mono
GTCACAAGTCAAGACG-1	B
CACTAAGGTATTCACG-1	Mono
ACCGGGTCACTAGCCG-1	Mono
GAGATTCAGACTCTTG-1	CD8T
GTGCTGGTCCGCCTAT-1	DC
TGCATGAAGGCATGCA-1	CD4T
TAAACCGGTACCGGCT-1	otherT
AAGGTTCGTCACAGGA-1	CD4T
GTTATGGCAACACGGA-1	CD8T
ATTACCTAGTGTCGGA-1	CD4T
GGGTTATTCTGGCACG-1	Mono
TACCTATCAATGCATC-1	CD4T
TCCCACACAACGTAGG-1	CD4T
TTCGTTACAAGCTTTG-1	CD4T
AGCCTTCAGTTGCTTG-1	CD4T
GAACTTGTCTCTGCGT-1	B
GGTACCGAGACTTGAA-1	B
CACCTGTCACCTATTT-1	Mono
AACCGATAGGAAGGTA-1	CD4T
TTCATCACATCACAAC-1	CD4T
ACAATCGGTTTCACCC-1	otherT
CTTGTCGTCTTCATAC-1	Mono
AGGCGTCTCGCTTCAC-1	CD4T
TTCAACTAGTTCGCGC-1	CD8T
CCCTGATTCAAGGCAG-1	CD4T
TTTGGTTTCCCGTAGG-1	CD8T
AAAGGATCATGGATGG-1	NK
TATCGAGCAGGAGCAT-1	CD8T
GCAGCTGAGGGATCCA-1	DC
TGGCAATGTCATCGTA-1	otherT
GCTCGAGAGGAATGGA-1	CD8T
CCCTGATGTTGGACGA-1	otherT
GTTACTTTCATCGCTC-1	Mono
GGAATCTGTGCCCTAG-1	otherT
GTGGCGTCACATATCG-1	Mono
TAACAGCAGCGTTAGG-1	CD4T
AGTGTACTCAGAGTGG-1	Mono
GGTCATAAGTTCGTTG-1	otherT
CGCTAGGAGTGAGCTG-1	CD8T
CTCACCAAGTTCCAGT-1	CD8T
TGGCCTTAGCGAGAAA-1	NK
TCACTCGTCGGACGAA-1	Mono
CTAGGGCTCTATCCTA-1	CD8T
CTTCCAGTCTATCTAC-1	CD4T
GAGCGCTGTCAGGCTC-1	B
GCTTGCTCAGAGATGC-1	B
TTGAGTGCAAAGCTTC-1	B
ATCCCTGGTCGTAGTT-1	CD4T
CTTCTAACATTATGGC-1	CD8T
TGGAAGGTCTCGCGGA-1	CD4T
ATGGATCGTACTTCAG-1	CD4T
CGCACAGTCGCTATAG-1	otherT
CCGCATTTCATTCTTG-1	CD8T
TACAGCAAGAAATGGG-1	DC
ACCTGCTCATCACAAC-1	Mono
GCGATCGGTGACAAGC-1	B
GTGCTGGAGTTGCCGC-1	CD4T
TTCAACTTCTTGTCGC-1	CD4T
GCTTAAGAGTTGCTTG-1	CD8T
TTCGCGTTCGATTACG-1	CD4T
CCGAAGCCACTGTTAG-1	CD4T
TAACGGTTCGAGCGCT-1	CD4T
TCCCACACATTACTCT-1	CD8T
CGCTAGGAGACTTGAA-1	CD8T
CACAACATCGTGAGTT-1	CD8T
TGCTATTAGTACAACA-1	otherT
CCGAAGCCAAGGCGTA-1	CD8T
ACAGGCCCAGGTGGTA-1	otherT
AACGAGGGTGCGTTTA-1	B
CGAGTTACACTAGGAG-1	CD8T
CGCAATATCACTCGGG-1	CD4T
ATAGGCTTCAACTTGG-1	Mono
GGTGTCGCATGCGCTG-1	CD8T
TTCAACTGTGCACATT-1	B
TGGCAATTCGGATAAA-1	B
CGGACTGCATTAGCCA-1	B
AGCGTATCAGACCTGC-1	CD4T
GGATGAGAGGTTAGTA-1	CD8T
TCACTCGGTATTGTCG-1	CD4T
GCACGGTCATCCGTGG-1	Mono
AGCGTGCAGGGACGTT-1	Mono
GCTGAGCTCCACCTAC-1	CD8T
CTCTCGATCTATCTAC-1	CD8T
AGGCCTGAGTCAACTC-1	B
GCGGGTTAGGGCTCTC-1	B
TGCATTTTCACTGATG-1	Mono
TAACAGCTCTTCCACG-1	Mono
GAGGATGTCCGGACTG-1	Mono
GTCACTCAGCATTCCA-1	CD8T
TATCGAGTCGCGCTGA-1	otherT
GTGCACGGTAAAGCTA-1	DC
ACAATCGGTTATAGAG-1	CD4T
CTTGCTGAGTAACATG-1	Mono
AGCTATGCAGGGAGTT-1	CD4T
CTCAGCTCACTCCCAT-1	otherT
AGCGATTGTCTGGGAA-1	CD8T
GGTGCTGGTGATAACA-1	Mono
ACTGCAAGTAGACGCA-1	Mono
ACTTCCGTCACACGTA-1	otherT
CACATGACATAGATAG-1	CD4T
TCACCACCATATTGGC-1	CD4T
ATGTACGCAGGTCTGC-1	CD4T
CACTAAGAGGTCTTTG-1	CD4T
GCATTCCCAAAGCTGG-1	CD8T
TTATGTCCACACACAT-1	NK
TACCCTGGTAACCCAT-1	CD8T
GATGATCAGGTCGTTT-1	Mono
GCTCGAGCACATTGCA-1	CD4T
TCACAAGAGGTTCTCA-1	otherT
TCGATTTCAAACCTAC-1	Mono
ACAGAAAGTAGAAGCC-1	B
GGTGAAGTCTACTGCC-1	CD8T
GGAACTTCACCACCAG-1	otherT
TTCATCAAGGCTAAAT-1	CD8T
GAGGTCCCATCTGCAA-1	DC
GTGCCAGAGGAATGGA-1	otherT
AGCTGTATCAGCACTA-1	otherT
TTATGTCTCGTCCCTA-1	CD8T
CTGGGACTCGGTTGTA-1	CD4T
ACTACGAGTAGTTTGC-1	Mono
TACCCTGTCCTGAAAC-1	CD8T
GATCATGGTAAGTCTC-1	Mono
GCGGGTTCACTCAGCG-1	B
TTCGATTGTAAGTGCG-1	CD4T
TGCGTAAAGGGTATCG-1	Mono
AGATAGAAGAGCGGTT-1	NK
TGTGTCCTCGCTATTT-1	CD8T
GCCTAGGTCTTACGGA-1	Mono
AACGTACGTAATGTGA-1	CD8T
CGTAAACGTAGGTGAC-1	Mono
CTACTTACACCACAGC-1	CD4T
CCCACATGTATTCACG-1	CD8T
TTCTAACGTACTTCAG-1	otherT
TCCCACACATTTGGTG-1	CD8T
TGTGTCCTCTTCCGTG-1	otherT
CCATACCCATGCGCTG-1	CD8T
TGACAACAGTGCTAGG-1	CD8T
TTCAACTCATCATGTG-1	Mono
GTCACTCAGTCTGTGT-1	CD8T
CTACAGATCGTGAGTT-1	DC
TTTGTGTTCGGATAAA-1	CD8T
ATGCATGGTGCCAAGA-1	B
GTCTACCGTAGTTTGC-1	Mono
CCTGGGATCATACTTC-1	B
CGTGGCAAGAGAGTAG-1	CD8T
GAGATTCTCGATAGGG-1	CD4T
GCGCCAAGTCACCCGA-1	B
AGTTTGGCACCATTCC-1	CD4T
TTATGTCTCTGTTTAC-1	otherT
ACTAGGTCAACGTCCG-1	Mono
AGCGTATGTATGTTCG-1	CD4T
GAAACAACAGTATCTG-1	B
GTGGATTCAAATAGTG-1	CD4T
GGAACCCGTGATAAGT-1	CD4T
ACTCGGGTCTATCTTG-1	CD8T
GAAATGACAAGCAGGT-1	CD4T
TTTACGTAGAGCGGTT-1	CD4T
AGCTGTAAGCAGAATT-1	NK
TGATTTCAGTCGATAA-1	CD8T
TTCGATTCAGAGTCGA-1	CD4T
TCAGGGCTCAAATGGA-1	CD8T
GTTACTTAGCCTTTGA-1	CD4T
TGATCAGCAAAGCATA-1	CD8T
CTGAATGTCTACTGCC-1	otherT
GACTAGTCAAGCGTCC-1	CD4T
GAGCGCTCATTGATGC-1	B
ATCCTCGAGCAGAAAG-1	otherT
TAGCACATCTGGAAGG-1	DC
TTGCTATAGCAGGAGG-1	B
TAGCCCTTCCATACGA-1	otherT
TAACTTCAGAGGCGGA-1	B
CAGTATGCAGGACTGA-1	CD4T
CTGAATGTCACGTGTA-1	CD8T
GCGGTGTCACAGTTAC-1	otherT
CTCTCAGAGGTTCGAG-1	CD4T
CATTGGATCTGGGCGT-1	Mono
TATCTGTTCTGGCTAA-1	CD8T
GAGTGAGCATGGTAAA-1	otherT
GAGAACGTCCTCTCTT-1	CD8T
TGGCCTTCATAGGCGA-1	CD8T
CATGTTTCACAGGAAC-1	Mono
TGGAAGGGTGTGACCC-1	Mono
TGCACCTAGTTGCCGC-1	NK
CTGGCAGAGTGATAAC-1	CD8T
TAACTTCGTAACCGAG-1	CD4T
ATGTCGAAGTGCTAGG-1	B
GAAGTCTTCCTAAGTG-1	CD4T
TTACCGCCAGCGCGTT-1	Mono
TGTAGCAAGAGAGTTT-1	CD8T
AACTGGTGTGTAGGAC-1	NK
TCAGCTCCACTACACA-1	CD8T
TCCATCGAGCGGACTA-1	Mono
AATGCCATCTGTTGCC-1	CD8T
GACCTTCCATTCTCGC-1	CD4T
CCACAGGAGTCAACTC-1	CD4T
ATGCATGAGCAGAAAG-1	CD8T
GCGCATGCAAAGAGAG-1	CD4T
TGCTTTATCGACTATG-1	B
CCTTGCAGTAGGTAAT-1	NK
TAGCCCTTCATGCTTT-1	CD8T
ACTGTCCGTCGCTACG-1	CD8T
ACTACCCTCACTTACT-1	CD8T
TATGTTCAGCGAGAAA-1	CD4T
CCACGTTGTAAACGTA-1	CD8T
TACGGATAGCCAGAAC-1	Mono
CATTCCGTCGCGCTGA-1	CD8T
AGCCGCACACAGGAAC-1	CD8T
TCTAGTTAGCCAGAAC-1	Mono
TAGCTTTCAATTCAGC-1	CD4T
GAAGAGCTCTCTTCTC-1	B
TCGAGCGTCCATTGAG-1	CD4T
ATCCCTGGTTCCTATT-1	Mono
CTGCTCAGTAGTAACA-1	CD4T
GGGTTATTCGTTCCGT-1	otherT
GCGTTGGCACAGTTAC-1	CD4T
AACATCGCAGGTCTGC-1	CD4T
TTAGCGACAAATTCCG-1	Mono
CGCAATAAGTATAGTG-1	CD4T
CTGGGACAGTGATATG-1	CD4T
TAACAGCGTCAGAGTG-1	B
ATTACTCGTATGGGTG-1	CD4T
CTCTCAGGTTCCCTTG-1	CD8T
GAGTGAGCACGCTAAT-1	CD4T
CATTCCGCAGGCAGAT-1	Mono
GATGGCCGTGAGTAAT-1	DC
CCGTGAGAGTGGGACT-1	B
CAATCCCGTGTTAGAA-1	CD8T
CCTGGGAGTGTTTCTT-1	CD8T
CCCACATCACCGTCTT-1	DC
GTTATGGGTGCAAGCA-1	CD4T
TTACTCATCTTATCAC-1	otherT
GTCCATCCAGAACAGC-1	CD4T
CCAGAATCAATACTGC-1	CD4T
TTAGCTTAGTAGGAAG-1	CD8T
GCAGATTTCGTGTGCG-1	CD8T
AGCCTTCCAAGCCCTG-1	CD8T
AGATTCGAGATATGTG-1	CD4T
TACAGCATCTACTTTG-1	CD4T
TTACCCGAGAGGAAGT-1	CD8T
GATTAGCCACACATGT-1	CD4T
ACATGCATCGCAGATT-1	Mono
AACGGGATCACTCCCA-1	CD4T
TAGCGGCTCGGTAGGA-1	CD8T
AGTTTGGAGGGAGATA-1	Mono
ACGGATTTCGATGTAC-1	B
CCTATTATCTACTGCC-1	CD8T
ATGTCTTGTCGCTACG-1	CD4T
CTTCCAGGTAGTTTGC-1	Mono
CCTTGGTAGACAACGC-1	CD4T
TCAGCTCTCTTCCGTG-1	Mono
AGTTTGGTCGCAAACT-1	CD8T
GTTATGGCATCACAGT-1	CD8T
AGTTACGGTCCAGACC-1	CD4T
GTAGTACAGAGTTTGA-1	CD8T
ACTAACGGTGTTTCTT-1	CD4T
GCTTAAGCACTCAGCG-1	Mono
TAGCGGCAGCGTGTTT-1	otherT
AACCTGATCCTCCCAA-1	CD4T
CGGACCAAGTGAATAC-1	Mono
CTAGGGCCAGTAAGCG-1	NK
TCAGGTACACTGATTG-1	CD4T
ACTAACGCATTCTTTG-1	CD8T
ACAGACTAGCGAATAT-1	otherT
TTACGTTCAGCACATT-1	CD4T
TTAGGTGTCGAGCGCT-1	CD4T
TTGAGCAAGATCACCT-1	CD8T
AACAGTCCACATTCTT-1	CD8T
TTCATCAGTTACCACA-1	CD8T
TTACTTGCAAGACTTC-1	Mono
CTAACTTCACAGCTTA-1	CD8T
GCGGAAAAGAGACTCG-1	CD8T
GGCATTAGTCTGGTCG-1	otherT
TCAGGGCTCCAAGTCA-1	CD4T
ATTCGTTCAAGCTTTG-1	otherT
CTGGGACAGCGTTAGG-1	otherT
CGCTATCCAGCCACGT-1	Mono
TTTGGTTCATCCTCGT-1	B
TTACCCGTCGCCCTTA-1	CD8T
ACAATCGCATATTGGC-1	Mono
TTTGCGCTCTATACCT-1	CD4T
GTTGGGCTCGTTACAG-1	CD8T
TCAGTTTTCATCGCAA-1	CD4T
GGCGAAATCTGGCTAA-1	CD8T
GAAGTCTCAGATGGCA-1	Mono
CTTGAAGTCAGAATGA-1	CD8T
CTCTACGGTAAAGCTA-1	CD8T
TGGCCTTCAGGGTAAC-1	CD8T
TACGGATAGGGAGTTC-1	Mono
TGATCAGTCAGAGTGG-1	Mono
TAACAGCTCCTAAGTG-1	CD4T
TGTTAGGAGAGCGAAA-1	Mono
TCACAGAGTTGGAGGT-1	CD4T
ACTATTCTCGCGCCAA-1	DC
CAGCTGGTCAGTCACA-1	otherT
TTGAGCAAGGATATCA-1	otherT
GGATGAGAGAACAGGA-1	CD4T
ACGGATTGTTCTACGA-1	otherT
CAAGGCCAGGAATGGA-1	CD4T
GCCAGCATCTGCTACC-1	CD8T
TAGTCCCCAACGTAGG-1	CD8T
GTAATCGCAAGGAGGG-1	CD4T
CGTAAACGTTGGCTAT-1	CD4T
AACAGTCTCAGTGTGT-1	Mono
TTGTTCATCGGGACAA-1	CD4T
GTCCATCTCCTGTAGA-1	CD4T
TACTGCCCATTACTTC-1	CD8T
GCGGGTTAGGATTTGA-1	CD4T
ACATGCATCAAGAGGC-1	CD4T
CACCTGTGTGCAACAG-1	CD4T
AACTGTGCACACACCG-1	CD4T
GAGACTTAGTAGTCGG-1	Mono
GACTAACCAAGCTTTG-1	Mono
ACGTTAGGTAAACGAT-1	otherT
GATTAGCAGGGTTCTT-1	B
ACTAGGTCATATTGGC-1	CD4T
GAGGTCCCACCAAGGA-1	CD8T
GAGACTTAGAGCGGTT-1	otherT
GAACGTTGTGTCCCAG-1	CD8T
GCTCCTAAGCTAGCAG-1	DC
GAGCATTTCTCCTTGG-1	Mono
CGCAGGTGTGAAACAT-1	otherT
CTCTCGAAGGTTACAA-1	CD8T
ACAGACTCACTCAAGT-1	CD8T
ATTCGTTCATGGAGGT-1	CD8T
TTACGGAGTTTGCCAA-1	CD8T
ACAAGCTGTCACCCGA-1	NK
TGAGTCAAGGCTTTAC-1	CD8T
GAAAGTATCGCTTACC-1	B
GGAACTTAGGAACCGT-1	CD8T
TGGTCAAAGGCAGTGT-1	CD4T
ATGTACGCAAGAGCGT-1	otherT
CCTTGCAGTTCCGCGA-1	Mono
AGTTTGGGTAGCGTTT-1	Mono
AGTCCGGAGCGAGAAA-1	Mono
GAATCTGTCTATCTAC-1	B
TAGCATGGTAGAAAGG-1	Mono
TTCATTGGTTAAGTCC-1	CD4T
GACCTTCTCACGTCAA-1	CD8T
GAAAGTAAGACACTTC-1	Mono
CCTTAATAGCAGAAAG-1	CD8T
GGTGCTGTCGTTGTAG-1	B
TGAATCGAGTAGCAAT-1	CD8T
GCACGGTAGCGAGAAA-1	CD4T
TAGCACATCCTCTCTT-1	CD8T
ACTGTCCTCCTGACCT-1	Mono
AGCTGGCAGGAGGCGA-1	B
TAATTCCTCCCGTAGG-1	CD4T
GTGTCCTGTTCTTATC-1	CD8T
TCCATCGAGGTCGTTT-1	Mono
TGTGACAGTACATGGG-1	B
GTTGGGCTCCACACCT-1	DC
GGATAGGTCGGTCTAA-1	CD8T
TGCTTCGGTGTCTACA-1	Mono
TTGTTGTAGATGGCAC-1	Mono
CACATGACATAGACGG-1	Mono
GCTTTCGCACCTGTGG-1	Mono
GGCGAAATCATCGCCT-1	B
GCAGCCACATTGTTCT-1	Mono
GTAGGAGTCCTAGAGT-1	CD4T
TTGCACCGTTTGTCTT-1	Mono
CACAGATGTGATTCCA-1	CD4T
TATCGAGAGGATGCCA-1	Mono
GTTACGAAGTTCAACC-1	B
TCCAGAACAATAGTGA-1	CD8T
AAACTCGTCCACGAGC-1	Mono
GGCACGTTCGAGGTAG-1	CD4T
GCTCACTGTATTTGCG-1	CD4T
AGTGCGCAGCAGGAGG-1	CD8T
GCTTTCGGTTTGCATG-1	Mono
CCACGTTTCCCGTAGG-1	CD8T
TCAGTTTGTTAGAGAT-1	Mono
GCATGATGTGCTTGAT-1	otherT
CCTCCCTCAACTCCCT-1	CD8T
TAATCGGTCTCTTCCT-1	CD8T
TGGCGCAAGACCCATT-1	Mono
CTGGCAGTCCCTACCA-1	NK
TTCTGTATCCCATAGA-1	CD8T
CGTAAACTCGCTAGTA-1	CD4T
CACCTGTCATTGATGC-1	CD4T
TAACTTCAGTGAGTGC-1	Mono
TTCTAACGTTGAATAG-1	CD4T
ATATTCCCACAGATGG-1	CD4T
CATAACGTCACTGATG-1	Mono
GACCGACTCGGCATAT-1	DC
GGGTGTCGTGCTGGCT-1	CD4T
CAAGGCCTCTTGCGCT-1	CD8T
GAGTGAGAGTATACGA-1	CD4T
TGCCTGTTCGTCTAGA-1	CD4T
TTAGCTTGTTAGGCTT-1	CD8T
ATTGTCTAGTATACGA-1	CD8T
ATTCGTTGTTAACCAC-1	otherT
AAACTCGCAAGCGGTA-1	CD8T
TTTGGCCTCTTCTTCC-1	Mono
CAGCTAACAGAACGAC-1	Mono
GTGTGATGTATGTTCG-1	CD4T
CTGTATTGTGATCAGG-1	B
ATCCCTGCACGCTGTG-1	Mono
TTAGCTTAGGGCATTG-1	Mono
GACCCAGAGGAGGCGA-1	B
GCGATCGAGGTTGTTC-1	Mono
AGCCGCAGTTCTACCC-1	CD4T
AACGGGAAGTACTCTG-1	CD8T
TCAAGCAGTAGATGAT-1	CD8T
GGGAACACAATTCTCT-1	CD8T
GACCCAGCAGATAAGT-1	otherT
CCACAGGAGGTCTTGT-1	Mono
GAGGATGTCGTGAGTT-1	CD4T
CTCTCGATCGTCAACA-1	DC
CACGTTCGTCTAAGAA-1	CD8T
GCCATAACACCTATTT-1	CD8T
GTCACCTGTGCCAAGA-1	CD8T
TGGGTGCTCATTCGGA-1	Mono
CTGTTCGTCGCTCGGA-1	CD8T
GCAGCCAGTCATTGCA-1	otherT
GCATTGAAGGTACACG-1	CD8T
GATTAGCGTAGCATGG-1	Mono
GCCTACTGTCTCTGCT-1	Mono
CACCTTGTCATGTTCT-1	CD8T
ACATGCAGTCCTATTT-1	Mono
GATTAGCTCGCGCCAA-1	Mono
GGGCCATTCCATGACA-1	CD8T
CGATGATTCAAACCCA-1	CD4T
ATCGAGTTCTATCTCA-1	CD4T
GGAATCTTCTTCGTTA-1	CD4T
TCCCACACATGGGTGA-1	otherT
AAATGAGTCACAGGGA-1	CD8T
TCAGGGCTCGGGAAAC-1	otherT
TGGAAGGAGTAGGTCG-1	Mono
GAATCTGAGAAATTCG-1	CD4T
TCACAAGAGGATGTAT-1	Mono
AGCCTTCTCTGGGCGT-1	NK
TCAAGACGTCATTGGT-1	NK
CTGCTCACATTAGCCA-1	CD8T
AAAGGGCGTGCAGACA-1	otherT
CTCTCAGTCTAGCAAC-1	CD8T
AGCCTGGTCTAGCAAC-1	CD4T
TACGGATGTCTGGTCG-1	B
GCCCGAAGTTCAGTAC-1	CD4T
AAAGGGCGTCATCAAC-1	CD4T
ATCCCTGAGGAAACTT-1	CD8T
GGGCCATGTTTGACCA-1	DC
CCTTAATGTACTTGAC-1	CD8T
GGTGCTGAGTGAGCAC-1	B
GAGGCTCAGTATGCTC-1	B
AACAGTCCATCCATAG-1	CD8T
GTCGTAATCCATTGAG-1	CD4T
TTGCGGGCATTTGTTC-1	CD8T
GCATTGACACAGATGG-1	CD4T
TAAGTGCGTCAGAGTG-1	Mono
TCACCACCATTGCGAT-1	Mono
CTCTCGACACCTCGTT-1	CD8T
ACCGCAGTCACCACAA-1	otherT
AGATTCGCACTACACA-1	B
TGTACAGAGGTACATA-1	CD8T
TTATGTCCAGCAGGTA-1	CD4T
GCTCGAGTCGGTACTA-1	Mono
CCATACCCAGTATACC-1	CD8T
GGAACTTTCTATGAGC-1	Mono
GCATGATTCTTCTCTC-1	DC
AACTGGTTCAGGTTTG-1	CD4T
GCTTGCTAGTGCTAGG-1	CD4T
TCTCTGGTCCAGGTAT-1	DC
TCACCACAGTCACACT-1	CD8T
GTGATCAAGGTCGTTT-1	B
GCGATTATCGGATGTT-1	Mono
CAAGCTATCGGATAAA-1	CD4T
GCGATCGCAACTAGAA-1	CD8T
TGCTCGTTCAAACCCA-1	CD4T
GTGTCAAAGTGTTCCA-1	NK
CGTAAACTCTGGCCAG-1	Mono
TACCTATAGTCCAGAG-1	CD8T
GACCCAGCATCGACCG-1	DC
TGAATCGAGAAATTCG-1	Mono
GGGTTATCAATCCATG-1	CD8T
GGCATTATCCAGGTAT-1	CD4T
ACTCGGGGTCATAGCT-1	CD4T
CACATGAGTGGATTCT-1	CD4T
AGCCTCTTCGGTAGGA-1	CD8T
TGCTCGTAGGAAGAAC-1	Mono
GTAGGAGCAACAACTC-1	CD4T
GATGATCCACGTGAAG-1	otherT
CGCTAGGTCCCAGCAG-1	CD8T
GCTTAAGTCAGAACGG-1	CD8T
GGACACCAGGCGTCCT-1	NK
TTGCTTACATGACTGT-1	CD8T
AATGTCGCAGGCATTT-1	CD8T
TCGCCTAAGACCGCAA-1	CD4T
TCAGGTACATGTGGGA-1	CD8T
GCTCACTCAAGCGTCC-1	DC
GCTTGCTTCGTATAGC-1	DC
GCTCGAGTCTACCCGT-1	Mono
CTTTGCGCAAATTCCG-1	Mono
GTCACAATCGGTTGTA-1	B
TTTGAGGTCCAGGCCA-1	CD4T
CTGGCAGGTATGTTCG-1	CD8T
CATTCCGGTTTGACCA-1	other
CGCTATCAGGACTAGC-1	otherT
GCTGAGCTCACCGCGA-1	CD8T
CACTGAAAGAACGTTA-1	NK
TTCTGTAGTTCTACGA-1	Mono
CTGGCAGTCTTCCACG-1	Mono
AGCCAGCTCTACATCT-1	NK
TCAAGGTAGACCCTAT-1	Mono
AACGTACGTGGATTCT-1	Mono
AGCTGATGTCCTATTT-1	Mono
CCTTGCAAGGTCGTTT-1	CD8T
GTTACTTAGGCCAATG-1	Mono
CTCTACGCATGTGAGG-1	CD8T
AACGTACGTAATGCCT-1	otherT
TGCGTAATCTACCCGT-1	otherT
TGTAGCACAACTCAAC-1	CD8T
CTGCGTTAGGTAAGTT-1	CD8T
GCGAGAAAGTCTAGAA-1	CD8T
CCATACCGTAACATAG-1	CD4T
TTGCGGGTCGCTATAG-1	CD8T
TAGCTTTAGTACAGAT-1	CD8T
TTCTGTAAGTGGGACT-1	CD8T
GGACACCAGTTTGGAA-1	CD8T
GATGATCGTCTGGGAA-1	CD4T
CGCTATCGTCATAGCT-1	CD4T
TAGACTGCATTAGCCA-1	B
GTCCATCGTTCTGAAC-1	CD4T
TAATTCCAGGTCGGTA-1	CD4T
TAGACTGTCGTCCCTA-1	Mono
ACAAAGAAGATCGCCC-1	Mono
TGTGTCCTCCCTAAAG-1	CD4T
TTGCACCAGTCCAGAG-1	CD8T
GAAGAGCTCCTGTGGG-1	CD8T
ACGTTAGTCCCGTAGG-1	B
CTACAGATCTTCCGTG-1	Mono
CGGACCAAGAGAGTTT-1	otherT
AGCCTTCAGATGGGAA-1	DC
TCAGCTCGTGTGCTTA-1	CD4T
CTGTTCGCATCACAAC-1	CD8T
GCATTCCAGTGTAATG-1	Mono
AACTTGGGTGCATCAT-1	CD4T
TATGTTCTCGATAGCT-1	NK
GCGAGAATCCATGACA-1	Mono
ACGTGGCGTGGACCAA-1	CD8T
GCGATTAAGGTCGTTT-1	CD4T
TGTGACAGTAGCGGTA-1	Mono
AGATTCGGTATTCTTC-1	Mono
GTGATCACACGCTCAG-1	CD8T
TCGAGCGGTAAGCCTT-1	CD8T
TGGACATTCGTTCAGA-1	NK
GCTCCTACAATTAGGA-1	CD8T
GTCTACCAGGGACGTT-1	CD4T
TCAAAGCTCGCAACTA-1	otherT
TTCATTGTCAGTGTAC-1	CD4T
AATGGAAGTACGACCC-1	Mono
TCAGTCCGTCTGAGCC-1	Mono
GAAATGACAATTCAGC-1	CD8T
CCTATTATCAAGTTGC-1	CD4T
CCCGTTACAATGACTC-1	Mono
TTGCACCTCATCGCTC-1	CD4T
ACGTTAGCAGTAACGG-1	CD4T
CTACTTAAGCGCAATG-1	CD8T
AAAGATGAGTGGTGTG-1	CD8T
TACTAGGTCTTGTCAT-1	B
GCTCCTATCCGAGAGA-1	CD4T
TTCGCGTAGAACAGGA-1	CD8T
GTCACCTGTGAAACAT-1	CD4T
CAAGAAATCGAACACT-1	NK
TCCGACTTCAGTGGTT-1	Mono
GATCGTAAGCTTACCA-1	NK
AGGCCCAAGACCAATA-1	CD4T
TGTAGCAAGTCCCGCA-1	Mono
AACTGTGCAAGCGGTA-1	CD4T
GCCAGCACACTGATAC-1	B
TGACAACCAGAAGTGC-1	CD4T
TTGTCTATCTCTTCCT-1	otherT
CCGTGAGCACACTAGT-1	CD4T
GATTGACTCAGGTTTG-1	otherT
CTACAGAGTGCTAGTT-1	CD4T
TGGCCTTGTTCGGGAA-1	CD8T
TTCAACTGTTGGGAAC-1	B
TGGCCTTCATCATAGC-1	CD8T
GTGACATGTACAAGCG-1	CD4T
GGTAGGATCTACATCT-1	CD4T
TGGGTTACAAGCTTTG-1	CD8T
CTTTGCGAGTACAGAT-1	CD8T
AGGCGTCGTCCTTATT-1	Mono
GGTTGCGCAATGATGA-1	otherT
ATGTACGCACGAACGA-1	B
TGTAGCACAGGGAGTT-1	otherT
TTGTCTATCTTCGTTA-1	CD8T
AAACTCGAGATATGAC-1	CD4T
TCAGTTTGTTTAAGCC-1	B
ACAAGCTAGACTAGGC-1	DC
TAGCCCTGTCAGGCTC-1	Mono
TTAACGGGTTCTTAGG-1	CD8T
TGGTCCTTCTACTTTG-1	CD8T
CCATACCAGGTACTCT-1	Mono
TAGGTCAAGAAGCCGT-1	CD8T
TGAATCGCAGGTGTGA-1	otherT
GAAATGAGTTGCAGCC-1	CD4T
TTGCAGACATAGATAG-1	Mono
TAAGCCAAGCATTGGG-1	otherT
CGATGATCATTTCACT-1	B
TCAAGGTGTTTGCGAT-1	CD4T
TTTGTGTTCCTCCAGT-1	Mono
GCGGAAATCAGTGTGT-1	CD8T
TTAGCTTAGCTAACAA-1	CD8T
GCAAAGGAGTTGTCCA-1	CD4T
GCACGCAAGACCGCAA-1	Mono
TACTGCCAGTTGACAA-1	otherT
ACTGTCCGTTGCAGAG-1	Mono
AGCCAGCGTGCAACAG-1	DC
AACTTGGCAAGCAGGT-1	Mono
ATGTCGAGTATTCTCT-1	Mono
CCCTAGTTCGCACCTT-1	otherT
TTAGCTTCACTGTCAA-1	CD4T
ACAATCGGTTCCGCGA-1	CD4T
TGCTTCGAGAGAGGTA-1	Mono
GCTGAGCCACCACAGC-1	NK
TGCCTCACATTATGGC-1	CD4T
GAGCATTCATTACACG-1	CD8T
CTTGAAGCATAGACGG-1	Mono
AGTGTACTCGCGGCAT-1	CD4T
CCGTAGGTCGAACACT-1	Mono
CACTGAAAGAAGCCGT-1	CD4T
GTGCACGAGTATACGA-1	CD4T
GTAGACTCATCCCGGA-1	CD4T
AGGCCTGCACCACAGC-1	Mono
TGGTCAATCTGCTACC-1	CD8T
GCAAAGGCAACGACAG-1	Mono
ATCCTCGCAGAAAGAG-1	CD4T
TGTAAGCGTGTCCTTC-1	Mono
TTCGTTACATTTAGGC-1	DC
CTCTAGCCAAGTTGCT-1	CD4T
AACTTGGCACCTACCT-1	B
TGGCCTTCAAGGTTCT-1	CD4T
TGGAAGGTCGCACCTT-1	CD4T
AGCCTCTGTTAGGCTT-1	CD4T
TGATGCATCGAGTGTT-1	CD4T
GAAGTCTTCATGCTTT-1	CD4T
AACCTGACAAAGGCCA-1	CD4T
ACTAGGTGTTTCTCTA-1	otherT
GAGCGCTGTATCATGC-1	CD4T
CTTGCCACACTCGGAC-1	B
GTCACGGAGCTTCAAC-1	B
TGGTCAACACGTTACA-1	CD8T
GGGCCATAGCCTATAC-1	CD8T
CTACAGACATAGATAG-1	otherT
TCAGTCCCAATCAGGG-1	Mono
TCAGGGCCACGCTAAT-1	CD4T
AACTGTGTCCTTTGAT-1	Mono
GCACGCACATTTCACT-1	B
CATGTTTGTGTGAGGT-1	CD4T
AGTCCGGGTTTCGACA-1	CD4T
TGGTCAAAGCCTCGCA-1	Mono
TAACAGCGTGGCCTCA-1	CD4T
TAATCGGAGGAAGGTA-1	CD8T
TGCTTCGGTGGAAAGA-1	DC
TCGTTCGAGATCTCAC-1	Mono
GTAGTACTCCATACCC-1	CD4T
AAACGAAGTGCTGTGC-1	B
ACAAACCGTCCAAGAG-1	NK
CTGGCAGAGTCCAGAG-1	CD8T
AGATTCGAGAGTTCGG-1	Mono
ATTCGTTGTTACACTG-1	CD8T
AGTCCGGAGCATTGGG-1	Mono
AACCTGAGTGATGTGG-1	B
TATCTGTCAAGCACTT-1	Mono
CCACAGGTCATGCTTT-1	CD4T
TGCTATTCAGGCTACC-1	CD4T
TTGCGAAAGAAGAGTG-1	CD4T
CTGCTCACAATTCTCT-1	CD4T
CTTTGCGCAGAGCCAA-1	B
AAAGGGCAGTCGAGCA-1	CD8T
ACATGGTGTCAGACGA-1	B
AGCCTCTTCTCTTCTC-1	CD8T
GTGTCCTTCCGTGCAG-1	Mono
ACTAACGCACTAGCCG-1	B
CGCAATAAGGGTATCG-1	CD4T
AACCTTTCATAGCCAT-1	B
AGTTTGGTCCTTTGAT-1	otherT
TGCATGAGTTCTTTGT-1	CD8T
CCGCATTTCTCCCTTT-1	CD8T
AGCCTCTCATGCGACC-1	CD4T
AGACAAAGTCAGACGA-1	CD4T
TGCTCGTGTGACCAGA-1	otherT
TACATGGGTGAATGGC-1	Mono
AAACTGCGTTGTCGGC-1	otherT
ACATGCATCCGTTTCG-1	CD4T
CCGTAGGGTTCCAATG-1	CD4T
GGCGTTGAGACGCCCT-1	CD4T
TACTCGCTCGGCAATT-1	Mono
GCTTGCTTCCGATTGA-1	Mono
GGTAGGAGTGTCTACA-1	otherT
CAAGAAAAGGAAGACA-1	other
ACCGGGTAGTCCTTCC-1	Mono
ATTACCTCAAATGCTC-1	Mono
CAGTATGGTGCTGAAG-1	Mono
TAGGTCAGTGAGTTGG-1	CD8T
CATGTTTGTGGCCTTG-1	CD4T
TCGCCTACACCTACCT-1	CD4T
TACTGCCGTGCTTGAT-1	B
TTTGGCCTCGTGGTAT-1	Mono
GAACGTTCATGACTGT-1	CD8T
AACATCGTCATGCTTT-1	CD4T
GAGACTTTCCATCGAA-1	Mono
GAGGATGAGGAAGGTA-1	CD8T
TTGCTATAGAGCTCCC-1	Mono
GAAATGAAGCACGTAG-1	CD8T
AACCTTTTCCTTTGCG-1	CD4T
CGCTGGATCCTGTGGG-1	CD4T
TGTGGCGCATCCGTGG-1	CD8T
GCGTTGGAGTGATATG-1	CD8T
TACAGCATCATCGCCT-1	Mono
CCGTGAGGTCCGAGCT-1	Mono
CCTATTAAGAACTCCT-1	CD8T
CTTTGCGCATCAACTG-1	Mono
TGACAACCACAGCCAC-1	CD4T
AATGCCAGTAACATAG-1	Mono
GCTCCTAGTAGAATAC-1	CD8T
CAAGAAACAACGTAGG-1	B
TGCTCGTAGAAGCCTG-1	Mono
ATATTCCAGTGAGCTG-1	CD4T
GTTCAAGCACGCCGAT-1	Mono
TGCTTTAGTTTCCTAT-1	CD8T
TACCTCGAGCGAGAAA-1	CD4T
TTACCGCAGAGTGGAA-1	CD8T
CACTAAGAGGCTCAGA-1	CD8T
GCTTTCGGTAGTGATA-1	CD4T
TAATTCCGTAGCGGTA-1	Mono
ATGTACGTCCTCATTA-1	NK
TAGTCCCCACCACCAG-1	CD4T
AAACTGCAGTGATATG-1	NK
AGCCAGCTCGTGGAAG-1	CD8T
CACCACTCAAGAGATT-1	CD4T
CGCAGGTAGGAGGCGA-1	CD8T
GGCGTTGTCTTACGGA-1	CD4T
CTAGCGGGTCAACAGG-1	CD4T
CGTACAACAACGTAGG-1	CD4T
AATGGAAGTAGACACG-1	Mono
TTGCTTACATCCGTGG-1	B
TGCTCACAGCATGTGG-1	Mono
GAAATGACATGGCCTG-1	CD4T
TTAGCGAGTCCCGTGA-1	CD8T
CAACGTACAACTAGAA-1	CD8T
TGCTCGTGTAGGTCTT-1	Mono
TTCAACTCATGGGAAC-1	CD4T
ACTCGGGAGCTCGTTA-1	DC
GCAGATTAGGCTTTAC-1	CD4T
AAATGCCTCAGGAATA-1	CD4T
TAGTCCCCACTAAACC-1	CD8T
AGCCTTCCACAGAAGC-1	CD4T
AGATAGAGTGGCATAG-1	CD8T
CAGTATGGTTAGGAAT-1	B
GAAAGTACAACGTAGG-1	CD4T
ACGGATTAGTAATGTG-1	CD8T
TCCCACACACCCATCT-1	NK
CTCAGAATCTGGTACA-1	Mono
GAAATGATCGGCTATA-1	CD4T
GAGCGCTCAAGGGTAC-1	Mono
AACAGTCCACAGTTAC-1	CD8T
CCGTACTAGGATGTCG-1	CD4T
CCCGTTAAGTACGACG-1	Mono
TTCTGTAGTCAACAGG-1	CD4T
CTGAATGCATGTGAGG-1	B
GTGCTGGGTAGGTAAT-1	CD8T
GTAGTACCAGGGAGTT-1	otherT
CTTGCTGGTTTAGGAA-1	Mono
AGCCTTCAGAGGCGGA-1	CD4T
GTTGGTACACCTATTT-1	B
AAGATAGAGACTCGGA-1	Mono
TTTGTGTGTACTTGAC-1	CD4T
GGAGGATTCAGGAAGC-1	B
CGTAAACCATATTGGC-1	CD4T
AGGCGAAAGGCTAAAT-1	CD4T
AGCCGCATCAGAGTGG-1	CD8T
CACGTTCTCACTTACT-1	CD4T
GGTACCGAGGCAAGCT-1	B
GCTCGAGTCTCGCGTT-1	Mono
CATTGGACAAGTGGCA-1	CD8T
TGCCTGTCAAACCTAC-1	Mono
CCGTACTTCGACTTAG-1	CD8T
ACTGCGGCATTACACG-1	other
AATGGAATCTCTGCGT-1	Mono
GAGACTTGTTGTGACT-1	CD4T
AACGGGAGTGATGTGG-1	CD4T
TATTGCTTCGCGCCAA-1	CD8T
TTGGTCCGTGTCTACA-1	CD8T
TGTTAGGCATCGGCCA-1	B
TGGCAATTCCACGGCA-1	CD4T
AAACGAAAGAGCCTGA-1	CD8T
TCACCTGGTGAATGTA-1	CD4T
AAACTCGCACTAAACC-1	CD4T
CAGTATGAGGATTGCG-1	CD4T
GGTTGCGGTCATAAGA-1	CD8T
GGGTGTCGTAGCGAGT-1	B
GCGCCAACAGGTAGGT-1	CD4T
CTGCGTTCAACTACTG-1	CD4T
GCCAGACAGTTACACC-1	otherT
CTCAACCAGGGAAATG-1	CD4T
GTGATCATCGTGCTGG-1	CD4T
CCATACCGTATTCGAC-1	Mono
ATTACTCTCAGTTGAC-1	B
AACCGATGTGGTAAGC-1	Mono
GCTCCTACAATGACTC-1	CD4T
CCGTGAGGTGGCATAG-1	CD4T
TTTGGTTTCTACTTTG-1	Mono
GTCACTCTCGGGAATG-1	CD4T
TGGAAGGCACACATTG-1	CD4T
GAAAGTACAGTAAGAT-1	DC
GATGGCCGTATTCTCT-1	Mono
GTTGGGCAGACTCGGA-1	B
GCAACCGGTTTCTCTA-1	CD8T
ACGGATTTCGGGAAAC-1	CD8T
TTCTAACGTTCTGAAC-1	CD4T
AACCAACGTATGCTAC-1	CD8T
TGATTTCAGAAATACC-1	CD4T
CGCTAGGTCGCATACA-1	CD8T
TAGGAGGCAAGAAACT-1	CD8T
ATGTTTCGTCACATTG-1	otherT
TCACTCGGTGAGGTCA-1	CD8T
CCACAGGCAAGCCTTA-1	Mono
TCGCAGGTCGTGGCGT-1	DC
CGATGATAGCCTCGCA-1	Mono
CACGTTCAGTAGTGTA-1	CD8T
ATTCGTTCACCAAGGA-1	CD8T
CCCAGAGCAGGACTGA-1	CD4T
CCTATTATCGCTATAG-1	CD8T
GCACGGTGTATGGTTC-1	Mono
CTTGTCGCAAGATTAG-1	CD4T
TGAGTCAGTCCTCAGG-1	CD4T
CTTAATCGTGATGTGG-1	otherT
AGACAAAGTGCATCAT-1	otherT
ACAGCGCGTCCCTAAA-1	CD8T
GCCCAGAAGAGGTCCA-1	CD4T
ATTACTCGTCGAGAAC-1	Mono
GAACGTTGTTAGTAGA-1	CD8T
GCGGGTTTCCGGCTGA-1	CD8T
AGCCGCAGTAGCAGCA-1	CD4T
TTACGGACATTTAGGC-1	otherT
CTACAGAGTCCACCAG-1	CD8T
TGCTATTGTCCACCAG-1	CD8T
ACTACCCGTAAGTGCG-1	CD8T
ACGTGGCGTATTGTCG-1	Mono
GTCACGGAGTCGTACT-1	CD4T
TCACAAGTCCACACCT-1	CD8T
CAGTGCGGTATCAGCT-1	B
ATCCCTGCAAGTTCGT-1	Mono
GCACCTTTCGCAAGCC-1	Mono
GGAACCCCAACGTCGC-1	Mono
GAACTTGAGGGAGTTC-1	Mono
TGTAGCACAACGCAAG-1	CD8T
TCAGTTTAGTAGGTCG-1	CD8T
GTCCATCTCACTCGGG-1	CD8T
AATGTCGAGTGGTGTG-1	Mono
TTGTTCATCGGCATAT-1	CD4T
GCGTTGGTCGATCTTT-1	Mono
TGTGGCGAGACTTGAA-1	Mono
TCACAGACATAGTCCA-1	CD4T
ACAGACTAGGTTCTCA-1	CD8T
TACGGATGTGCACTTA-1	CD4T
TGTACAGAGTCAGCCC-1	Mono
AAACTGCGTGTCCAGC-1	B
GAGAACGTCAAGTTGC-1	CD8T
TACATGGAGACCTATC-1	Mono
ATATTCCGTACCCACG-1	CD4T
CGAGTTAGTACAAGCG-1	CD8T
GCCTACTCACTTATGG-1	CD4T
TCACCTGTCTTCCGTG-1	Mono
GGCGAAAAGACTTGAA-1	CD4T
TATGTGGCAGTAGGCA-1	CD4T
GTGTGATTCTCAGATG-1	CD8T
CTGAATGCAAGTCTCA-1	B
TTTGGCCCAACTCGTA-1	CD4T
TAGCACAAGATCGCCC-1	CD4T
GCTCCTACACACATTG-1	CD4T
TTCAACTCACTGATTG-1	CD8T
CTAGCGGTCTCTGCGT-1	CD4T
CTCATGCGTTGGAGGT-1	CD8T
CAGTATGGTTGGAGGT-1	CD4T
TGACAACAGACTTCCA-1	NK
CACTAAGGTATATGGA-1	otherT
CGCTATCGTCACCCGA-1	CD4T
GAACGTTAGGGTCTGA-1	CD4T
ACTGTCCTCCTCATTA-1	NK
GTGTCCTAGCGATACG-1	CD8T
CTCCCAAAGGATTGCG-1	CD8T
TCAGGTACAAGCAGGT-1	CD8T
AAATGCCAGACACAAT-1	Mono
GCGGGTTGTCAACTGT-1	CD8T
AAAGGGCCACGGCCAT-1	otherT
AGGCGTCTCTCGGCGA-1	Mono
GTGCCAGCATATAGAG-1	CD8T
TGCTATTAGAACGTCG-1	Mono
GGTAGGAGTCAACAGG-1	CD4T
ATCCCTGCAAAGCTGG-1	Mono
TGGTCAACAATCACTG-1	CD8T
GCATTGAAGCGCATTT-1	CD8T
ATTCGTTAGAGTGGAA-1	otherT
TTGTTGTAGGTTCGAG-1	Mono
CGGACTGAGCGCAATG-1	CD4T
CCGCATTGTAGATGAT-1	CD8T
TACTGCCAGCGAATAT-1	CD4T
AATACGCCAAGGTTCT-1	Mono
TCACAAGTCTGATCTT-1	CD4T
CGGTGCATCATCGCAA-1	CD4T
CTAGGATGTGTTAGAA-1	otherT
TCAAGCAGTGCCAAGA-1	CD4T
GCTCCTATCTGTGTGA-1	CD4T
GCAGCTGAGCAATAAC-1	Mono
AACAGTCCAAACCTAC-1	CD8T
ACCATCCTCGTTGTAG-1	CD8T
GTTGGGCAGTTATGAG-1	Mono
GAGAACGAGTCCCTCT-1	Mono
TGTGGCGGTGAATACA-1	Mono
GCAGCCAGTACGCCCA-1	NK
TCCCACACAACGACAG-1	Mono
CCTGCTACAAGGGAGG-1	Mono
TCAAAGCCAGTCCTGG-1	CD4T
GCTTTCGAGTTCCAGT-1	CD4T
GCTGTTCAGCTCCGGT-1	CD8T
TGCTATTGTTTGACCA-1	CD8T
GTACTTTAGATGTTGA-1	CD4T
TTCTAACGTCAGACGA-1	CD8T
CCTAAAGAGGATTTGA-1	CD8T
TGGCGCACACAGCTTA-1	B
TTGCGGGTCACAACAC-1	CD4T
GGCATTAGTGTTTCTT-1	otherT
TAAGTGCTCGGATGTT-1	Mono
TTGCCCATCCATGACA-1	B
GACCGACGTAGGGTCA-1	Mono
CCACAGGGTGGACTGA-1	CD4T
TCCGACTTCCTCATTA-1	Mono
TGTAAGCAGGTACACG-1	CD4T
CCAGAATCACAGTAGG-1	CD4T
ATTACCTTCACCCTTG-1	CD4T
CTCGCTATCGGGCTCA-1	Mono
GCGGTGTAGTATGGGC-1	DC
ACCGAATCATGGATGG-1	CD4T
TAGCATGTCTCAGATG-1	CD8T
TACCTCGAGACAGTGC-1	Mono
TGTAGCACAAAGAGAG-1	CD4T
TCACAAGAGCTGAAAT-1	CD8T
ACGGATTGTTGGCTAT-1	Mono
ACCGGGTAGACACAAT-1	CD4T
GGTACCGAGTCACACT-1	CD4T
ATGTCTTAGTTCCAGT-1	CD8T
CGGACTGGTTAACCGT-1	otherT
GGAGTAGTCCAAGTCA-1	CD8T
ACAAACCAGGGTTCTT-1	CD4T
GTTACTTCACTCGGAC-1	CD4T
TGCTCGTCATTCACGA-1	CD8T
ACAAGCTAGAAATACC-1	otherT
TCTCTGGAGTTCGCGC-1	Mono
TATCTGTGTGTGTGCC-1	Mono
AGGCCCATCTTCTCTC-1	CD8T
TGCCTCAGTCTCTAAG-1	CD4T
CAGCTGGAGTCGCCTG-1	Mono
TACATTCCAGAGAGAA-1	Mono
CGGACTGGTATGAAGT-1	CD4T
TACGCCTGTATGGGTG-1	CD8T
AGGACGACACTTTGGA-1	CD8T
GAAACAAGTCAGGTGA-1	NK
TCGTTCGCAAACCTAC-1	CD4T
AGCGTATTCACATCCC-1	Mono
CCCTGATTCATTGCCC-1	CD8T
CTGTTCGAGACTAGGC-1	Mono
GGACACCAGAAGCCTG-1	CD4T
GCAACCGCAACCTCTC-1	CD4T
AGCCGCAGTATCAGCT-1	CD8T
GCAGCTGAGCTATCGT-1	B
TGCGTAAAGCAACGGT-1	NK
CAGGATTTCCTCCAGT-1	CD8T
TGTGTCCCATCGAGTT-1	CD8T
TGCTTCGAGAGCGAAA-1	B
GGCATTAGTGCGTCCA-1	CD8T
GACCGACTCGATGTAC-1	Mono
CTTGTCGGTGTACGCC-1	Mono
GTCACGGCAATGTAAG-1	CD4T
GTGACATCAACGTCCG-1	otherT
GCGTAGCCAGTGCTCG-1	otherT
GGCACGTTCTTTGCAT-1	B
TGACTCCGTAAACCCT-1	CD8T
CAAAGCTTCGCGTTCT-1	CD4T
AGCTGTAGTAGCAGCA-1	B
CTACTTATCAGGGTTT-1	Mono
ACTTTCACAAGGCTTT-1	CD8T
AGTCCGGCATTAAGGA-1	CD8T
GTCGTAAGTTCTTTCA-1	Mono
GTTATTCAGCTCCATA-1	CD4T
AACGAGGGTGAATGTA-1	CD4T
CTTGAAGTCTTCATAC-1	CD4T
TGGGTTAGTTCTGATG-1	CD4T
GATGATCCAGTTGCAT-1	NK
AGTCCGGGTATCAGCT-1	CD4T
CTGCGTTCATGGCCCA-1	CD8T
TATCTGTGTGCATTGT-1	B
TTGCAGACATTAAGGA-1	otherT
GCTTAAGGTTGGGAAC-1	Mono
AGTCAACCAAACCTAC-1	CD8T
GCGAGTCCATTCACCC-1	CD8T
TTCGATTTCCAATCCC-1	CD8T
GCTTTCGGTGAATGGC-1	CD4T
TTGGTCCAGTGATCTC-1	CD4T
TCAAGACCAACGTAGG-1	CD4T
GGCATTAAGGGAAATG-1	CD8T
ACGTTAGAGAGCCTGA-1	CD4T
TTGGTCCCACCGAATT-1	CD4T
TCCATCGAGTTCCAGT-1	otherT
ACAAGCTGTGACAAGC-1	CD8T
GGTTGCGCACTTACAG-1	Mono
TTGCTATTCGCTTACC-1	DC
CCGCATTCAGTCCTGG-1	CD8T
TCAAGGTGTGAATCAA-1	CD4T
GGTACCGGTCAGAAAT-1	CD4T
CCCTCTCGTAACGGCA-1	otherT
GTACTTTGTATCTAGC-1	CD4T
TGGCGCAAGCTAGCAG-1	CD4T
CACTGAACACTCGCAG-1	CD8T
TAGGTGTTCAAGGCCC-1	NK
CACGTTCAGACTCGGA-1	Mono
TGTGTCCAGTGCACAG-1	otherT
TGAGTCACACCACCAG-1	CD4T
CACCTTGAGAATATCG-1	CD8T
GAGATTCAGCAACTGG-1	B
AAGATAGAGGTTGTGG-1	Mono
CAAGGCCCACTCCACT-1	CD8T
TGGCCTTAGCTACGTT-1	B
TGAGTCACAAGAGATT-1	CD4T
AAATGCCGTTTGAAGA-1	otherT
GAACTTGGTGCGTCCA-1	CD8T
CATAACGCAAACCCTA-1	Mono
CTACAGACACATGATC-1	CD8T
GGTTGCGCAGACCTGC-1	otherT
CTCCCAAAGTATCTGC-1	CD8T
AAGGTTCTCTTAACGG-1	CD4T
TACAGCAAGTAGAAGG-1	CD4T
GCGGGTTTCGGGACAA-1	CD4T
TACGGATGTGCTTACA-1	otherT
TAACGGTTCGCAAGCC-1	CD4T
TGCTCGTTCTCGTAGA-1	CD8T
AATGCCAGTCTGATTG-1	Mono
AACGTACCAAATAGTG-1	CD8T
TGCTATTCACTGGGCT-1	CD8T
CAACGGCCATTTCTTG-1	CD4T
CGTGGCATCTCATATC-1	Mono
CGCTATCTCACCCTTG-1	otherT
CAGGATTGTCAAACAA-1	CD4T
ATCCAGACAGGGTACA-1	NK
AGCCTTCAGGCACCTC-1	CD4T
TGCATTTCATTCGTCC-1	CD8T
GAGATTCGTGCAACAG-1	DC
TCACTCGTCGATTACG-1	Mono
AACGGGATCGGTTGTA-1	NK
CCTGCTAAGAGGCAGG-1	otherT
CCCTAACTCTGGAAGG-1	otherT
TTACGGATCATCATGG-1	otherT
TTCGCGTCATCATGTG-1	CD8T
CACCACTCACTGCTCT-1	CD4T
AGCCTCTCAGCCACGT-1	DC
CAGCTAACATTAGCAC-1	CD4T
TTCAACTGTATGTCCA-1	CD8T
CTTCTAATCAGTCAAC-1	otherT
GACCAATGTAGAAAGG-1	CD4T
GGCACGTGTTCATTTC-1	Mono
CTAGGATTCCGTACGG-1	Mono
ATCCCTGCATAAAGTG-1	otherT
GTTACTTTCCGTACGG-1	Mono
CATAACGGTTTCGATG-1	CD8T
GTCTACCGTAGGTAAT-1	CD8T
TTAGCGACAATGTGCT-1	CD8T
CACCACTTCGGCATAT-1	CD4T
CCAATGAAGATAGGTT-1	Mono
ACTAGGTCAGCCACGT-1	Mono
ATGCATGCACAAACAA-1	CD8T
TTAGCTTTCGGGCTCA-1	Mono
ACAGAAAGTTCCCGGA-1	NK
TGGCCTTTCTATATCC-1	CD4T
GTAGTACCATATTGGC-1	CD4T
TTCAACTCATTGATGC-1	CD4T
GTCGTAAAGTCCGTGC-1	Mono
AGTTACGCAATTGTGC-1	CD4T
TTTGAGGGTAGCATGG-1	B
TACATTCGTCAACTGT-1	otherT
GGTTGCGTCAACGTGT-1	CD8T
GTGCTGGTCTAGTCGA-1	CD4T
CTTGAAGGTCCCGTGA-1	CD4T
ATTGTGGAGAACCATA-1	Mono
ATCCCTGCACTCAGCG-1	CD4T
AGATTCGGTTGAAGCG-1	CD8T
TAAACCGCAGTAACTC-1	NK
GTACTTTAGAAGGGCG-1	CD4T
GGCATTATCAGTGGTT-1	B
GCATTGAGTCATAGAA-1	otherT
TATCTGTGTGCCAAGA-1	CD4T
GTCACGGAGACCAATA-1	CD8T
GTCGTAAAGGCGACTA-1	otherT
CGTGGCAAGTCGACCC-1	Mono
GGCGTTGCAAATGTCC-1	CD4T
TGTAGCAAGGGTGTTG-1	CD4T
GATCGTAGTCAACAGG-1	CD4T
TTCTAACGTTAACCGT-1	DC
CCACAGGGTGGAGTGT-1	Mono
TGGACATTCGATGTGT-1	CD8T
TTTGGTTTCGATGTGT-1	CD4T
AGCTGTAGTCCGCTTT-1	Mono
TTACTTGGTGAATACA-1	CD8T
AGATAGACATGGCCCA-1	CD4T
GGAATCTTCTAGTCGA-1	CD4T
GAAGTGGTCGGTACTA-1	CD4T
TTACCCGCAGTGGTCC-1	Mono
TACCCTGGTACTTCAG-1	Mono
GATTGACTCACAAGCT-1	CD8T
AAATGAGCAACTCGTA-1	CD8T
AGCCTGGGTCAGCTTA-1	otherT
CCAGATACATTGTGAC-1	CD8T
GCGTTGGTCAAGTTGC-1	CD4T
CTCAGAAGTTCTTAGG-1	CD8T
GGCGTTGTCCCAATAG-1	CD8T
GACCAATCAGTCCTGG-1	Mono
GCATTCCCAACGGACA-1	CD4T
CTTTGCGCAAGACTAA-1	Mono
GGCGAAAGTATTCGCA-1	CD8T
TGCATTTTCCAAGTCA-1	CD8T
GGAGGATGTCACCCGA-1	CD4T
TTCGTTAGTCAGGTGA-1	Mono
GCAAAGGCAACGCACC-1	CD8T
ACAGGCCCACTGTAAC-1	CD4T
TCAATTCAGTTACCAC-1	CD4T
GGGTTATCAATGAAAC-1	CD8T
ATCCTCGCACCACCAG-1	NK
GTAATCGCACATAAAG-1	B
TTAGGTGCAAGCTTTG-1	CD4T
TTCTGTAAGCGGACAT-1	Mono
CCCTCTCCAGTAAGAT-1	CD4T
CTCTACGAGACGCCCT-1	otherT
TGGTCCTAGCTGGAGT-1	CD4T
GTCACTCCAAACCCTA-1	CD8T
GCTTTCGAGGGTCTGA-1	CD4T
TCCATCGAGGTTACAA-1	CD4T
GGATAGGCACATGATC-1	Mono
CTGAATGGTAGTTTGC-1	CD4T
CTTGCTGGTACTATGC-1	NK
TCCAGAACAAACCGAG-1	B
TGGAAGGAGCTGGAGT-1	CD8T
GCACCTTAGGGACGTT-1	CD4T
GCAGCTGCAAACGACG-1	Mono
CGTACAAAGTTGACAA-1	CD8T
CTCTAGCAGAGGAACA-1	NK
GGTGCTGAGCTATCCA-1	CD8T
CAAGAAAGTCTGTGTA-1	B
ACAGAAATCACTACCC-1	CD8T
TAGCTTTCAATACTGC-1	CD8T
GCAGATTTCCAGTTAG-1	otherT
ATTTGTCAGGCAAGGG-1	DC
TGAGCCGTCCAGGTAT-1	otherT
ACTTTCAGTCTGGGCT-1	CD4T
TGGCAATGTGTGAGGT-1	CD8T
TGCTCGTAGGTCACTT-1	DC
CTCTCAGCAATACTGC-1	CD8T
GTGTGATGTATATGGA-1	NK
GATGATCGTGCAAGCA-1	CD4T
CCTTGGTAGTGCTGAG-1	CD8T
ATTGTCTAGGCGATTG-1	DC
CAATCCCAGGCAAGCT-1	Mono
GCTGTTCAGAATCAGT-1	CD4T
GAGCATTGTGACGCAA-1	CD4T
CAACGTAGTAACTGAA-1	DC
TCCATCGAGGTAGGAA-1	Mono
TAACAGCGTATTCGCA-1	CD8T
CTAACTTTCAGGTCTA-1	CD4T
AGGCGTCTCCAACAAC-1	CD8T
AATACGCAGTTACCAC-1	otherT
TCAAAGCTCTGAGTAC-1	CD4T
ACAGAAACATGCGACC-1	CD8T
AGTGCGCTCTTAAGCG-1	CD8T
TGGCGCAAGCGCGTTC-1	Mono
TAGGTCAAGTGTCGCC-1	CD8T
TTGGTCCAGAAATTCG-1	CD8T
TATCGAGGTTGTGAGG-1	B
GTGACATAGAGCTGTG-1	CD8T
GAACCTACACCTACCT-1	otherT
TTGTTCACACCCATCT-1	NK
ATTACCTGTTAGTAGA-1	CD4T
CGGACCACATTGTGAC-1	CD8T
TGATTTCGTTTCTCTA-1	CD8T
AATGGAAAGTGTCGCC-1	Mono
CTGTATTAGGGCTTCC-1	Mono
GTCACTCAGGGCTCTC-1	CD4T
AGCCAGCAGTAGGAAG-1	B
GCTCAGGCAAAGAGAG-1	B
CATTGGAAGTGAACCG-1	Mono
GTGTGATGTCCCTTTG-1	CD8T
TTTGGCCCAATGCACT-1	CD8T
GCTCCTAAGCTGAGGT-1	Mono
AGTGCGCCATCGTACA-1	CD4T
GGTAGGAGTGAATCAA-1	CD4T
ATGTTTCAGGGACGTT-1	Mono
AAAGGATCAAGGTCGA-1	DC
GGTGCTGGTCAGGTGA-1	Mono
GATCATGTCACGTGTA-1	CD4T
TGCACCTAGCTTCAAC-1	CD8T
GTCTACCTCGAGTTAC-1	Mono
CTTTGCGAGGACTAGC-1	CD8T
CTAACTTAGTTGCCGC-1	CD4T
AGCGATTCACTTACAG-1	CD8T
CTCACCAGTAGGGTTG-1	CD8T
TCTCTGGGTGAAACAT-1	CD8T
ATTTGTCAGACACGGT-1	Mono
GGTTGCGAGAGCGAAA-1	CD8T
CTTCCAGAGCTTACCA-1	CD8T
TGGCGCATCTTACTCA-1	CD4T
AGTCAACGTTGGGAAC-1	Mono
AGGCCCACACATTCTT-1	CD4T
TTCATTGCAAGTTGCT-1	CD4T
GCTTTCGCATTACCTT-1	CD8T
GCTTAAGGTCCGCTTT-1	CD8T
AAGATAGGTAGGGTCA-1	CD8T
GTCACAACATGCGTTA-1	CD8T
GACCAATGTGCAAGAC-1	DC
GCTTGCTCAGCTATAC-1	CD8T
GTTCAAGTCTGGAAGG-1	CD8T
GGTAGGAAGCGTTAGG-1	CD8T
ACATGGTTCACTACCC-1	CD4T
GGTAGGACACAAACGG-1	B
GTGATCAGTCCCTTTG-1	CD4T
TCAAGCACAGGATGTG-1	CD4T
TTAGCGACAAGGACCA-1	CD8T
TCAATTCTCACTCCCA-1	CD4T
TGTAGCAAGGTCACTT-1	CD4T
TTACCCGTCGTTCCGT-1	Mono
GCGATCGTCTATGAGC-1	CD8T
CGAGTTATCTTAATCC-1	CD4T
TGGACATGTACTTGAC-1	CD8T
ACAAGCTTCATCGCTC-1	CD8T
GAAATGACACTCGCAG-1	CD4T
ATTACCTCAACGTCCG-1	CD4T
TGATCAGAGTCGTGAG-1	CD8T
ACATGGTCATCCTGGG-1	Mono
GAGCGCTGTAGGTAAT-1	CD4T
CTAGGGCTCGGCATAT-1	Mono
GCGCCAAGTCCGTCGA-1	CD4T
GCCAGCACACTGTAAC-1	CD8T
TAGCACACACGATATC-1	CD8T
GAGGCTCGTGGTAAGC-1	Mono
ACTCGGGCACTGAAGG-1	CD8T
CCTATTAAGGCAAGGG-1	CD8T
CTCTCGAAGCAGAATT-1	otherT
GCCAGCATCCACACCT-1	otherT
CGCTAGGCAATCAGGG-1	Mono
CTACAGAAGGCTTTAC-1	CD4T
TTGTTGTGTCAATACC-1	CD4T
CGCTGGACACATATCG-1	CD4T
TATGTGGCAAAGGTCG-1	CD8T
TCACCACAGAATCAGT-1	Mono
GCACGCATCTTGGCCT-1	CD8T
TAGCATGGTGTGTGTT-1	CD4T
GGGAACAAGCCGCAAA-1	CD4T
TCAAGGTCATCTGCAA-1	CD8T
CACCTTGAGCTGCCAC-1	Mono
TGAGCCGTCAGGAAGC-1	CD8T
GATTGACGTAGAACGC-1	DC
TGATGCAAGTCTGCTA-1	CD4T
TTACCGCAGGTGATGC-1	CD8T
CCTTAATGTCAGGCTC-1	Mono
CAGGGCTAGGTTCGAG-1	CD4T
CGCTGGATCCAGTTAG-1	CD4T
GTCACTCAGAAATCTG-1	CD4T
TCTATTGCAATGGTCT-1	CD4T
CCCTAACCAATTGGCT-1	otherT
TACTCGCAGGATGCCA-1	CD8T
TAGGTGTAGTCCGGAA-1	Mono
ATTGTCTCATACTGCA-1	NK
GGATAGGGTGGCCTCA-1	CD4T
TGTACGATCATGAACC-1	CD8T
CATTGGATCCACGAGC-1	CD4T
ACAAGCTCATCGACGC-1	CD8T
AAAGATGTCCGGAAAG-1	CD4T
ATCCAGAAGAAATGGG-1	NK
GCTCAGGGTATGGGTG-1	Mono
CGGTGCACAATTCGTG-1	Mono
AGCGATTGTCTCTGGG-1	otherT
TGCTTCGCATCACAGT-1	CD4T
ATGGATCGTGCATCAT-1	CD8T
ATTACCTGTCTAACCA-1	CD8T
GACCAATTCTGAACGT-1	CD4T
GAAACAACAACTCCCT-1	CD8T
CTGGCAGGTTTCAGCA-1	CD8T
CTCCCAAGTGAGGTCA-1	CD8T
CCTTGGTGTAAGCCGA-1	CD8T
GAAGTGGGTCCATTGA-1	CD8T
ATGTTTCGTGGTGGTA-1	CD8T
CCCTGATTCTTCTTCC-1	CD8T
TTCATTGGTATCACAC-1	CD4T
ACTATTCGTGTGACCC-1	B
TAACTTCGTTCTGAAC-1	DC
CTCAACCCACCGATCG-1	B
AACCAACCATGTGAGG-1	CD4T
CCGAAGCTCCGGACTG-1	otherT
TCGAGCGCACGGTTAT-1	CD4T
TGGTCCTTCGCAGATT-1	CD4T
ACGGATTGTAGCTGTT-1	Mono
GCGGGTTAGCGTGTTT-1	CD4T
GAACTTGGTCATAGAA-1	Mono
GTGTCCTAGAGTGGAA-1	otherT
TTATGTCAGAGCCACA-1	CD4T
CCGAAGCGTACTAGAA-1	otherT
GCGTTGGTCTTCGTTA-1	DC
GAGCGCTTCGGTACTA-1	CD4T
GCTTAAGAGCCAGAAC-1	CD8T
GGAACTTAGCTTCAAC-1	CD4T
AGTGCGCCACTGTAAC-1	CD8T
GAGTGAGTCTTCATAC-1	Mono
AGCCCGATCCACCTAC-1	CD8T
TCCATCGAGGACTAGC-1	DC
TCACCACTCCTGTGGG-1	B
ACTCGGGGTTGTATCG-1	other
TAAACCGTCGCGTTCT-1	Mono
AGCCAGCTCATCGCAA-1	CD8T
AATACGCAGATAGGTT-1	CD4T
GGGACCTAGGCGATTG-1	B
AGATAGACAAGCGACA-1	CD4T
GAAGTCTAGCTCGTTA-1	CD4T
TCCGACTGTTTCAGCA-1	Mono
AGACAAATCGGTAGGA-1	Mono
CCAATGAAGGGTATCG-1	CD4T
GAGAACGAGTAATGTG-1	CD8T
AGGCGAACAGACTAAA-1	B
GTACTTTAGCTGGAGT-1	Mono
GCCTAGGTCGGGACAA-1	CD4T
AGCTATGGTGGACCAA-1	CD8T
AAAGGGCGTCGTCGCA-1	CD8T
ACAAGCTGTCATAAGA-1	Mono
CCCGTTAGTCCCGTGA-1	CD8T
GCATGATGTCGCGCTA-1	Mono
ACTTTCAGTTCAGTAC-1	Mono
GGGTTATAGTGAGTTA-1	CD4T
CGCTGGAGTCTGTGTA-1	CD8T
CAATCCCTCTGTTTAC-1	CD8T
AGGCCTGCAAACTACC-1	Mono
GGGAACAAGTCACGCC-1	Mono
ACTATTCAGGGTTCCC-1	CD4T
ACTTCCGAGTGCAACG-1	CD8T
GCTCGAGTCTCATCCG-1	Mono
TGCTCGTAGGGTGTTG-1	B
TCAGTCCAGCAGAGCT-1	CD8T
TCGATTTCACCCATCT-1	CD8T
TTAACGGGTTCTTTGT-1	CD8T
CTACAGAGTAGACGCA-1	CD8T
ATGTTTCCAGAACAGC-1	CD4T
GGGTGTCCAGAAGTGC-1	CD4T
GGATAGGTCCTGTGGG-1	otherT
CTGGCAGCATAGATAG-1	Mono
TTGAGCAAGGTCTTTG-1	otherT
ACGTTAGAGTAGCAAT-1	CD4T
AAGATAGCAGGCAAGT-1	CD8T
TCCAGAACACCGTCTT-1	CD4T
CTAGCGGCATGGTAAA-1	DC
TAACAGCCATTAGCCA-1	NK
TTGAGCAAGACTAATG-1	CD4T
ACAAGCTTCTATATCC-1	CD4T
TCGCCTACAATGCATC-1	otherT
TTGTTGTAGAACGCCA-1	Mono
TATGTGGAGACCATAA-1	CD4T
GCCTAGGAGCGAGCTA-1	otherT
CTACAGATCTCTGACC-1	Mono
CAAAGCTTCAAAGTAG-1	CD8T
GCCAGCAAGGGTGTTG-1	CD4T
GCTTTCGAGGCTAAAT-1	Mono
GGCACGTGTGGTACTT-1	NK
AGCGTATTCGAGTGTT-1	B
TATGTTCAGAGAGTTT-1	CD8T
TCAAGCATCGCGCTGA-1	CD4T
ACTGTCCTCTTCACTA-1	CD4T
AGTCAACTCGGGAAAC-1	Mono
TATGTTCAGCCAGAAC-1	Mono
TCGATTTTCAAGGCCC-1	Mono
GTTATTCCAACTACTG-1	Mono
GTGTGATCATCGGCTG-1	Mono
TCTCTGGTCAAGAGAT-1	CD8T
TAATTCCGTGCATCAT-1	Mono
CGTTCCAGTTAACCGT-1	CD8T
GTGGCGTGTCTGGTTA-1	CD4T
CCGAAGCCACATTGCA-1	CD4T
TTCATTGCATGGAGGT-1	B
CTTGCCAAGAATCAAC-1	B
TTGTCTAGTGCTGTGC-1	Mono
ACAAAGAAGTCAACTC-1	CD4T
GCTCAGGAGGCACCTC-1	CD8T
ACTGTCCTCACTGATG-1	CD8T
CTACAGACATTCTTTG-1	CD8T
CTTAATCGTCACTCTC-1	CD4T
ACTAGGTAGTAGCAAT-1	CD8T
ACTATTCAGACCCTAT-1	CD8T
ATTACTCAGGCGTCCT-1	CD4T
GCTTTCGTCACAAGCT-1	CD8T
CACTGAAAGGCAAGCT-1	CD4T
CCCGTTATCTCGTGAA-1	CD4T
TACGGATAGGGATCCA-1	CD8T
CAGTGCGCACGAACGA-1	CD4T
AACCTGAGTTGCTTGA-1	otherT
CATAACGCAAGGCGTA-1	CD8T
TTGTCTAGTAGATTAG-1	NK
TTAGCTTGTAGAAGCC-1	DC
AGCGATTAGAAAGGGT-1	CD8T
CGATGATTCCTCTCTT-1	B
TATCTGTCATCATGTG-1	CD4T
GGAACTTCAGGGTAAC-1	CD8T
TATGTGGTCCACGGCA-1	Mono
GTAGACTCAATGATGA-1	otherT
TGCTCGTAGTGAATAC-1	Mono
GCCTAGGTCCAATAGC-1	CD4T
GGGAACAGTACTTCAG-1	CD4T
TGGAAGGAGCTGATTC-1	CD4T
CACTAAGAGGCCAATG-1	Mono
ATTCGTTAGTGCCCTG-1	Mono
GTGATCACAAACCGAG-1	B
CATGTTTTCTCAGATG-1	CD4T
CGTTCCATCCGTTTCG-1	CD8T
GAGAACGAGATATGTG-1	CD4T
CGCTAGGTCTTGTCAT-1	CD8T
GAGTGAGTCAGGCCGT-1	CD4T
TTGCACCTCGATGTGT-1	CD8T
TCACAGATCCAGGGAA-1	NK
TTGCACCTCGGCTATA-1	CD4T
GCAGCTGGTCATCGTA-1	otherT
GCCTACTTCACAACAC-1	CD8T
CCTTGCACATCGACCG-1	other
GTGTCCTGTACCTATG-1	CD4T
ACAGCGCGTACAAATG-1	CD8T
GCTGTTCGTACAACGG-1	CD8T
TGGCAATTCAGGATCT-1	CD4T
AACTGTGTCATGTTCT-1	CD4T
AACTTGGGTGATAAGT-1	CD4T
TCTATTGAGTTGACAA-1	CD8T
TATGTTCCAGCGCGTT-1	DC
TTCATTGGTTTGTCTT-1	CD4T
TTAGCGAAGAGAGGTA-1	CD4T
TGTGTCCTCCAGTTAG-1	CD8T
ACTGTCCAGGTTGACG-1	Mono
GGGACCTGTAAGGTCG-1	Mono
TTATGTCTCGTCCCAT-1	Mono
TGGACATCAAGGTTCT-1	CD8T
GGCATTAAGCAGGACT-1	CD4T
TGGAAGGGTTTCGACA-1	Mono
AACAAAGAGATAGGTT-1	DC
ACAAACCTCGAGGTCC-1	CD4T
ATGTCGATCCGTTAGA-1	CD8T
ACAGAAAGTGCAAGCA-1	CD8T
GTTGGTACATCGGCTG-1	CD8T
CTTAATCTCTTGTCAT-1	CD4T
ACCTGCTGTAAACCCT-1	CD8T
TTTGGTTTCGATAGCT-1	otherT
CAGCTAACACGTTACA-1	Mono
CATTCCGGTTACGAAA-1	B
CTAGGATGTGCAAGCA-1	CD4T
CTTGCTGTCCAGGCCA-1	Mono
AATACGCTCTTACTCA-1	CD8T
AGATAGACAGCAACGA-1	Mono
CGTGGCATCTTCACTA-1	CD8T
GTAGGAGCAATAGCGG-1	Mono
GGAATCTCAGCAGGTA-1	CD8T
CCCTGATAGTAGTGTA-1	NK
TCAAGACCATTGTGAC-1	CD4T
GTCACGGTCCGGAAAG-1	CD4T
CGCTATCTCGATCGCG-1	Mono
ATAGGCTGTTCTTAGG-1	CD8T
GGCATTAAGCATGTGG-1	Mono
TCACCACTCGGGAATG-1	CD8T
CACAGATAGATATGTG-1	CD8T
ACTACCCGTCCCTTTG-1	CD4T
AAGGTTCGTTAGAGAT-1	CD4T
GGCATTAGTTGGCTAT-1	DC
CGCTGGAGTCAACTGT-1	B
TTATGTCGTTCTCGAA-1	DC
AAGGAGCCATGCCCTT-1	CD8T
GGGAACAGTGGAGTGT-1	otherT
GTCCATCTCACAGGGA-1	B
CGCAGGTTCTTATCAC-1	CD8T
GGGCCATTCTAGCAAC-1	CD8T
CCTTAATGTGTCCAGC-1	B
ATGCATGGTTACTACG-1	CD8T
ACAATCGTCATCATGG-1	CD4T
TAACGGTGTTACACTG-1	CD8T
ACCATCCAGAAGCCTG-1	CD4T
ACTACCCAGGGTGTTG-1	Mono
GGATGAGAGCAGGACT-1	Mono
CTTTGCGGTGGAAGCT-1	CD4T
CAAAGCTCAAGTTGCT-1	CD8T
GGGTGTCAGATTCCGT-1	CD8T
CCCTGATTCGGTCTAA-1	NK
ACATGGTGTCATTGCA-1	NK
AAGATAGCAGAATGCG-1	CD4T
TATGTGGAGTTCAGGG-1	Mono
TAGCTTTGTATTGTCG-1	CD4T
ACAGGCCCAGGTCTGC-1	CD4T
TAGCCCTAGGTTTCTG-1	CD4T
CTTTGCGCATGCGCTG-1	otherT
CCTTGCACATCCTGGG-1	CD8T
GGTTGCGTCTCTCAAT-1	CD4T
AGCCCGATCCTCCAGT-1	B
TAATTCCGTCCTTATT-1	CD4T
GTAGGAGTCAGTCTTT-1	CD4T
CAACCAACAGGTAGGT-1	CD4T
CAACGTATCCCAATGA-1	CD8T
AAATGCCTCACATCCC-1	CD4T
CGCTATCAGAAACGCC-1	CD4T
TTGAGCAGTAGCCATT-1	CD4T
CATGTTTAGTTAGCGG-1	DC
TGTACGAAGATTCCGT-1	Mono
GTCACGGGTTAGGCTT-1	Mono
TCACAAGGTCTGGATT-1	CD4T
GTGGCGTCAGAACAGC-1	CD4T
GCTTGCTCACCTATTT-1	CD4T
GCTTAAGAGTGTGTAA-1	CD4T
TCAGGTATCGCGCTGA-1	CD8T
GATTAGCGTTGGCTTA-1	Mono
TGTGTCCTCAGCACGC-1	CD8T
TCGCCTAAGAATATCG-1	CD4T
CACAACACAAATAGTG-1	Mono
ATTTGTCGTGATGCTT-1	Mono
ACAAGCTCAAGCAGGT-1	CD8T
CAAAGCTCACAGTAGG-1	CD4T
TACAGCAGTAGAAAGG-1	CD8T
GCGGAAATCATACTTC-1	Mono
AAACTCGAGCGTTAGG-1	otherT
TTGCGAATCCAGGTAT-1	NK
AACGGGAGTCTCTGGG-1	Mono
CTCACCAAGCTACGTT-1	CD8T
AGTTACGTCTACCCGT-1	otherT
TCTCAGCGTTTCGATG-1	CD8T
AGGCCTGAGCAACGGT-1	B
CAGTGCGTCCAAACCA-1	CD4T
AACTGGTAGAGAGGTA-1	Mono
TATCGAGGTAAGCCGA-1	CD4T
GCTGCGAGTGGCCTCA-1	B
TCACAGAAGTGAAGGA-1	CD4T
TTCGTTAGTCTCAAAC-1	CD8T
GAAGTGGGTTTAAGCC-1	CD8T
ACCAAACTCTGCTACC-1	CD4T
CCTGCTAAGTGAACCG-1	CD4T
GAAATGACATACCCGG-1	otherT
CCGCATTCACGTACAT-1	otherT
ATTGTGGAGACGCCCT-1	CD8T
CAAAGCTAGCTCCGGT-1	CD8T
AAATGCCCAGATGGCA-1	otherT
ATTACCTGTGGTAGAC-1	Mono
AAGGAGCGTTAAGGGC-1	Mono
AAGGTTCAGCTAGCAG-1	DC
TTCGATTGTAACAATG-1	CD8T
TCACCTGCAAGAAACT-1	Mono
ATTGTGGAGGATCCTT-1	CD4T
ATTGTGGAGGTTCTCA-1	CD4T
GCGCATGTCTCTATCA-1	Mono
TGCTTCGCACACACAT-1	CD4T
GGTAGGACAGCGTGAA-1	CD8T
CCCTAGTGTCTCTAAG-1	CD8T
ACGTTAGTCCGATGCG-1	Mono
ACTTTCAGTTTGCGAT-1	CD8T
AGCGTATTCTCCTTAA-1	CD4T
TTAACGGGTGGAAAGA-1	CD4T
TGCGTAATCGAGTTAC-1	Mono
TGCACCTGTCAAATCC-1	NK
CTCTAGCCAGTGGTCC-1	CD8T
CTCTCAGAGTTATGAG-1	CD8T
TAATCGGCATGTGAGG-1	Mono
TAGCGGCAGTCTCCAA-1	B
TTACCGCCACGTTACA-1	Mono
GTAGACTGTGTTAGAA-1	otherT
GGTGCTGCACTTTGGA-1	CD8T
TCCAGAATCAGTTGAC-1	CD8T
CCGTGAGTCAGAGTGG-1	CD8T
TCCCACATCATTCTTG-1	CD4T
GTGTCAATCTATGAGC-1	CD4T
CTCACCACAATGCATC-1	otherT
TGCCTCAAGACAACGC-1	NK
TCAAAGCGTCTGTCCT-1	CD8T
GTGCTGGTCTCTGCGT-1	Mono
TAGCACAGTCCCGAGT-1	NK
CTTAATCCAGTAGGCA-1	CD4T
TAGGAGGTCTAGTCGA-1	B
GGGCCATGTAAAGCTA-1	CD4T
GAGGTCCAGTACAGTA-1	CD4T
TGTACAGCACAGTTAC-1	CD4T
AAACTGCGTGCGTTTA-1	B
TGTACAGTCCACGAGC-1	Mono
TAGTCCCTCGAACCGC-1	CD4T
CGTTCCATCTGGAAGG-1	Mono
GTCACGGCATTTGGTG-1	Mono
AAACTGCAGGGTATCG-1	NK
AGCGTGCTCCGCGATG-1	CD8T
TGCTTTACAATTCTCT-1	otherT
AGATTCGGTCCTTATT-1	CD8T
GCCAGCAGTCAACTAC-1	Mono
TGTAGCACACAGATGG-1	CD8T
AAACGAAGTATTCACG-1	CD8T
AGCTATGGTATTCTGG-1	CD4T
CTCTACGTCCGGACTG-1	Mono
TTACCGCTCCCTACGT-1	Mono
TCGAGCGCAAGGCGTA-1	CD8T
AAACGAAGTGGTGGTA-1	CD8T
TTGCGGGTCACTACCC-1	CD4T
TCACAAGGTGTCCTTC-1	DC
CAAGCTAAGGATGTCG-1	CD8T
AATGCCAGTTGCAGAG-1	Mono
ACTACGATCGTTTGAG-1	CD8T
TCAAGACCATGGAGGT-1	CD4T
ATATTCCTCTCGACCT-1	CD8T
CTAGGGCCATCCTGGG-1	CD8T
CATTCCGAGGTAGGAA-1	CD4T
TTTGGTTAGTATGGGC-1	CD4T
GTAATCGCAGTAACTC-1	NK
GAGAACGAGTGAAGGA-1	other
AAGGTTCTCGTGGAAG-1	CD4T
AGTCCGGTCGGATAGG-1	CD8T
GATTGACAGGCAAGGG-1	CD8T
AGCTATGTCCATATCT-1	otherT
TGCTTCGCATTTGGTG-1	CD8T
GCGTTGGGTAGGTAAT-1	CD4T
AGTTACGTCCTCCATG-1	CD4T
TTGAGCACAATTCTCT-1	CD4T
AACGTACTCGGTACTA-1	CD4T
ACCTGCTGTCATCGTA-1	Mono
CCTAAAGGTGAATGTA-1	Mono
GACTAGTCAGTAACTC-1	CD4T
TGATTTCCAACGTAGG-1	otherT
GAACCGCTCCAAGAGG-1	NK
TATCTGTGTACATGGG-1	B
GGGACCTGTGAGGGTT-1	CD8T
CACAACACATCTGCAA-1	CD4T
ATTGTCTAGGCATGCA-1	CD8T
TAACGGTGTGTGCTTA-1	otherT
TAGCTTTGTATTCGAC-1	Mono
GATCATGCATTGAACC-1	DC
GGATGAGAGGTCTTTG-1	B
GAAGTCTGTAGCCATT-1	CD8T
ACTAACGAGGAGAACA-1	B
TACAGCAAGTCAACTC-1	otherT
TCGGGACAGGTGATGC-1	CD4T
GCGAGTCTCACTCCCA-1	CD4T
TGGTCAATCGATTACG-1	otherT
AGCTGGCAGTGAGCTG-1	CD4T
AATGCCACATTTCTTG-1	CD4T
TTAACGGGTCGATAGG-1	CD8T
CTCAGCTAGCCTGTAT-1	CD8T
AATGGAACACCGTCTT-1	CD4T
CTTAATCTCGCACCGA-1	CD4T
TACTAGGCATGGGTGA-1	CD8T
TGGCGCATCTGATCCC-1	CD4T
AGGCGTCCATCGACCG-1	CD4T
GGAGGATCACGCGTTG-1	CD8T
TTCATTGAGGCAAGCT-1	CD8T
TGCTTCGGTGTGAGGT-1	Mono
TTGAGCAGTATTCTCT-1	CD4T
TTGAGCATCAGTCTTT-1	CD4T
CGTGGCAGTTTCTACT-1	CD4T
GATGATCTCCTTTGAT-1	Mono
GTCACCTTCGACCCGA-1	CD8T
GTAGACTTCAGATACC-1	CD8T
CGATGATAGGGTTCCC-1	Mono
TGCATGAAGGGTGTTG-1	other
GGGTTATTCCATAACG-1	CD8T
GTGTCAAAGGTCTTTG-1	B
CCTAAAGAGTCGAAAT-1	B
AGTCCGGCACTCCCAT-1	Mono
CATGTTTAGTTAGAGT-1	CD8T
TTATGTCGTCAGCTTA-1	CD4T
CTTTGCGTCTTCAGAG-1	CD4T
CGTACAATCTATACCT-1	CD8T
GAGGTCCAGATACCAA-1	CD4T
CAGCTGGGTCCTTATT-1	CD4T
AGCCGCAGTGATGCTT-1	Mono
TCAAGGTGTTAGTAGA-1	CD8T
GCCTAGGGTAAACGTA-1	CD4T
ACCATCCCAAACTACC-1	other
CCAGAATGTGTCGTGC-1	CD4T
TATGTGGAGAGGTGGG-1	CD4T
TCGGGACCATCAACTG-1	CD8T
CTGGGACCACGCCGAT-1	Mono
CAGGGCTAGTGAAACT-1	otherT
AGCCTGGGTCTGTCCT-1	B
GATCATGAGCGAGAAA-1	CD4T
AACTGTGAGATGCGCA-1	B
GTTGGTATCCGTTAGA-1	Mono
ATTCGTTTCTCGTAGA-1	CD4T
ACAAGCTTCTGTGTCC-1	CD4T
TTGCGGGTCAGTCAAC-1	Mono
TACATGGGTGGCCTCA-1	CD4T
GTGCCAGAGTCTTAGC-1	otherT
GGGAACAGTTATAGAG-1	CD8T
AGGCCCAGTACCAAGG-1	NK
GAGTGAGAGACTCTTG-1	Mono
CTCGCTACACGCTAAT-1	CD4T
TGTGACAAGCAGAGCT-1	Mono
TTACGGAGTCTCTGCT-1	Mono
TCAGGGCAGTTGAATG-1	B
TGATCAGGTCTAAAGA-1	otherT
GATTGACGTTCCCAAA-1	CD4T
CGAGTTAGTGATAAGT-1	CD8T
ATTTGTCTCCTGTAGA-1	CD8T
ACTACGATCTGTTTAC-1	CD4T
TGGCAATTCCCAGCGA-1	otherT
GGCGAAATCATACTTC-1	NK
TCAAGCAGTCCTCAGG-1	CD8T
GAAGTCTAGGTCTTTG-1	CD4T
GGCACGTTCTGGCTAA-1	CD8T
AGCCAGCAGGCTGGAT-1	CD8T
AAACGAAAGTGGTGTG-1	CD8T
GGGTTATAGGATATCA-1	CD4T
TGTTAGGAGGAGGCGA-1	CD8T
CTCATGCGTCCGTCGA-1	CD8T
TCAGCTCAGTCTGCTA-1	otherT
CTACTTACATTAGCAC-1	NK
AGCTGTACACTTACAG-1	Mono
GCAGCCACATCTCACC-1	Mono
CTCTCGAAGTCATACC-1	Mono
GGAGGATAGTACGACG-1	B
GTGTCAAAGGGAAGCG-1	CD8T
GCTCAGGGTACCAAGG-1	NK
GAAGTGGCAGGATGTG-1	CD4T
TTGCCCAAGGGTCCCT-1	B
TGGTCAAAGACACGGT-1	CD8T
AACCTGAAGAACGCCA-1	CD4T
GAGTGAGAGGATGCCA-1	B
TGTAAGCGTATCTGCA-1	CD4T
GTTATTCGTGCGCTCA-1	NK
AGCTGGCTCGCATAAC-1	CD8T
CTCTAGCAGTGATAAC-1	CD8T
CAGTGTATCAAACCAC-1	CD8T
TTCGATTGTGTCCAGC-1	Mono
CCTAAAGCAAGGATGC-1	DC
TTCTGTATCCAACCTC-1	Mono
GCGTTGGGTATCCCTC-1	Mono
ATGTCTTTCCTAAGTG-1	CD8T
TGCTATTCACTAGGAG-1	CD4T
TCGTTCGAGGCTAAAT-1	CD4T
TACCTATGTGGGTAGT-1	CD4T
TGCACCTAGTGAGCAC-1	CD4T
TCAGTTTTCCAATCCC-1	CD8T
GACCAATCACTAGGAG-1	CD8T
ACGTGGCAGGTTGACG-1	CD4T
GTTACGACAACTACTG-1	otherT
TTACCCGGTGCACATT-1	CD8T
CAACGGCAGTGCTAGG-1	otherT
CACGTTCGTTCTCGAA-1	Mono
AGCCCGAGTAACTGAA-1	CD8T
CTGCGTTTCCCTACCA-1	CD4T
AACCTTTAGCCTCGCA-1	CD4T
GCGATTACATGGGAAC-1	CD4T
CAAGAAAGTAACGGAC-1	otherT
GTGTCAAAGTTCTCCC-1	CD4T
AGACAAAGTACGACCC-1	DC
TGACTCCCAGTTAAAG-1	CD4T
TATTGCTAGTGCTGAG-1	CD4T
CTTTGCGTCGATTACG-1	DC
GTTATGGTCTCCACTG-1	CD8T
AATACGCAGAGGAATG-1	DC
TTACTTGGTATGGGTG-1	Mono
GTACTTTCATCATGTG-1	CD4T
AACCTTTAGCTGAAAT-1	B
CAGTGCGTCTCTCAAT-1	Mono
CTCTAGCAGGATTGAT-1	CD8T
AATGTCGGTAAACCCT-1	CD8T
GTACTTTGTTTGCCAA-1	CD8T
AACGGGAAGGTAGGAA-1	CD4T
AGGCCCACAGAGAGAA-1	B
GTCACAAGTGTTAGAA-1	CD8T
CTCTAGCTCCATGACA-1	Mono
AAACTGCGTCTGTTGA-1	CD8T
TTCGATTGTGTGACCC-1	Mono
GAACTTGAGCTGATTC-1	CD8T
TTCTGTATCAAGGCAG-1	CD8T
TCTCAGCGTACCCACG-1	otherT
TTCATTGAGGGTATCG-1	CD4T
TAGCGGCGTATGGGTG-1	CD4T
TTACTCAAGGTCTTTG-1	CD4T
CACATGAGTTTCGTTT-1	DC
GCGATTAGTTGGCTTA-1	CD8T
CGTGGCAAGTGATAAC-1	CD4T
GCAGCCAGTACATGGG-1	Mono
CTTCCAGCATGCCCTT-1	otherT
TAGGAGGCAACGACAG-1	CD4T
CTCTCAGCAAGCAGGT-1	CD4T
TGTGTCCAGGGAAGCG-1	CD4T
TACTCGCAGGCAGTGT-1	Mono
TCAAGCAGTATTCGAC-1	CD4T
GCTTTCGGTCGAGGTA-1	Mono
CATGTTTAGAAATACC-1	CD8T
ACTACGAGTTAGTAGA-1	CD4T
ATAGTCGAGGAAGACA-1	Mono
GCGTTGGTCTTCTTCC-1	Mono
CACAGATAGTCGTGAG-1	NK
ACGTTAGAGTGAAACT-1	CD8T
GTCACTCGTTGGAGGT-1	NK
TTACGTTCAAGGCTTT-1	NK
AGCCCGAGTCTCGGGT-1	CD4T
CAGCCTTAGGCAGTGT-1	CD4T
AACAAAGAGCCTATAC-1	CD8T
TATCTGTGTACTTCGA-1	CD8T
CAAAGCTGTCGCGCTA-1	CD8T
CACTAAGGTTTCACCC-1	CD4T
ACCGGGTAGTTCAGGG-1	B
GAAGTGGAGACTCTTG-1	CD4T
GGCATTATCGTCCCAT-1	CD8T
TAGCATGAGCGAATAT-1	CD4T
GGTAGGATCGAACACT-1	NK
ATCCCTGTCAACGTGT-1	Mono
GCTCAGGAGACCCATT-1	CD4T
CTTGAAGCAGCTGATT-1	CD8T
AGCGTATGTAGTACAA-1	CD8T
AGTTACGAGGAGGCGA-1	otherT
CTCCCAAAGCTTCAAC-1	CD8T
GACCAATTCGCTTACC-1	CD4T
ATCCTCGTCATCGCTC-1	CD4T
GAAGTCTAGTTCGCGC-1	DC
CCCTGATGTACTTCAG-1	CD8T
GAGTGAGTCGTTACAG-1	CD8T
CAACCAATCCTGTGGG-1	Mono
AGTGCCGCATTGCGAT-1	DC
GTAGGAGCACTGCTCT-1	CD4T
TCAGTTTTCGGTCTAA-1	CD4T
GCCAGACAGGCAATTA-1	CD8T
GACCCAGTCAGATACC-1	CD4T
CACCACTCATGCCTTC-1	Mono
CGTGGCACAAGCCCTG-1	CD4T
GCGGTGTTCTGACATG-1	NK
TTTACGTTCTTGTACT-1	CD8T
CAAGAAAGTAACGGTG-1	NK
GCGCATGCACTCCCAT-1	CD8T
AGGCGAAAGATTACGA-1	CD4T
TTACCCGAGTTCAACC-1	CD8T
TACATTCGTCAAATCC-1	CD4T
TCACCACTCCAGAATC-1	CD8T
TGTGGCGGTCACTCTC-1	Mono
GAAACAAGTTACTTTC-1	B
CAGTATGCAACATAAG-1	CD8T
GGTGTCGCACTTACAG-1	CD8T
GGCGAAATCGACTTAG-1	CD8T
CACTGAAGTCCTCAGG-1	CD8T
CACCACTCATCCGTGG-1	DC
TAGACTGCACCCTTTG-1	CD8T
ATTGTGGCATCGGCCA-1	CD4T
TTTGTGTAGCCTCGCA-1	Mono
TATTGCTAGGATATCA-1	Mono
GTTATGGAGTAGACCG-1	CD4T
CACCTTGTCGCACAAT-1	B
TAGCGGCAGTATAGTG-1	CD4T
TGAATCGGTTAGGCTT-1	CD4T
GTGCCAGGTTTCTACT-1	CD8T
GATGATCCAGATAAGT-1	CD4T
TTACGTTCAAGCTTTG-1	otherT
GGGTTATAGTGTGTAA-1	CD8T
CTGTTCGTCCACCTAC-1	CD4T
ATGGATCGTCCCGTGA-1	CD8T
TTTGTGTCAGCTTACA-1	CD4T
TCACAAGCAGGTCTGC-1	B
ACTGTCCTCCTGTGGG-1	DC
TACTCGCCAGTATCTG-1	CD8T
CAGGGCTAGAGCTGTG-1	Mono
CATTGGAGTCATAGCT-1	NK
GCAGATTAGCAGAATT-1	CD4T
TACTCGCGTTCCTATT-1	CD4T
GATGGCCTCTCGGCGA-1	Mono
CTCGCTATCCATGACA-1	CD4T
AGTTACGCATAGGCGA-1	CD8T
GACTAACAGAGGCCTA-1	otherT
CTGTATTGTTTCTTAC-1	CD8T
GGGTGTCCACAGAAGC-1	CD4T
TATTGCTCATTGCCTC-1	Mono
CAGTATGTCTTCCACG-1	Mono
CAGTGTACACTGCTCT-1	CD4T
CTCCCAATCTGGCTAA-1	Mono
AGCCGCACATCCCGGA-1	CD4T
GCTTTCGCATACTGCA-1	CD4T
ATATTCCTCTTATCAC-1	CD4T
CCGCATTTCTATCTAC-1	CD4T
GTCTACCCAACCTCTC-1	CD8T
GCGATCGTCCGTACGG-1	Mono
AATGGAAGTTTAGGAA-1	CD4T
CCAGAATCAAAGGCCA-1	CD8T
GAAAGTAAGGATTTGA-1	CD8T
ATCCCTGAGCTGCCAC-1	Mono
CCTAAAGAGGCTCCTG-1	CD8T
GTCCATCCATCCCTTG-1	CD8T
GGATAGGAGTGCCCTG-1	NK
TAACGGTAGTTCGCGC-1	NK
GCTGAGCCAGGTCTGC-1	CD4T
ATGCATGGTAGGGTTG-1	NK
GCGATCGCATGGAGGT-1	CD4T
TTACCGCGTGGAGTGT-1	CD8T
TGGACATAGGGTAATT-1	Mono
GCTTTCGGTTCAGTAC-1	CD8T
CCCTAACGTTTGCCCT-1	CD8T
CTAACTTGTCACATTG-1	DC
ATTACTCGTACGCAAG-1	CD8T
TAGCGGCGTAAGCCTT-1	otherT
ACGTGGCTCTCCCTTT-1	B
AACTGGTGTTCCCAAA-1	otherT
GATTAGCCACAGTTCA-1	CD8T
TGGCGCATCCCGGGTA-1	CD8T
CATAACGTCGCGATGC-1	otherT
GGACACCGTAAGTGCG-1	otherT
ATCGAGTCACGCGTTG-1	NK
TTACTCATCGAGCGCT-1	CD8T
TACGCCTTCGGACGAA-1	Mono
GGGTTATAGTGTCGCC-1	CD8T
GTTGGTAAGGTTGACG-1	B
CTCACCAGTGTCCTTC-1	Mono
TGGAAGGGTAGTCCAT-1	CD8T
ACATGCACACCTACCT-1	CD4T
CAACGGCGTACGGTTT-1	Mono
TGAGCCGGTGCACTTA-1	Mono
TTACTCACATGGGAAC-1	CD4T
AGTGCGCAGCAATAAC-1	CD4T
AGTTACGTCACAACAC-1	otherT
TCCAGAAGTTCCATCC-1	Mono
ATTCGTTCAAGACACG-1	CD8T
TCACCTGCACGCTGTG-1	CD4T
CGCTAGGGTAGGGTTG-1	CD4T
TTAGGTGCACTCCCAT-1	otherT
TTGAGCATCCGGGCAT-1	NK
ATGTCTTAGCGAATAT-1	otherT
TGCCTCAGTCCATTGA-1	Mono
AACTGTGTCAGTACAC-1	CD4T
CAGCCTTCAGTTCGGC-1	CD4T
GCGATTAGTATTCGAC-1	otherT
TCTCTGGCAAATGTCC-1	CD4T
CAACGTACATGGTAAA-1	Mono
CTGCTCAAGACTTGAA-1	otherT
TGAATCGGTATTCGCA-1	Mono
GAGGTCCGTGCGTTTA-1	otherT
GTGACATCATCATCGA-1	CD4T
TTGGTCCTCAGTCAAC-1	DC
GTTATTCGTGTGTGCC-1	CD4T
TAGACTGGTGTGTGCC-1	CD4T
TGGCCTTCAAGACACG-1	otherT
TTAGCTTAGTTGGAAT-1	CD4T
TCTAGTTGTAAGCCTT-1	CD8T
GGTACCGGTCCGAGCT-1	NK
CACAGATGTAGCCATT-1	CD4T
TTGCGGGGTCCTATTT-1	CD8T
ATGTTTCGTTTGACCA-1	otherT
CCAATGATCACAGGGA-1	NK
GAAAGTAGTCATCGTA-1	CD8T
TGTTAGGTCTTCGTTA-1	Mono
GTGGATTTCAGGAAGC-1	CD8T
GTTATGGCAATAGCGG-1	CD8T
ATAGTCGGTAGCATGG-1	CD4T
GGAGTAGCAAAGCTGG-1	CD4T
GTCCATCCAACGTACT-1	CD4T
GTCGTAAAGGTACTCT-1	otherT
ACCGCAGGTACCCATA-1	CD8T
CCGTGAGGTAAACGTA-1	otherT
CATTGGAAGGAGACTC-1	Mono
GTCACCTCATGCCTTC-1	Mono
GACCTTCAGGGAAGCG-1	CD8T
CCGTACTCACCGAAAG-1	Mono
TTAACGGGTACGTAGG-1	Mono
CATTGGACACATCATG-1	CD4T
CACGTTCGTTACACTG-1	Mono
GACCTTCAGCTATCGT-1	Mono
CTCTCGATCCAGGCCA-1	otherT
CGGACTGGTTAAGTCC-1	CD8T
TTGCTTACATGGTATC-1	Mono
AAATGCCCACTCAAGT-1	CD4T
CTTAATCCACTCGTGG-1	CD4T
AGTTACGAGTCTGCTA-1	CD4T
GAGGATGCAAACAGTA-1	DC
CAGGGCTCACTAAACC-1	CD8T
ACTACCCTCGGGATCC-1	NK
AGCCAGCTCGAACCGC-1	DC
ACCGCAGCAGTAAGCG-1	CD8T
AAAGGATGTGCATCAT-1	CD4T
GAGGTCCAGCAGGACT-1	CD8T
ATCCTGCTCTAGCAGT-1	otherT
GCAGATTTCCCTACGT-1	CD4T
AGCTGTAAGGGTTCTT-1	otherT
GATGATCTCCATGACA-1	B
TACCCTGAGATTACGA-1	CD4T
AATGTCGAGAACAGGA-1	CD4T
TATCTGTAGTTCAACC-1	CD4T
TCACTCGTCGTGCTTC-1	CD4T
TCCCACAGTACTTCAG-1	CD4T
AATGGCTAGTAACATG-1	CD8T
GGTACCGCAAAGAAGG-1	CD8T
GACTAGTCACAAGTGG-1	DC
CGATGATTCACCCTTG-1	B
TCACAGACATCGACCG-1	DC
AGTGCGCAGGGTTCTT-1	CD4T
TCGGGACCAGATTTGC-1	CD4T
TGAATCGGTGCGTAGA-1	CD4T
AGCGATTCAAGACACG-1	Mono
CCAGATATCACTGATG-1	NK
TTGCGAACATTGTTCT-1	CD8T
TGCCTGTCACTCAAGT-1	otherT
TAGTCCCTCGGTGATT-1	CD8T
TAACTTCAGAGCGGTT-1	CD8T
AGGACGATCGACCCGA-1	Mono
GTTACTTGTGAGTTGG-1	CD8T
TGTGTCCTCAATCGTG-1	CD8T
TTAACGGTCCTTTGAT-1	CD8T
GATCATGGTGCTTCCT-1	CD4T
TTAACGGTCCATATCT-1	CD4T
AAGGAGCGTGGACAGT-1	otherT
TCGATTTGTTAACCGT-1	CD8T
CTTGAAGGTCTAAGAA-1	CD8T
GGTCATATCCGTGCGA-1	CD4T
TCACAGACAAGCACTT-1	CD8T
TCAAGCAGTGCAAGAC-1	CD8T
CCTTAATCAGTATACC-1	CD8T
AGCTGTAGTACTTGAC-1	Mono
CTAACTTCATCTCACC-1	CD8T
CATGTTTGTATTCGAC-1	Mono
ACGTGGCCAAAGCTGG-1	CD8T
GTCACTCCATTCGTCC-1	CD4T
TACTGCCTCTCTCAAT-1	CD8T
TGGTCAAAGAAGCCTG-1	Mono
CACAGATGTCTGTCCT-1	CD4T
ATTTGTCAGGATTGAT-1	CD4T
TTACGGAAGCTCGTTA-1	CD4T
GTTACGACAGGGTACA-1	CD8T
CAGTATGAGGTACATA-1	CD4T
CCTAAAGAGGAAGAAC-1	CD8T
CCTTGGTGTCAAATCC-1	Mono
TGCTTCGGTGTCCAGC-1	CD4T
CGGTGCACACTGTTAG-1	CD4T
AAACGAACATGCCTTC-1	CD4T
TTAGCTTGTTCATTTC-1	Mono
GAGATTCCATTTAGGC-1	B
ACGGATTGTGTGAGGT-1	CD8T
GATTGACAGAGGCAGG-1	NK
GCCAGACAGTCCGGAA-1	DC
TCGAGCGAGGAGTAGA-1	CD4T
AGATTCGTCCTGTAGA-1	CD4T
AAACGAAGTATTCGCA-1	Mono
TGTGACATCCAAACCA-1	CD4T
AATGGCTCATTTAGGC-1	Mono
CACCACTGTGTGCTTA-1	CD8T
CCACGTTGTATTCTTC-1	CD8T
ACAAAGACACCCTTTG-1	otherT
ACGTGGCAGTCTCTAG-1	NK
CCGAAGCCATCGTGAT-1	CD8T
TCGTTCGAGTCTGTGT-1	CD4T
GAACCTAAGCCATGGA-1	CD4T
CATGCCTTCCTGTAGA-1	CD4T
TGCCTGTAGCTCCATA-1	NK
GAGATTCTCTATGAGC-1	CD8T
GTGTGATTCCCACTAC-1	B
AAAGGGCAGTCGCCTG-1	CD8T
TTCTAACTCAGGTTTG-1	CD8T
GGAACTTGTTTGCGAT-1	CD4T
TTTGAGGCAAGCAGGT-1	B
AATGCCAGTGGAGTGT-1	CD4T
AGGACGAAGACTTCCA-1	Mono
AGGACGAGTCACCCGA-1	NK
CACCACTAGGAGTAGA-1	NK
AATGGAATCGGTTGTA-1	CD8T
GAGGATGAGCTGAATA-1	CD4T
CAGCTAAAGCATGATA-1	CD4T
TCGATTTTCTATATCC-1	CD4T
ATTACCTCATTGATGC-1	CD4T
ACAAGCTGTGTTGTTG-1	otherT
AGGCCCAGTACGGAGT-1	CD4T
CATGTTTAGTTGACAA-1	NK
ACTCGGGAGACCATAA-1	CD4T
CTTAATCCACAGCCAC-1	B
CAAGGCCGTGTGAGGT-1	B
TGTACGAGTACAACGG-1	CD4T
GAAGAGCCACAGTTAC-1	CD8T
GGCGTTGAGGGATCCA-1	DC
CACTGAACAGGTGTCC-1	CD4T
CCGTAGGCATAAAGTG-1	otherT
CTACAGAGTTGGTAAA-1	CD4T
TGTGTCCCAAACCTAC-1	CD4T
AGCTGTAGTGCCAAGA-1	CD4T
TAACTTCGTCCCGTGA-1	NK
CCAATGATCCAGAGAG-1	CD4T
ATCCTGCCATTACCTT-1	CD8T
TGGACATAGATCGATA-1	Mono
TCACAGATCACTGGTA-1	NK
CCCACATTCCTTCGAC-1	B
ATCGAGTCATTGAACC-1	CD8T
TTGTTGTCAACTACTG-1	CD8T
CAGGGCTCAAAGCTTC-1	CD8T
CCCTGATGTAACATAG-1	otherT
GACCGACAGTCCCTCT-1	CD4T
ACCCAAAGTAGCAGGT-1	CD8T
CCTGGGATCATCGCAA-1	CD4T
TCAGTTTGTGGTCGAA-1	CD4T
CAGGATTTCTGTGTGA-1	CD4T
ATAGGCTGTCAGCTTA-1	Mono
TGTAAGCAGCTGAATA-1	B
ATTTGTCTCTGAGTAC-1	otherT
TACCTATTCCAGAATC-1	Mono
GCCTACTAGGGCTCTC-1	CD8T
TCCATCGCACCGATCG-1	CD8T
ACATGGTGTACTTCAG-1	CD4T
CAATCCCAGAGTAAGG-1	CD8T
AGCCTGGAGAGCACTG-1	Mono
CGTAAACGTCAGAGTG-1	otherT
GGGTGTCTCTTTCGAT-1	CD4T
TTTGTGTTCGTTCTAT-1	otherT
ACTAGGTGTTCCTATT-1	CD8T
AGGCGAAGTAAACCCT-1	CD8T
AGCTGTACATGCCCTT-1	otherT
AGCCTTCGTAATGCAA-1	otherT
CACCTGTCAGAGAGAA-1	CD8T
CTACAGAGTGATTCCA-1	CD8T
TGGAAGGAGTCAGGAC-1	CD4T
CTTGTCGTCTCGGCGA-1	other
TACTAGGGTTCTACCC-1	CD4T
GCGAGAAGTGTGTGCC-1	Mono
GAAACAAAGTAACTCC-1	otherT
GCAACCGGTCGCTAGC-1	CD8T
ACAATCGCACTGCTTC-1	CD8T
TTTGAGGGTGCAACAG-1	CD8T
CCCAGAGAGTACGACG-1	Mono
GCTGAGCAGGGCATTG-1	Mono
TGGAAGGCAGTAAGAT-1	CD4T
TATGTTCAGCAGAGCT-1	CD8T
GATCGTAGTAGTACAA-1	CD4T
ACCGCAGGTAGCGAGT-1	CD8T
ATTACTCGTGCGTAGA-1	CD4T
TCGAGCGTCCAAACCA-1	CD4T
GGTACCGCACAACGGA-1	Mono
TGAGCCGCACCCTTAC-1	B
GACCAATGTATTGTGC-1	otherT
AGCCAGCCAGGTCTGC-1	CD4T
CACCTTGAGATGTTCC-1	CD4T
CTTGCTGTCAAGGCAG-1	CD8T
GTCACTCCAAGGGAGG-1	otherT
CCCAGAGCACCTGTGG-1	CD4T
AAGGAGCAGGCCTCTG-1	B
CATTCCGCATTTGGTG-1	CD8T
AGCGTGCTCGAGCGCT-1	Mono
CAGCTAAGTTGGCTTA-1	CD8T
GCACGGTTCCAACAAC-1	CD8T
TGGGTTATCGCCAGAC-1	Mono
GTAGACTGTTAGAGAT-1	Mono
TTGACGATCTCTTCCT-1	Mono
TGCTTTACAAGAGCGT-1	CD8T
TTTGTGTAGATTAGAC-1	B
GGGTGTCTCCGGCTGA-1	CD4T
CGATGATAGGAGTACC-1	Mono
GGGTTATGTAAGTGCG-1	otherT
TCAGCTCAGTCGTGAG-1	CD8T
GTTGGTATCCCGTAGG-1	otherT
CTCACCACAACTCCCT-1	CD8T
TAGCACAGTGGATTCT-1	B
CAGTGTATCTCTGCGT-1	Mono
CCAGATAAGCTAACAA-1	CD4T
ATGGATCGTGTTAGAA-1	CD8T
AGGCGTCGTGTTAGAA-1	NK
GCTGAGCAGTTCAAGA-1	NK
TGCATTTCAGTATACC-1	Mono
CTAGGATGTGCAAAGC-1	B
GAGGTCCTCCTATCCG-1	Mono
TAGCACACACTTATGG-1	B
CAAGGCCTCGCGGCAT-1	Mono
GGCGAAACATCCTCGT-1	Mono
GTCCATCGTCATTGGT-1	CD4T
GCCTAGGTCCGGCTGA-1	Mono
CATAACGAGAATCAAC-1	CD4T
TTTGGCCCAAGGAACC-1	Mono
GCCTAGGTCTTTATCG-1	CD8T
GGAGGATCAACAACTC-1	NK
TCACCTGCAATACTGC-1	DC
GTGATCAAGGCTCCTG-1	B
TCGAGCGAGCTGAAAT-1	other
TTTGAGGAGGATGTCG-1	Mono
GCAACCGCAGGCACAA-1	CD8T
TCAAGGTCAGGGTAAC-1	CD8T
CCACAGGCAACAACTC-1	CD8T
GAGCATTGTAAGGTCG-1	CD8T
TTGCGGGCAGGAGCAT-1	Mono
GCGAGTCGTATACGCT-1	CD8T
GGAGTAGTCTGAACGT-1	B
CGATGATGTGTGAGGT-1	DC
ACGTGGCGTCCCTAAA-1	NK
CACGTTCGTTGGACGA-1	CD8T
AGGCCCAGTGCAAAGC-1	NK
ATTACCTCACAAACGG-1	CD4T
AACTTGGCACTTATGG-1	CD4T
GAACCTACAACTACTG-1	CD4T
AGTCCGGGTAGTACAA-1	CD8T
ATGTCGACACCACGAC-1	Mono
TCACTCGGTCGAGGTA-1	Mono
GATTGACCATCTCACC-1	CD8T
TGCTATTGTTTGCCAA-1	Mono
TGTGTCCGTGTTTCTT-1	CD8T
CCGCATTTCTTCACTA-1	CD4T
GCCCAGAAGTCTGCTA-1	CD4T
GTGGCGTGTAGCGGTA-1	CD4T
AGCTGATCAATCCATG-1	CD8T
TCGAGCGGTTTCACCC-1	CD8T
TGCTCACAGGCTAAAT-1	CD4T
GTTATGGTCCTGACCT-1	DC
CACCTTGCAACTCCCT-1	CD4T
AAGATAGGTAGCCATT-1	CD4T
TTGACGATCGTCAACA-1	CD8T
CTCTCAGAGATTGACA-1	otherT
GATCATGGTAACTCCA-1	CD4T
GGTGAAGGTCAACGGA-1	NK
ATAGGCTAGTCACGCC-1	CD8T
GGTGAAGCAGTTCGGC-1	CD8T
CTCAGCTGTGCCCTAG-1	CD8T
ATTTGTCAGTGAACCG-1	CD8T
GAGCGCTCAGTAACGG-1	Mono
ACAGGCCAGGCAAGGG-1	Mono
TCAAAGCCACTTATGG-1	CD8T
CCGTGAGGTGAAACAT-1	otherT
ATCCCTGAGAATACTG-1	CD4T
TGGACATCACAAGTGG-1	CD8T
ACTAGGTCACGGTTAT-1	B
GCTCAGGCAGTAACCT-1	CD8T
GTAGACTGTCCGAGCT-1	CD4T
AGCGTATCAAGAGCGT-1	otherT
ACTGTCCTCTCGTGAA-1	CD8T
GAACCGCTCGCTTGAA-1	CD8T
GTTATTCGTAGAGAGA-1	Mono
ATCCTCGCAAGGATGC-1	B
GTGCTGGAGCAATAAC-1	CD4T
ATCCTCGGTCTCTAAG-1	CD4T
TGCTCACAGTTAGAGT-1	DC
GCCCGAATCACTAGGT-1	NK
TGAATCGTCCGTCAAA-1	CD4T
GTGCACGAGAACCCGA-1	otherT
TCAAGGTAGATGCGAC-1	B
GATTGACCAAATGTCC-1	CD8T
CATGTTTCATCCTGGG-1	CD4T
GGTGCTGAGGCAAGGG-1	Mono
CGCACAGCACTGATTG-1	CD4T
GGAGTAGCAATGTGCT-1	CD8T
TGCCTGTGTAATGTGA-1	CD8T
CTCTCGAGTTCACGTA-1	CD8T
TTACTCAAGATATGAC-1	otherT
ATGTTTCCAGTCCTGG-1	CD8T
GTCTACCGTAACGGTG-1	otherT
GGTGCTGCATCATGTG-1	Mono
ACCATCCTCACTTACT-1	CD8T
TAATTCCGTCCCGAGT-1	DC
AGCCAGCAGTACGCGA-1	DC
ATCCTGCCAAGGTCGA-1	otherT
GAACCGCCACCGAAAG-1	Mono
GACCGACCATGTGAGG-1	Mono
TTACCGCAGTCTGCTA-1	CD8T
GAAAGTAAGGCAAGGG-1	CD8T
AGATTCGGTGAATCGG-1	CD8T
TCAAGCATCGATAGGG-1	CD8T
ACAATCGTCGATAGCT-1	CD8T
GTTCAAGCATCCTCGT-1	CD8T
ATGTACGCACTGCTCT-1	CD4T
GAACGTTAGGAAACTT-1	CD8T
CAGTGCGAGAATCAAC-1	Mono
TTACGGAAGTAGTTCC-1	Mono
CCTTGCAAGCTTACCA-1	CD8T
GTGACATGTTTCGATG-1	CD8T
TGCCTCACAGGCAGAT-1	CD4T
CCAGATAAGAACTCCT-1	DC
GGTGCTGAGCAACGGT-1	CD4T
CGTTCCATCTGATCTT-1	CD4T
CTAACTTTCAACGTGT-1	CD4T
GCAGATTAGCTACGTT-1	CD8T
CACGTTCTCGGATGTT-1	CD4T
CAAGAAACACGATATC-1	CD4T
CATTCATGTGAGTAAT-1	CD8T
CTTGTCGGTGAATACA-1	CD4T
GGTTGCGCATGTAGAA-1	otherT
TTCGATTAGTTCGTTG-1	CD4T
GGATGAGCATCCCTCA-1	CD8T
CGCTAGGTCTCTATCA-1	CD8T
TTCGATTTCTGGCGCA-1	CD4T
TCAGGTATCTCGTAGA-1	CD4T
GAGTGAGGTCCATTGA-1	CD4T
AAAGGGCCAGCAGGTA-1	CD8T
GCATTGAAGATCTCAC-1	CD8T
AAATGAGGTCTGGTTA-1	B
ACTGCAATCTGAGTAC-1	B
GTGGCGTTCTTAATCC-1	CD8T
TTTGGTTCACCGTTGG-1	CD8T
GACTAACAGGCGTCCT-1	CD8T
CATAACGAGGCAGTGT-1	CD4T
TAGCATGGTTAGTAGA-1	CD8T
GGGTTATAGTATGGGC-1	NK
TCCGACTTCGCCAGAC-1	B
GCACCTTGTATGGTTC-1	B
AGCCGCACAAAGAGAG-1	CD8T
TAGCCCTTCCAGAGAG-1	CD4T
TCAGGTATCGACTTAG-1	NK
AAAGGGCAGCAACTGG-1	CD4T
GTGCTGGTCCCACTTG-1	CD8T
TCAGGGCTCGTGGTAT-1	CD8T
CGTTCCAGTCAGTGTT-1	CD4T
GATGATCCAAATTGAG-1	CD8T
TCAGTCCGTAGGTGAC-1	Mono
TAGCACAGTATTGTCG-1	DC
TTGTTGTTCCTATCAT-1	CD4T
TGCCTGTAGAAGCCGT-1	Mono
GGGTGTCCATGCCCTT-1	otherT
AGATAGAGTAACGGCA-1	CD8T
CTGCGTTCAAGTCTCA-1	Mono
CAGCCTTTCCACCTAC-1	CD8T
GAACTTGAGTATACCC-1	CD4T
TCAGTCCCAATTCAGC-1	CD4T
AGCGTATCACGCGATC-1	CD8T
GCCAGACTCTCATATC-1	CD4T
CTACAGACAACATAAG-1	B
GGAGGATTCCATATCT-1	CD4T
ATCCTCGCACCCTTTG-1	otherT
ACAATCGTCCAAGAGG-1	CD8T
TCAGTTTCAGGTAGGT-1	CD4T
GCCTAGGAGATAGGTT-1	B
AACGTACAGCGAGAAA-1	CD4T
AGGCGTCTCACATCCC-1	CD8T
TGACTCCCAATAGTGA-1	otherT
GGAGGATCAGCGTGAA-1	CD4T
TCAGGTACATGGGTGA-1	CD4T
CCCTAACCAAAGAAGG-1	otherT
ACTGTCCCAATGACTC-1	Mono
TGGGTTAGTAGCATGG-1	B
AACTTGGAGGTAAGCC-1	CD8T
GCCATAAGTTTCTACT-1	DC
GACTAGTTCTTTGCAT-1	CD4T
CGATGATGTAAACCCT-1	CD8T
TACGCCTCATCGAGTT-1	DC
TAGCACAGTTCTTTGT-1	otherT
TGCATGAGTCCGTCGA-1	CD8T
GCAGCTGCAGGGAGTT-1	CD4T
TAGCCGGCAGGCACAA-1	B
CAGTGCGGTATCACAC-1	otherT
CCACAGGTCCGGCTGA-1	B
TCAAGCATCGCTTCAC-1	CD4T
TCAGTCCAGAAACGCC-1	CD4T
GAACGTTCATATTGGC-1	CD4T
GCAGATTGTCGCGCTA-1	B
CTCCCAAAGTGAACCG-1	CD4T
CTGCGTTTCTTACTCA-1	NK
GGAGGATGTCCGAGCT-1	Mono
GCAAAGGGTTCAGTAC-1	CD4T
CGTGGCACACTAAACC-1	NK
TTACCGCTCGTATAGC-1	B
CTCTAGCTCTAGCAGT-1	CD8T
GATGGCCTCCGCCTAT-1	CD4T
TTGCTTAAGCAGAATT-1	CD8T
AGTTTGGAGGTAAGTT-1	CD8T
CTTGCTGCACATTGCA-1	Mono
GAGCATTTCTGTTTAC-1	CD8T
ACGGATTCAGGACCTC-1	CD4T
GCACCTTGTACGTAGG-1	CD8T
GTTGGGCCAGTAACGG-1	DC
GAGCATTTCCGGACTG-1	CD4T
GTTATGGAGTGGGACT-1	CD8T
AGTGTACAGATGCGCA-1	CD4T
CACATGAAGTGTGTAA-1	CD8T
TTGTCTACATTCCCGT-1	CD4T
CACTAAGGTTAGTAGA-1	CD8T
GTGCCAGAGTCGACCC-1	Mono
TTACGTTAGAGATTAC-1	CD8T
GGCGAAAAGAAATACC-1	DC
ACTGTCCGTAGAACGC-1	CD4T
TCCCACAGTTAACTCG-1	CD4T
AGTTACGAGAAGAGTG-1	CD8T
TGCTTCGTCCGTTTCG-1	CD8T
ACTGCGGGTCCGAGCT-1	B
GTTCAAGAGATCACCT-1	CD4T
CAAGCTAAGGCAAGCT-1	CD4T
GACCTTCGTGTTGTTG-1	CD4T
CTAGGATAGACCGCAA-1	otherT
GAACCGCTCTAGCAAC-1	CD8T
GAGATTCCAGTGCTCG-1	CD8T
ATCCCTGCAGTGCTCG-1	DC
CTACTTACATAGACGG-1	Mono
AAAGGGCCATTCTTTG-1	CD8T
AGACAAACATCGGCCA-1	CD8T
AGCCTTCCATGCCCTT-1	CD4T
AGGCCTGTCGGAGTTT-1	Mono
AGCGTGCCACCTACCT-1	CD4T
CTCTCGATCTTGTGCC-1	Mono
TTTGGTTGTTAGTAGA-1	Mono
GGGACCTTCATGAACC-1	CD8T
CTGGGACCAAATGTCC-1	CD4T
AAATGAGCAGGGCTTC-1	CD4T
CAAGAAACAAAGAGAG-1	DC
TATGTGGGTGCCCTAG-1	NK
AGCCAGCTCTCCTTGG-1	CD8T
GACCCAGGTACCTATG-1	CD8T
CTCTCAGGTCATGAGG-1	CD4T
GCAACCGTCTTGCGCT-1	CD8T
CCAATGAAGCTCCGGT-1	CD4T
CAGCTGGCATTAAGGA-1	CD4T
CTCAGAACACACATGT-1	CD4T
TCAAGGTAGATGGCAC-1	Mono
GGGTCTGAGTCTTAGC-1	CD8T
CGTAAACAGGTACACG-1	CD8T
TGCACCTAGATCACCT-1	CD8T
GGGTGTCTCCAAGAGG-1	CD8T
TAGGAGGCAAGTTGCT-1	CD4T
CGATGATAGAATCAGT-1	DC
TGATTTCTCTGAACGT-1	CD4T
TAGCCCTCATTCCCGT-1	CD8T
AAACGAAGTGTGTGTT-1	CD8T
TAGACTGTCCAACAAC-1	CD8T
ATCCAGACAAGCGACA-1	otherT
TTGTTGTCACAGGAAC-1	CD8T
GCATTCCCATTAGCAC-1	CD8T
AAAGGATGTACTTGAC-1	CD8T
GCGGGTTTCGCTCTAC-1	CD8T
ATTTGTCCACTAAACC-1	CD8T
GCGAGTCGTTTCCACC-1	CD4T
ATCCCTGCATTTAGGC-1	Mono
GATCGTAAGTCGTGAG-1	CD4T
GTTCAAGAGTCGTGAG-1	CD4T
AGCCAGCTCTACTTTG-1	otherT
CGTTCCAAGACACGGT-1	otherT
GACCCAGGTCTGTCCT-1	CD8T
GCTTGCTGTGCGTTTA-1	Mono
TACTGCCGTCTGTGTA-1	CD4T
CAGGGCTGTGTGCTTA-1	Mono
TACCTATTCCATGTTT-1	CD8T
ACAGGCCCACAGGAAC-1	Mono
CCATACCAGCCAGAAC-1	Mono
TACGGATGTAGAATAC-1	Mono
GTTGGGCGTAAGTCTC-1	CD4T
TGCTCGTCAAGCGTCC-1	CD4T
CCTGGGAAGACTAATG-1	Mono
GAAACAACAGCAATGG-1	NK
AGCTGGCTCAAAGTAG-1	CD8T
GTGTGATCATCACAGT-1	CD4T
TACATTCTCGATGAAA-1	CD8T
AGCTGTACATGCTATG-1	DC
GGCGAAAGTGAGGTCA-1	CD4T
TTAGGTGTCCTGGGAC-1	CD4T
GGCACGTCACAGTTAC-1	CD8T
GACCGACCAGAACGAC-1	Mono
GTAGGAGCATATTGGC-1	CD4T
AGTGCGCCAAATTCCG-1	CD8T
ATTACCTTCTCCACTG-1	B
AGTCAACTCAGGATCT-1	CD4T
GCAACCGTCTGGTACA-1	CD4T
CAGGGCTTCGGCTATA-1	CD4T
ACTATTCAGGTTGTTC-1	CD4T
GAAATGACAGAACTTC-1	otherT
GGTGAAGGTGAGCTAG-1	CD4T
CACATGAGTCGATAGG-1	otherT
GAAATGAGTTCTTAGG-1	NK
GAAAGTAGTACGTAGG-1	other
GGGAACAAGGTTGTGG-1	CD8T
AGTTTGGAGTGCCCTG-1	DC
CATAACGCATGGCCTG-1	CD8T
ACTTCCGAGTCGTACT-1	CD4T
TGCTCACTCAGGCCGT-1	Mono
AACATCGGTTGGCGAA-1	otherT
TGGGTTAGTTCTTTCA-1	CD8T
CATAACGCAAGGGTAC-1	CD4T
GTCACTCGTCAATACC-1	CD4T
GTCACGGAGATTACGA-1	CD4T
GGGTTATCACTTATGG-1	CD4T
AGCCTGGAGTGCTAGG-1	CD8T
AAACTGCGTTACTACG-1	CD4T
GCGGAAAGTTCAGTTG-1	CD8T
GCAACCGAGTCACACT-1	DC
GGCGTTGAGTTCGACT-1	NK
GAACGTTGTGCTTCCT-1	CD8T
AACCTTTAGGGAGATA-1	CD8T
AATGGAACAAGGAACC-1	CD8T
ACTGTCCAGAGAGGTA-1	CD8T
CACAACACACGTTGTA-1	CD4T
GTAATCGCAAGGCGTA-1	CD8T
GTACTTTGTATTGTGC-1	B
ATGTCGAGTTATAGAG-1	CD4T
ACCGGGTAGCGATACG-1	CD8T
ACTACCCTCTGACATG-1	CD8T
GCCAGACCAAGGGAGG-1	CD8T
AGGCCTGAGAGCAGCT-1	Mono
AGGCCTGTCACGTCAA-1	CD4T
TTCAACTCACCGTCTT-1	CD8T
CATTGGACATCGAGTT-1	NK
TACGGATGTCTAACCA-1	NK
CAACGGCAGGACTAGC-1	Mono
CTAGCGGTCAAGAGGC-1	B
AACGTACTCCTGAAAC-1	CD4T
TATCTGTGTCACTCTC-1	CD4T
CTTAATCGTGAATGGC-1	CD8T
TTACTCACAGTCCTGG-1	CD4T
TATTGCTCATGCGCTG-1	CD8T
TAGCGGCGTGATAAGT-1	Mono
AAGGAGCTCGAGCGCT-1	Mono
CAACGGCTCTACCCGT-1	CD8T
TGTAAGCTCTCTGCGT-1	B
TTACGTTCAATGATGA-1	CD8T
GCTTAAGCAAATGCTC-1	Mono
TCAATTCCACCTGGTG-1	CD4T
GCACGCAAGGCCTCTG-1	Mono
CTAGGGCAGCATACCT-1	CD4T
CTCTCGACAATCAGGG-1	otherT
ATGGATCGTACGCCCA-1	otherT
TCACCTGAGTATGGGC-1	CD4T
TGCCTGTGTATTCGCA-1	CD4T
ATTACTCTCTGTTGCC-1	CD4T
CAAGCTAAGTACGACG-1	otherT
GGTGAAGAGTGAACCG-1	CD4T
TGTAAGCAGTAGGTCG-1	Mono
GCCCAGACAATCACTG-1	B
AACAGTCCAGTAACGG-1	otherT
TACATTCCAGGATGTG-1	CD4T
TCGTTCGGTGTTGTTG-1	CD4T
AGTGCGCGTCTCTGCT-1	CD8T
GGTGCTGTCAGTGGTT-1	Mono
TCAGCTCGTCACAGTT-1	CD4T
GGAGGATGTTAGGCTT-1	CD8T
GCTGAGCTCCGAGAGA-1	CD4T
CGGACCACACTGTAAC-1	CD4T
CCCTAACTCGAGGTCC-1	CD8T
CCCGTTATCTTCTCTC-1	B
ACCAAACTCTTCTCTC-1	NK
TTTGGCCGTTTCGATG-1	other
TGACTCCCACGACGAA-1	Mono
ATGTCGAGTACGCCCA-1	NK
ACCGAATAGATTACGA-1	CD8T
GCGGAAAGTGAATGTA-1	DC
TAGCCCTTCCTGGGAC-1	otherT
GTTCAAGTCGAGAAGC-1	B
CAATCCCGTTTAGAAG-1	CD4T
CTGAATGAGCAACTGG-1	CD4T
TGGCAATGTTTAGAAG-1	CD4T
GAGCATTTCCCAGCAG-1	CD8T
TTACCGCCATTACTCT-1	NK
AAACTGCGTAAACCCT-1	CD8T
GGTGTCGCATTTGTTC-1	CD4T
CTCATGCAGGTACATA-1	CD8T
CATTGGACACTGTAAC-1	CD4T
GCGGGTTTCTCTGACC-1	Mono
GGGTCTGCATTGTGAC-1	DC
GCACCTTAGTTACCAC-1	Mono
TTAGCTTTCGATCGCG-1	otherT
CTCAACCCAATAGCGG-1	CD4T
ACTAGGTTCAGAGTGG-1	CD8T
CCAGAATTCTCAGATG-1	CD8T
GTTGGTAAGTCTCGAT-1	Mono
TGATCAGTCGGCAATT-1	Mono
GGTGCTGTCCATGACA-1	Mono
ACTGCAACAGTTCGGC-1	Mono
GAACCGCTCCCAATGA-1	CD4T
ACTACCCTCGAGTTAC-1	B
CATTGGACATCCCTCA-1	Mono
AATGTCGTCCCGCAAG-1	Mono
ACATGCAGTTGCAGAG-1	Mono
ACCGCAGTCGTGTGCG-1	CD8T
GGCGAAAAGGATTGCG-1	CD8T
TAGCCCTCACCTGTGG-1	CD4T
TGCACCTAGTACCCAT-1	CD8T
CAGGGCTAGGTGTTGG-1	CD8T
GCAACCGAGGTTGTGG-1	CD4T
AACCGATTCAATTCCT-1	CD8T
ACTGTCCAGACTAGGC-1	CD4T
GTACTTTAGGTGATGC-1	NK
GTACTTTTCTTCCACG-1	CD4T
GCAAAGGGTCGCTACG-1	otherT
AACTGGTAGTGCCCTG-1	Mono
AGGACGAGTTTGTACG-1	CD4T
TGGAAGGAGAGGTGGG-1	CD4T
GCCTAGGCACTGATTG-1	CD4T
GATTAGCTCGCGTTCT-1	CD4T
ATCGAGTTCCACGCTT-1	CD8T
ACATGCAGTTAGGCTT-1	DC
TAGCGGCAGTCTGTGT-1	Mono
TGTACAGGTCATCAAC-1	CD8T
TACCTCGCATCTGCAA-1	CD8T
AGCTGATGTTCCCAAA-1	CD4T
AGGCCTGAGATGGCAC-1	Mono
TGCGTAACATCTCACC-1	CD8T
AGCCTGGAGAAATACC-1	Mono
TGATTTCCAACGTCGC-1	CD8T
GGTTGCGCAGTTCGGC-1	CD4T
GACCGACAGCAGAAAG-1	B
AATGGAAGTACAACGG-1	CD8T
GCTGTTCAGGTTTCTG-1	CD8T
CTGTTCGCATTTCTTG-1	Mono
TCGGGACGTTCTTTCA-1	CD8T
GGTGAAGGTGGATTCT-1	Mono
ATTGTCTTCCCACGGA-1	otherT
TTCGTTACAAGCGGTA-1	CD4T
CTAGGGCTCTTCATAC-1	CD8T
GTCTACCAGTTACACC-1	CD8T
CTGCTCAGTTTCCACC-1	CD4T
GACTAGTTCTGTGTCC-1	Mono
TTACTCAGTTTAAGCC-1	CD4T
AACCTGAAGTGTCGCC-1	CD8T
CACCACTGTTTCACCC-1	CD8T
CACATGAGTATCGCGC-1	CD8T
TACCCTGAGTATCTGC-1	NK
GGAACCCCAATTGTGC-1	otherT
CCGAAGCGTGTCCTTC-1	Mono
ACCGAATGTCATGAGG-1	Mono
GCTCCTAGTACGTAGG-1	otherT
GACCGACTCGAGGTAG-1	Mono
AAACTCGGTTTCCTAT-1	CD4T
GAAAGTATCTGGGCGT-1	otherT
TAGCACATCATCATGG-1	CD8T
AACATCGAGAGAGTTT-1	Mono
TTGTTCACAGTCAGCC-1	CD8T
TGCATGACAAGGATGC-1	CD4T
GTTATTCCAGAAGTGC-1	DC
TGACTCCCACACACCG-1	CD4T
CCCAGAGTCCGATGCG-1	other
AGTCAACGTACCAAGG-1	CD4T
TTAGCGACATGTGAGG-1	CD8T
GAACCGCAGGTGTTGG-1	CD4T
CAATCCCAGCCATCAT-1	other
GGTAGGATCGTCTTAT-1	NK
TTACTTGTCGAGCGCT-1	CD8T
CACCTTGAGCTACGTT-1	CD4T
ACTAGGTAGAACAGGA-1	CD8T
TATTGCTTCGCTGATA-1	NK
GCAGCTGGTTCCAGTA-1	B
GTTATTCAGGAAGAAC-1	NK
TTCATTGGTATCATGC-1	CD8T
CCATACCGTGTCCAGC-1	CD4T
TTGAGTGTCGGTCAGC-1	CD4T
CCCGTTAAGTGCTGAG-1	CD4T
TTTGTGTTCAGAGTGG-1	Mono
AGCGTGCTCCCACTTG-1	otherT
AATGGCTCATCCCTTG-1	DC
TCGATTTAGCTGGAGT-1	CD8T
CTTGAAGAGTCGATAA-1	CD8T
GTGCACGAGGTTAACA-1	Mono
AAATGCCAGTATACGA-1	Mono
GCCAGACCAAGGGTAC-1	CD4T
CAGCTAATCTGTGTCC-1	CD8T
AGCTGATTCACATCCC-1	CD4T
TACTGCCTCACGATTG-1	DC
GCGCATGTCGGACGAA-1	Mono
AGATTCGTCACCGCGA-1	CD4T
GTAGTACAGTGTCGGA-1	CD4T
AATGTCGAGTAGTGTA-1	CD4T
TTGTTCACAGAACGAC-1	CD8T
TGCATTTAGAGGTGGG-1	CD8T
CTTCTAAGTCAAGACG-1	CD4T
TGTAGCAAGGGTATCG-1	CD4T
TACTAGGGTGATGTGG-1	CD8T
TAAGCCACATGATCGT-1	CD4T
ATGTTTCAGGTTGTGG-1	NK
CACAACATCGGCAATT-1	CD8T
TGATGCATCGCAGATT-1	CD8T
CGCGCAAGTAATGCAA-1	CD4T
TTACGGACAAGCGACA-1	Mono
ATTCGTTGTTCTACCC-1	CD4T
AGTGCCGCAGGTCTGC-1	CD8T
TGTACAGTCATCGCTC-1	other
AGCCGCAGTGCTTGAT-1	CD4T
ACAAAGAGTGGACGAT-1	otherT
GAAGAGCGTTCTTTGT-1	CD4T
GTAGGAGCAAGGCTTT-1	CD4T
CGCTAGGTCTGTGTGA-1	Mono
GTGCACGAGGATTTGA-1	other
CTTAATCTCAGTCAAC-1	B
TCACAGAAGATCTCAC-1	Mono
TCCCACATCTCTGACC-1	CD8T
TCTCAGCTCACATCCC-1	otherT
GCTTAAGTCGCAAGCC-1	CD4T
CATGCCTGTCTCTAAG-1	otherT
TGCGTAATCACTGATG-1	CD4T
CCCTCTCAGCAACTGG-1	otherT
GGAATCTCAATCACTG-1	CD8T
CTTGTCGAGAAGCCGT-1	Mono
GGGAACAAGTGATAAC-1	CD4T
ACAAGCTGTGATGTGG-1	CD4T
CACAGATAGTGGTGTG-1	CD4T
ATGCATGGTAATGCCT-1	CD4T
ATTCGTTAGAAATACC-1	CD4T
TAGCCCTGTGTACGCC-1	CD4T
GGTGAAGTCCAACCTC-1	CD8T
CTACTTAAGCTGATTC-1	Mono
AAATGCCAGAAAGCAG-1	CD4T
CAAAGCTTCTTAACGG-1	B
TGGACATGTCCTCAGG-1	CD8T
GCTCAGGGTCCTCAGG-1	CD4T
ATAGGCTCACGCTGTG-1	CD8T
TTTGGCCGTGCTAGTT-1	otherT
AGGCGTCGTCAAACAA-1	Mono
GCACCTTTCTATCTCA-1	otherT
GCAGCTGGTAACTCCA-1	Mono
CCTGCTAGTTTGCCAA-1	DC
GGGCCATTCCTGTAGA-1	CD4T
GAGGTCCAGCTGAATA-1	CD4T
GGCGAAAAGCCTATAC-1	NK
TCAAGCATCTATGAGC-1	CD4T
TCAGCTCCACATAAAG-1	Mono
TGTGGCGAGGTACACG-1	CD4T
TGCTTTACACTGAAGG-1	CD4T
GGTACCGAGCAACTGG-1	B
AGGCCCATCAGAACGG-1	Mono
CAAGAAAGTATTCACG-1	CD8T
CCACGTTGTTACACTG-1	otherT
AACCGATCAAGCCCTG-1	Mono
TTACGGAAGGCGATTG-1	CD4T
ATTGTCTGTGAGTTGG-1	Mono
TAGCCGGTCAGGATCT-1	Mono
TGCTCGTGTTCCAGTA-1	Mono
ACGTGGCGTCAGCTTA-1	CD4T
TACTAGGAGTGATAAC-1	DC
CGTGGCAGTCCTTCAC-1	CD4T
GAACTTGAGAGATTAC-1	CD4T
GCTCCTACAACGTCGC-1	CD8T
ATGTACGAGCGTTAGG-1	CD4T
GTGTGATGTGGGTAGT-1	CD8T
TTAGGTGAGGCAGTGT-1	CD8T
GGCGAAAGTAACTCCA-1	CD4T
TGTAGCAAGCCATTCA-1	CD8T
AGCCAGCGTCATAAGA-1	CD8T
CCACGTTTCCCAATGA-1	CD4T
AGCTGATAGATTAGAC-1	CD4T
TAGCACAAGATCTCAC-1	CD4T
GCGGAAAGTCGAGAAC-1	CD4T
TTGCGAACAATGCACT-1	Mono
CAAAGCTGTGCCCAGT-1	CD4T
TTTGGTTGTCACATTG-1	CD4T
TAAGTGCGTGATAGAT-1	CD4T
AACGGGACATCTGCAA-1	otherT
TGTACAGAGCTGAATA-1	CD8T
ACAGGCCAGCTCCATA-1	CD4T
AAGGAGCCATGCCTTC-1	CD8T
AACATCGCACTGATAC-1	NK
GGATGAGAGTAGACCG-1	CD4T
CCCACATGTATGTTCG-1	DC
TAGTCCCCACAATAAG-1	CD4T
TACCTCGGTTTCTTAC-1	otherT
GTGACATGTGGTAGAC-1	CD4T
CTTCCAGCACCTGGTG-1	CD4T
GCGATCGCACACTAGT-1	CD4T
AGTTTGGCAAGTTCGT-1	CD4T
GGTGAAGTCAGTGTGT-1	DC
AGATTCGAGGTGTCGA-1	CD4T
AACTGGTTCGAGTTAC-1	B
TTATGTCCAACCTCTC-1	CD4T
GCGTTGGCAGAACTTC-1	CD4T
TTGTTCACAGGTAACG-1	otherT
ACCATCCCAACTACTG-1	CD4T
ACGTTAGCACGCTGTG-1	CD8T
TTCGCGTAGTGGTGTG-1	CD8T
TCAAGCACACGTACAT-1	CD4T
TTAACGGGTGCCCGAT-1	B
TGGTCCTAGGCCTCGT-1	otherT
TGGCAATCATGGAGGT-1	otherT
CGAGTTAGTTCTTTGT-1	CD8T
GATTGACGTGATGCTT-1	Mono
AGTTACGCAGGCATTT-1	other
TGGACATGTAGCGTTT-1	Mono
CATTGGACAAGGCTTT-1	Mono
AGCTATGTCCATCGAA-1	CD4T
CTCTCAGTCATTCGGA-1	CD4T
TTCATCACACTGATAC-1	CD8T
CGAGTTACAACGCACC-1	CD8T
ATCCCTGGTGCTGAAG-1	CD4T
CAAGAAAAGAGAATTC-1	Mono
ACAATCGAGTTCCCGG-1	DC
ATATTCCAGTCTCGAT-1	CD8T
TTACGTTAGGGATCCA-1	CD4T
AGATAGAAGTGTGTAA-1	Mono
AACTGTGTCTGAGTCA-1	otherT
CTCGCTAAGAGGTGGG-1	B
AACGGGATCCTGTAGA-1	CD4T
AACCTTTAGGGCTTCC-1	DC
TTAGCGACATTGATGC-1	CD4T
GAGCGCTGTCACTCTC-1	DC
TTTGAGGCAGAAAGAG-1	CD8T
AAATGCCCAGTCAGAG-1	CD4T
AGCCTCTAGGCCTCTG-1	CD8T
ACTACCCTCATCGCCT-1	DC
GTTGGTAAGCCGCTGT-1	CD8T
AACCTGAAGTGATAAC-1	CD4T
TTGCGAAGTAGCGGTA-1	CD4T
GTGGATTTCAGGGTTT-1	Mono
GTAGTACTCTATAGGC-1	Mono
AACTTGGGTGCTTGAT-1	CD4T
TGTAAGCCAATGCACT-1	CD4T
CATGTTTCATCTGCAA-1	DC
AATGGAAAGTCCGGAA-1	CD8T
ATGGATCGTACTAGAA-1	CD4T
AACTGTGCAGGTGTGA-1	CD8T
ACAAGCTCAATGACTC-1	CD4T
GGAGTAGAGATTAGAC-1	CD4T
GGTGAAGTCCGAGGAA-1	CD4T
AACGAGGTCAACTTGG-1	CD8T
GGAACCCGTTGGCTTA-1	B
AGCCAGCTCTTAATCC-1	CD8T
AATACGCCAATTCAGC-1	NK
GCGATCGTCTTGTCGC-1	CD8T
TATCTGTAGCAACTGG-1	otherT
TTATGTCCAAGGGAGG-1	CD4T
GTCACTCGTAGCCATT-1	DC
AAATGCCCACAAGGGT-1	CD8T
TTTGGCCGTATTCTCT-1	CD4T
GAGCATTGTGGTACTT-1	CD4T
CACCTTGTCTAGCTGA-1	CD4T
CACCTTGCATCGTACA-1	otherT
CACTGAACAACACGGA-1	CD4T
GAGGCTCGTTACCACA-1	CD4T
TAAGTGCAGTGATAAC-1	Mono
TGGGTTAAGTCGTGAG-1	CD4T
GTGACATCAATGACTC-1	otherT
GTGCTGGGTCAAGACG-1	CD8T
AGTGCGCGTAATGCCT-1	DC
TAAGTGCTCCTAGAGT-1	NK
TGGTCAACAAGGTTCT-1	CD8T
GGTTGCGCAATGTGCT-1	CD4T
TTGCTTAGTAGCCATT-1	CD4T
TGCTTTATCGGGACAA-1	NK
CGCAGGTTCCATCGAA-1	otherT
ACTTCCGGTTTCTCTA-1	CD8T
GCCTACTAGAGTCCGA-1	CD4T
GTTATGGAGAACCATA-1	CD4T
GAGCGCTCATGCGCTG-1	Mono
TGCCTGTGTTCAGTTG-1	otherT
AGCTGTATCGGAGTTT-1	CD4T
TACGGATAGGTGAACC-1	CD8T
TCACAGAAGGGTTCCC-1	CD4T
GCAGCCATCAATTGGC-1	CD4T
GCACGGTGTATCATGC-1	Mono
TTGAGCACAGGACCTC-1	CD4T
TAGACTGCAAGATGCG-1	Mono
ATCCTGCTCTTGTCAT-1	CD4T
GCCAGACAGGTACTCT-1	CD4T
CCTTAATAGCCTCGCA-1	Mono
TAGCCCTTCTACCCGT-1	Mono
GAGACTTGTGAGTCGA-1	Mono
TCGATTTAGATATGAC-1	otherT
ACAAGCTCAGGTCTGC-1	Mono
AGCTGATCATAGATAG-1	Mono
CACATGATCCGCGATG-1	CD4T
GTCCATCGTCTGGATT-1	CD4T
TATGTTCCAAGAGCGT-1	CD4T
GATTAGCCAACTCAAC-1	CD8T
ACATGGTAGAAATACC-1	CD8T
GCTCACTCAGAACTTC-1	CD8T
TCTATTGCATGCCTTC-1	Mono
GTACTTTGTGTCCTTC-1	CD8T
TGTGTCCCATCCGTGG-1	CD4T
CTTCTAACACAGATGG-1	CD8T
TTTACGTTCCGATGCG-1	CD8T
GTCACGGCAGTTGCAT-1	CD8T
TCACCTGGTGCCCGAT-1	CD8T
ACAGCGCCACCTACCT-1	CD8T
CCCTCTCAGCTATCCA-1	CD8T
TGTAGCACAATACTGC-1	CD8T
TCGAGCGCAGCAAACG-1	CD8T
CTCATGCAGTAGACCG-1	Mono
GATCATGAGTACAGAT-1	other
CACCTGTGTCTGTCCT-1	B
CTACTTACAAGGTTCT-1	otherT
ACTTTCAAGAGAGGTA-1	CD8T
GAGCATTAGATGAGGA-1	Mono
ACAGACTCACGCTGTG-1	CD8T
GTGCACGTCTACTGCC-1	Mono
CTCCCAAGTTAAGGGC-1	CD8T
TCGCAGGTCAGTGGTT-1	otherT
GGAATCTAGGAAGACA-1	CD4T
GCGGAAATCTCTGAGA-1	CD8T
GCTGCGATCTCTGTTA-1	B
ATCCCTGCACTCGGAC-1	Mono
GGGCCATAGGTTCGAG-1	CD8T
GGCGTTGGTCACTCTC-1	CD4T
GGTGAAGGTAAACGGC-1	CD4T
TAGCCCTGTCCTCAGG-1	CD8T
TTGCTTACAGCAATGG-1	CD4T
TGCATGACATCCCTTG-1	Mono
ACGGATTTCGATGCAT-1	CD4T
AGCGTATTCTCGCGTT-1	CD4T
TCGATTTAGAGTGGAA-1	CD8T
TTACCCGCAGGGTACA-1	CD8T
TCAGGTAGTCTCAAAC-1	CD4T
AAGATAGGTCAACTAC-1	CD8T
GTCTACCCAGAGATGC-1	CD8T
CGCACAGAGTTGCCGC-1	DC
CTAGGATAGTCAACTC-1	CD8T
TGAGCCGCAACCTCCT-1	CD8T
GAAGTGGTCCTAGAGT-1	CD8T
ACTCGGGGTCCTCAGG-1	CD8T
AAGATAGCAGAGCCAA-1	otherT
ATCGAGTAGAACTAAC-1	CD4T
GAACGTTTCTCGGCGA-1	Mono
CGATGATAGGAGGCGA-1	CD8T
GTGCTGGGTCAACTAC-1	Mono
AGCCAGCCACAGAAGC-1	Mono
ATCCAGACAATGCATC-1	otherT
TATTGCTGTAGCATGG-1	Mono
ACTGCGGAGGGTGTTG-1	otherT
ACTGTCCAGCATTCCA-1	CD4T
TGCTTCGAGATCACCT-1	CD8T
CTCAGAATCTTGGCCT-1	CD4T
TAGCCCTAGCCAGAAC-1	B
GAAAGTATCCTGGGAC-1	DC
CCCAGAGTCATGAACC-1	CD8T
GCCCGAAGTAGAATAC-1	CD8T
TGGCCTTTCCATACCC-1	CD8T
TTCGTTAAGAGCTCCC-1	CD4T
TCGCAGGTCGAGGTAG-1	CD8T
AAAGATGCATTACACG-1	NK
GCTTAAGTCTTCCACG-1	CD8T
CCCGTTAAGGTGTTGG-1	CD4T
ATAGGCTGTACAAATG-1	CD4T
TTGAGCATCTACATCT-1	otherT
GAACCTAAGGCGATTG-1	CD4T
TACATTCTCCGGCGAT-1	NK
CACATGAAGACCCATT-1	CD4T
CTTCCAGGTCGGCTGT-1	B
CTACTTACAACGCACC-1	CD4T
GGTGCTGTCATTGCCC-1	CD4T
CACCTTGCAGTCAGAG-1	other
CAGGATTAGTTGCGCC-1	CD8T
CGATGATGTACCCACG-1	Mono
GAAGAGCTCTGGCACG-1	CD4T
GCATTGACAATCATCG-1	CD8T
TCTAGTTGTTGTGAGG-1	Mono
GTGCACGCACCGATCG-1	otherT
GACCTTCAGTCATCTG-1	CD4T
GTAGGAGTCAATTCCT-1	CD8T
CACAACAAGCTGAGGT-1	otherT
GCACGCAGTCACAGTT-1	CD8T
AGCTGTACACCTCGTT-1	DC
GACTAGTGTCCTATTT-1	CD8T
TCTCTGGGTATTCGCA-1	CD4T
TCAAAGCTCTAGCTGA-1	CD8T
CGGACCATCAGTGTAC-1	otherT
TCCAGAAAGAGCTCCC-1	CD4T
CCACGTTGTAGAACGC-1	DC
AGTGCGCCAAAGCTTC-1	NK
TGTAAGCCAAGCACTT-1	B
GCGATCGTCTAGCAAC-1	CD4T
AGCGTGCTCATTGCCC-1	Mono
GGGCCATCAGACCTGC-1	otherT
ACATGGTAGACACTTC-1	CD8T
AGCCAGCTCTGGAAGG-1	CD4T
GGATGAGCAGTAAGAT-1	CD4T
CCTGCTACATCCCTTG-1	CD8T
AGCTGTAAGCAGGAGG-1	Mono
GCGATTACAATAGTGA-1	otherT
CCTCCCTCATGGGTGA-1	CD8T
TAGCCCTAGGGAGATA-1	CD8T
TGCTTCGCACAGTTAC-1	CD8T
ACTAACGGTAGAAGCC-1	CD8T
GCGGAAAGTGTCCAGC-1	CD4T
GTGATCACAAAGACGC-1	CD4T
CAAGCTATCAAGGCAG-1	CD8T
GCATTCCTCTTAGTGG-1	B
AAATGAGAGCATGTGG-1	CD4T
GACCGACAGGGAAATG-1	NK
AAAGGATGTACGGATG-1	CD8T
TACCTATGTTTGCGAT-1	CD4T
TAGGTGTCAAGGTTCT-1	CD4T
AGCGTATAGTCCCTCT-1	CD8T
TATTGCTGTAGTACAA-1	CD8T
GAGGTCCGTGCACTTA-1	CD4T
GCAGCCAGTAAACGGC-1	B
GCGCCAAAGTCGTATC-1	CD8T
TCGGGACCATATAGAG-1	CD4T
CCTTGGTCAAGACACG-1	CD4T
GAGCATTCACTAGCCG-1	NK
CCCTGATCAAGGGAGG-1	CD8T
CTCAACCGTTGTGAGG-1	CD4T
TGTGTCCGTTAGGAAT-1	CD8T
AAACGAATCGGTCTCT-1	otherT
GTCACCTGTTAACCGT-1	CD8T
ACCGGGTTCAGTCTTT-1	CD4T
TGTGTCCAGTCTGCTA-1	CD4T
CAGTGCGGTTTCACCC-1	CD8T
TAGGAGGGTGCTGTGC-1	Mono
TAGCGGCGTCTGGTTA-1	CD4T
GATTAGCCATCAGCTA-1	CD4T
CTACAGAGTTGCAGAG-1	CD4T
GCGAGAAGTATTCACG-1	CD8T
GAAACAATCTCATATC-1	CD4T
TACCTATGTACGGATG-1	CD8T
CGCTGGAGTTAGGAAT-1	Mono
CACTGAATCGCGGCAT-1	CD4T
CTACAGACAACTCGAT-1	CD4T
GCGGTGTCAGATAAGT-1	CD4T
ACAAGCTGTACGAGAC-1	CD8T
TAAGTGCGTCACAGTT-1	CD8T
GCAACCGGTTAGTAGA-1	otherT
ACTCGGGGTTTCTTAC-1	CD8T
TAATTCCCACGATATC-1	NK
AAACGAACAATTGTGC-1	CD8T
TAACGGTAGTGCACAG-1	B
ATTTGTCGTCCACCAG-1	CD4T
TGCTATTGTTTGATCG-1	CD8T
TAGGTGTTCCTGGAAT-1	CD4T
CTGGCAGGTGCTAGTT-1	NK
GATTGACTCCTAGAGT-1	CD8T
ACCCAAAGTGGTCGAA-1	CD4T
GAAACAACAAGGTTCT-1	CD8T
CCGCATTCATTGTGAC-1	otherT
ACGTTAGCAGAAAGAG-1	CD4T
TTACGGATCGGGAAAC-1	CD8T
TCACCTGAGACTCTTG-1	CD8T
TCCGACTCAGTGCGAA-1	NK
TGGACATTCGATCGCG-1	CD8T
TAGCCGGCATCCGTGG-1	CD4T
TAGGTGTGTAGTCCAT-1	otherT
TTGCTTAGTGGAAGCT-1	Mono
AAACTCGGTCAACTGT-1	Mono
CTTGAAGGTAGCCATT-1	Mono
CTCTCGATCCACGGCA-1	CD4T
TGAATCGGTAGTGATA-1	CD8T
CACAACAGTAAAGGCC-1	B
GCGGGTTGTAAGTCTC-1	Mono
GCGTTGGTCCTATCCG-1	B
GTCACGGTCGTGTGCG-1	otherT
AGCGATTAGAAATTCG-1	CD4T
GCGGGTTAGTGGTGTG-1	CD4T
GGTACCGCAATGGTAA-1	otherT
GCGTTGGCAGATAAGT-1	CD4T
TACTGCCCATCCCTTG-1	DC
CATTCATAGAGCCACA-1	Mono
GTTGGGCTCTCGCGGA-1	CD8T
ACCATCCTCCTGAAAC-1	Mono
GTGGCGTAGAAATACC-1	CD8T
TGGTCAAAGTTACACC-1	CD8T
AGACAAAGTTCTGAAC-1	otherT
CTCGCTAGTTTCCACC-1	CD8T
GTAATCGCAGGTCTGC-1	NK
GTCACGGAGGTGATGC-1	NK
TTCATTGCACGATATC-1	Mono
ACTACCCCATGGTATC-1	CD8T
CTGCGTTCACACACCG-1	NK
GTAGTACTCCTGTGGG-1	CD8T
ATGTCGAGTGCCCAGT-1	Mono
GGGAACAGTCTGTCCT-1	CD8T
TGACTCCGTGTGAGGT-1	CD4T
AGGCCCACAAGCACTT-1	CD4T
GAGCGCTAGCTGGAGT-1	CD8T
AAGGAGCCAATGGTCT-1	CD4T
GAGTGAGGTAACGTAA-1	CD4T
CAGCTGGGTACCTATG-1	CD8T
GATCGTACATTAGCCA-1	CD4T
ACGTGGCGTGCATTCA-1	Mono
TTACCGCAGGAGTAGA-1	otherT
ACCATCCTCGATGTAC-1	Mono
TGAGCCGTCTATGAGC-1	NK
CTCTCGAGTAGAACGC-1	CD4T
TAGCATGAGGCACCTC-1	Mono
TCAGCTCGTCTCTAAG-1	otherT
AGGCGTCGTTATAGAG-1	CD8T
AGCCAGCCATCGAGTT-1	NK
CGTACAAGTTCTTATC-1	Mono
CATTCCGGTTTGATCG-1	CD8T
TAACAGCAGGTTTCTG-1	CD4T
TCAGCTCCAGGATGTG-1	otherT
GGCGTTGGTAGTGATA-1	CD8T
CTGGCAGCACAAGGGT-1	CD4T
CACATGACACGCGACT-1	Mono
CTCATGCTCGCAACTA-1	CD8T
GACCTTCTCGAGGCTC-1	CD4T
AGCCTTCTCAACTTGG-1	CD4T
CTCTACGTCTCAGATG-1	CD8T
GCCAGCAGTCAGAAAT-1	CD8T
TACGGATAGGCTGGAT-1	CD4T
CCTGCTATCCATCTAT-1	CD8T
AGGCGAAAGCAACGGT-1	CD8T
GTGATCAAGAGCGGTT-1	CD8T
TCACTCGGTCTTAGCA-1	CD8T
TCACCTGTCGGCAATT-1	CD4T
AGTGCCGGTTGGCGAA-1	Mono
CAGGGCTCACCATTCC-1	otherT
CTGGCAGGTTATGCAC-1	CD4T
TTCTGTATCCCGGGTA-1	CD8T
CACCTGTAGTATGGGC-1	B
AGCCTTCCAGGTTATC-1	CD8T
CTGTATTCATCGACCG-1	CD4T
CATAACGCACAGGTAG-1	Mono
TCACAGAAGGAACCGT-1	B
GCGTTGGGTTAACCAC-1	B
GCACGCACAGCAACCC-1	CD4T
CCTATTAAGTCGAGCA-1	CD8T
AGCTGATCATTTGTTC-1	B
TGCTTTACATTATGGC-1	CD8T
TGCTTCGGTCCAACCG-1	Mono
GGCATTACATGTATCG-1	otherT
TAGCTTTTCATCATGG-1	CD8T
CCGTGAGCATCGTGAT-1	CD4T
GAAATGAAGACTCTTG-1	NK
GAGTGAGAGGTGTTGG-1	CD4T
AACCGATCACTGGGCT-1	Mono
ATCCTGCGTTTCCTAT-1	B
TCAGGTATCACTAGGT-1	otherT
ATTTGTCGTACGGAGT-1	NK
CGTACAACAGCTATAC-1	CD8T
GTGGCGTGTATGGATA-1	CD4T
ATCCAGAAGGAGTAGA-1	Mono
CGCAATAGTAAGCCGA-1	B
GCAAAGGAGTGCAACG-1	CD8T
TGTGACATCCTTTGCG-1	CD4T
CGATGATGTACCAAGG-1	CD8T
GGGTTATCACCTGTGG-1	CD4T
CTAACTTAGTTAGAGT-1	CD4T
CGCTATCTCCACACCT-1	CD4T
ACTGCAATCGCGTTCT-1	B
CTGAATGAGGACCGAT-1	CD4T
TGCTATTAGCTCCGGT-1	CD4T
AGGCCTGAGTCTGTGT-1	CD4T
GTAGGAGTCTCTTAAC-1	CD8T
CCTCCCTCATTAGCAC-1	CD8T
TTGTTGTTCAGATACC-1	otherT
TGGACATTCCGTACGG-1	CD4T
GGGTGTCCACATCATG-1	CD8T
CTCAGCTTCCATCTAT-1	otherT
TCTCAGCCAATAGCGG-1	CD8T
AAGGTTCGTCTGTCCT-1	CD8T
TGCACCTGTCTCTGCT-1	CD4T
TTACCGCGTTACGAAA-1	CD4T
AGCTGGCCAAAGCATA-1	other
GCTTAAGTCGGGATCC-1	Mono
GGCGTTGAGCTCGTTA-1	CD4T
GCTCGAGCATCCGTGG-1	Mono
ACAAGCTCATTACTTC-1	Mono
TCGCAGGTCACTGATG-1	B
TCTAGTTCATCAACTG-1	Mono
GCCATAAGTCTGTCCT-1	DC
TAAGTGCAGAGCAGCT-1	CD8T
CTAGGATTCGCTACCT-1	CD4T
TGCTCACGTGGCGCTT-1	CD4T
GCAGCTGAGAGCCACA-1	CD4T
TTACGGATCACTCCCA-1	otherT
GGGTGTCCAAGTCTCA-1	CD4T
TTGCAGAGTTCTACGA-1	CD4T
GAAGTGGAGTACGCGA-1	CD4T
CACGTTCCATTCACCC-1	CD4T
CTTGCCAAGTTCAGGG-1	otherT
TGTACGATCCATACCC-1	CD8T
TTGTCTACACTGATTG-1	Mono
AGCGATTCAGGTCCTG-1	DC
CACTGAACAGAAGTGC-1	CD4T
ATTTGTCAGTGTGTAA-1	CD4T
TATGTGGAGCGAGAAA-1	otherT
GTAATCGGTTCAGTTG-1	CD8T
GCATTGACATCGTACA-1	otherT
CTCTAGCAGGTTGTGG-1	CD4T
TGATGCAAGCGAGCTA-1	Mono
GGATAGGCAGAGAGAA-1	CD4T
TGTGTCCTCAGGTCTA-1	CD4T
TCTAGTTTCCTTGACC-1	NK
ACAGCGCGTCTGGTTA-1	Mono
GCGGGTTGTTTAAGCC-1	CD8T
GATGATCAGAGCACTG-1	otherT
CTGTATTGTTCTTAGG-1	CD4T
GTGGATTGTTTGCATG-1	CD8T
AAACTCGAGGACTTTC-1	CD8T
AAAGGGCGTAAACGAT-1	NK
GCATGATTCCTGAAAC-1	CD4T
TTACGGATCGCATAAC-1	CD8T
GCTGCGAGTTTGTGAC-1	CD8T
TAGCTTTGTGTTGGTT-1	CD8T
TGCACCTTCGTGTGCG-1	CD4T
TGCGTAATCTAGCAAC-1	CD4T
AGTCCGGTCAGTACAC-1	Mono
CGCTGGATCTGATCCC-1	CD4T
TAAGCCACAGAATGCG-1	CD8T
TTTGTGTGTGAGCTAG-1	otherT
TGGCCTTCAATGACTC-1	CD4T
ATCCTCGAGTTAGCGG-1	CD4T
CCGCATTCACATATCG-1	NK
GACTAGTCAAGCTTTG-1	Mono
TTGCTTAGTAGGTAAT-1	DC
ACAGGCCGTCATTGCA-1	CD8T
ATTACTCAGATCTCAC-1	CD8T
CCACAGGGTCAATACC-1	CD8T
GATTAGCGTGAATGGC-1	Mono
TGCCTCATCGAGAAGC-1	CD8T
CAGTATGTCAGGAAGC-1	CD4T
GAACTTGAGTGGACGT-1	CD4T
CAAGCTAAGAGCTACG-1	CD8T
GCGGAAAGTGCTGTCG-1	B
TTAGGTGTCACTGATG-1	DC
AACTTGGCAACTCGAT-1	CD4T
CCACAGGTCAGGTCTA-1	CD4T
TGTTAGGAGATTAGAC-1	CD4T
TCGCCTACAAGCGAAC-1	CD4T
TGACAACGTCCAGACC-1	CD4T
GTCACCTAGCAGAATT-1	Mono
CCTCCCTGTTTAAGCC-1	CD4T
TCAGGTAAGCCCATGC-1	CD8T
CCCAGAGAGAAATGGG-1	CD8T
TCAAGCAAGCTCGGCT-1	CD8T
CCCGTTAGTGCTAGTT-1	CD4T
ACGTTAGAGCTCGGCT-1	other
ACGTGGCAGGCATGCA-1	CD8T
TAGACTGAGTTGACAA-1	CD8T
TCGGGACAGCCCATGC-1	CD4T
TCCGACTGTACTTCAG-1	CD8T
TTGCTTAGTAACCATC-1	CD8T
TCTCTGGTCACCCGGA-1	other
TAACGGTAGTGAACCG-1	CD8T
TACATTCTCTTAGTGG-1	CD4T
GTTATGGCATGCCCTT-1	B
CGCAGGTCATGACTGT-1	CD4T
CACTAAGCAAGAGATT-1	CD4T
CTGGCAGGTTCTCGAA-1	CD8T
TGTACGACATCCCAAA-1	B
CCCAGAGAGTCCGGAA-1	DC
ATAGTCGTCTGGCTAA-1	CD8T
TTGAGCAGTGCAACAG-1	CD4T
AACGAGGAGAAATCTG-1	B
TAGGTCACAATTCGTG-1	CD4T
TAGACTGCAACCTCCT-1	B
CATTCATGTAGGTGAC-1	CD4T
AAACTGCAGGGTTCCC-1	CD4T
TTAGGTGCAAGAGATT-1	Mono
AGATTCGGTACTTGAC-1	B
AAAGATGAGGATGTAT-1	CD4T
CCTATTACAATGGCAG-1	otherT
TTCATTGCACACACCG-1	CD8T
ATGGATCTCTGTCGGG-1	CD4T
TACTAGGAGAGACTCG-1	DC
GTGCACGTCTATCTTG-1	B
GCAAAGGGTGCTAGTT-1	CD4T
TGCCTCATCGCAGATT-1	other
TAGCATGCAGGGAGTT-1	CD4T
GCACCTTAGAAGCCGT-1	CD8T
CTCATGCGTATGCTAC-1	B
TCGATTTGTTCAGTAC-1	NK
GATCGTATCCCACGGA-1	CD4T
GATCGTATCTCGACAA-1	Mono
TTTGGCCAGGTAGGAA-1	CD4T
GGTACCGAGAGCTCCC-1	otherT
AAGGAGCGTAGAACGC-1	CD4T
AACTGGTCACTCGTGG-1	CD4T
TTGCAGATCACTGATG-1	CD8T
TGCCTGTGTGAATACA-1	otherT
ACTATTCAGGAGTAGA-1	CD4T
AGCTATGAGCCAGAAC-1	B
TGGCGCACAAGTCCTA-1	CD4T
GGTTGCGAGATGGCAC-1	Mono
CTAACTTTCTTCCAGC-1	CD4T
TATCTGTCAATTGTGC-1	CD8T
CAACGTAGTAACACTC-1	CD8T
GAAGTCTAGGACTAGC-1	CD4T
TCGAGCGTCCAACGCG-1	CD4T
TAGGTCAAGAATACTG-1	otherT
AATGCCAAGTGGGACT-1	CD4T
ACATGGTTCAGGCGCT-1	CD4T
CCCACATTCGTTCAGA-1	otherT
CTTGAAGGTGCGCTCA-1	CD8T
CGTGGCATCTGATCTT-1	CD4T
ACCAAACGTTTAAGCC-1	CD4T
CTGAATGGTATGGTTC-1	Mono
GACTAGTTCGTTTGAG-1	CD4T
CCTGCTATCTTAGTGG-1	CD4T
CGTAAACTCAGAACGG-1	Mono
ACCATCCTCCGATGCG-1	CD8T
GAGGCTCCATTTGGTG-1	CD4T
GCGAGAATCTATCTTG-1	B
CAGCTGGAGTTCGTTG-1	DC
TGCCTCATCTACTTTG-1	Mono
TTTGGTTAGTGGGACT-1	CD4T
TGAGCCGTCAACACGT-1	B
CGTGGCATCTCTGTTA-1	CD4T
TTCGTTACATTGATGC-1	otherT
GTGGATTAGTAGTTCC-1	CD8T
ACCGCAGAGAACTAAC-1	CD8T
TCGATTTGTATTCTTC-1	CD4T
GCGTTGGAGAAATCTG-1	CD4T
GGTACCGCAAAGGTCG-1	otherT
AGGCCTGGTCCAAGAG-1	CD4T
TGATTTCAGCTGAGGT-1	CD8T
GGGAACAGTACGGAGT-1	CD4T
GCGTTGGAGGCATGCA-1	CD4T
ACAGGCCAGACTCGGA-1	Mono
CGCACAGGTCCTTCAC-1	CD8T
TGGGTGCTCTGAGTAC-1	other
GCCATAACAGTATACC-1	otherT
GCCTAGGCATTCACCC-1	otherT
TACGCCTTCTGTGTCC-1	B
AACGAGGTCTCAGATG-1	CD8T
AGCCTTCTCGAGGTAG-1	B
ATTGTGGCATGGAGGT-1	DC
AAATGCCAGTGCCCTG-1	CD8T
AATGGAATCGCACCTT-1	CD8T
ACCGGGTCATCGAGTT-1	CD8T
AGCCAGCTCTGTGTGA-1	CD4T
CCGTAGGAGGAGTAGA-1	CD4T
GAAGAGCTCGCTAGTA-1	otherT
ACATGGTAGAACTAAC-1	otherT
TGCCTCACAAGGGTAC-1	CD4T
ACGTTAGAGTGTCCCG-1	CD8T
CAACCAAAGAAATCTG-1	CD8T
GGAATCTTCTTCCGTG-1	DC
CATGTTTGTTGGCTAT-1	CD4T
AAAGGGCAGTACCACT-1	CD8T
CTAGCGGAGAACTCCT-1	otherT
CCACAGGGTACGGAGT-1	CD4T
GCTTTCGAGGTCTTGT-1	Mono
CCGAAGCCACAGTTCA-1	B
TATCGAGTCTCGCGGA-1	CD8T
TGTAAGCTCAGTTGAC-1	Mono
GAACTTGTCGTGGGTC-1	CD8T
AGTGCGCAGTAGGAAG-1	CD4T
ACGTTAGCAGGTAACG-1	CD8T
TGGCGCACACTTACAG-1	CD8T
TTTGCGCTCGTTACAG-1	CD8T
TGGGTTATCAACTTGG-1	CD8T
TTAGCTTGTTGTGAGG-1	CD8T
CGCAATAGTAAGGTCG-1	CD4T
TTACTTGGTAGTCCAT-1	CD8T
ACCTGCTTCGAACACT-1	B
TAACAGCGTCCGTGCA-1	CD8T
TATCTGTTCTCTGAGA-1	CD8T
TAACAGCGTCTCAAAC-1	CD4T
CTCCCAATCCGGCTGA-1	CD8T
TTCGCGTAGCCTATAC-1	CD8T
GATTGACAGGAGTACC-1	Mono
CCCAGAGGTAGAAGCC-1	CD4T
ACTTTCATCTTGTCGC-1	NK
AAACTGCCATCATAGC-1	CD8T
ACTAACGAGACACTTC-1	CD8T
TGGGTGCGTATTTGCG-1	CD8T
AAGGTTCGTATTTGCG-1	DC
CTCAACCAGGCGTCCT-1	Mono
GAGGCTCAGGGTCTGA-1	B
AACCTGACACACATGT-1	CD4T
TCGCAGGAGAATCAGT-1	CD8T
CCCGTTAGTCTCAAAC-1	CD8T
AGGCCTGCATTGTGAC-1	CD4T
AAGGAGCTCTTCTTCC-1	CD4T
ACCTGCTAGAGCTCCC-1	CD8T
TTGAGTGGTCAGGCTC-1	CD4T
CGGACCAGTCACTCTC-1	CD4T
GTAGACTCAAGACTTC-1	B
CTCAGAAAGTGCCCTG-1	CD8T
AGTTTGGGTTTGCATG-1	CD8T
GGGTTATGTTTCGATG-1	NK
GTGCCAGGTCCGAGCT-1	CD4T
TCTATTGTCCTGTGGG-1	CD4T
AGTCCGGCATCCCTCA-1	CD4T
GCGGTGTTCACCGCGA-1	otherT
ATTTGTCGTGCTGTGC-1	CD4T
CCGTAGGCACATATCG-1	CD4T
GGGTGTCCATCTCTCG-1	Mono
CAAGCTAGTTGCCGCA-1	CD8T
CACCTTGTCGCATAAC-1	CD8T
AAACTGCTCACTTACT-1	CD8T
ACGGATTGTCGTAGTT-1	otherT
GTTATGGAGAGCAGCT-1	CD8T
ATGGATCAGCGTGTTT-1	CD8T
TCAGTCCCATGCGACC-1	B
CACTAAGCAGTGGTCC-1	Mono
GCGGGTTTCGATATGC-1	CD8T
CAGGATTAGCAACTGG-1	Mono
GGGTTATCAAGCTTTG-1	CD8T
TTACGGACATCCGTGG-1	CD4T
TCGAGCGGTAGACACG-1	Mono
GAAGAGCGTTAGCTCA-1	B
ATAGTCGGTAGAATAC-1	CD4T
TGATGCAAGTGAATAC-1	CD4T
GGGTGTCCAGTCAGCC-1	CD8T
CACATGAAGACTAGGC-1	CD8T
GGGACCTCAAAGCTTC-1	otherT
GAGGCTCAGCGCAATG-1	CD4T
CGCAATATCTTTCGAT-1	otherT
ACTAGGTAGCGAATAT-1	otherT
GCTTTCGAGTCTGCTA-1	otherT
GGAACTTGTCAGTGCC-1	CD4T
TAGCCGGTCTCTTCTC-1	CD4T
CCTGGGACAGGACCTC-1	CD8T
TACGCCTAGTTAGCGG-1	CD4T
AGCCGCACACTTATGG-1	NK
AGCGTATAGCTGAAAT-1	CD4T
CCAGATAGTAGTCCAT-1	CD8T
CTCAGCTTCTGATCTT-1	B
AACCTGAGTATCTGCA-1	CD4T
TTCATTGTCGATGTAC-1	CD4T
GCACGGTCACGATTAC-1	Mono
GGGTGTCAGAGCTCCC-1	B
GAGGCTCCAAGGATGC-1	CD4T
ATGTTTCAGGTTGACG-1	CD8T
AGCCTCTTCCGCCTAT-1	CD4T
AACAGTCAGGTACTCT-1	CD8T
GCTGAGCCACACTAGT-1	B
GGGTCTGAGAAAGGGT-1	CD4T
TCGAGCGAGAGGTCCA-1	CD8T
CACTGAAGTAGAGAGA-1	NK
TCAAAGCGTCCCGTGA-1	DC
CAGGATTAGTCTGCTA-1	CD4T
ACTCGGGCAACGAGGT-1	CD4T
TTTGGTTAGAACGCCA-1	CD4T
GTGCACGAGTGTGTAA-1	otherT
TGGAAGGAGAGGTCCA-1	CD4T
GAAATGAAGATGAGGA-1	Mono
CATGCCTTCGGTTGTA-1	CD8T
GAGGCTCAGACAGTGC-1	CD8T
TAGCACACATGATTGC-1	CD4T
GTGTCAACAATCATCG-1	CD4T
CCTTAATGTCTGTGTA-1	CD8T
TTGTTCAGTAGCGGTA-1	CD4T
TGACAACCATTTGTTC-1	CD8T
CTTGCTGGTCAGCAAG-1	CD8T
TAGCCCTGTGCGTAGA-1	CD8T
CTAGGGCTCGATGCAT-1	CD8T
CCTGGGATCTTGTCAT-1	CD8T
CCAGATATCCTATCAT-1	CD8T
TGCTTTACACTCGTGG-1	CD8T
GTGACATGTCAAGACG-1	CD8T
ATAGTCGGTTGCTTGA-1	otherT
AGGACGAAGGTTAGTA-1	CD4T
AAATGAGCATTAGCAC-1	Mono
TGAATCGTCTTCTCTC-1	CD8T
CCGTGAGCATTGATGC-1	CD4T
ATAGGCTGTTTGGATC-1	Mono
CCTCCCTGTAAACGGC-1	Mono
TACTAGGAGAATATCG-1	B
TTGCAGAAGGGTAATT-1	Mono
CTAGCGGGTAGCCATT-1	CD8T
CCAATGAGTGGTCGAA-1	Mono
TAGCCGGTCGAAGCCC-1	DC
ACTTCCGCAACCTCTC-1	otherT
GACTAGTGTAGCATGG-1	otherT
GTGCCAGCACAAACGG-1	CD8T
GACCTTCTCTCCACTG-1	DC
GAAGTCTTCCACGCTT-1	otherT
TCTATTGTCGGGACAA-1	CD4T
CCTATTAAGATGTTGA-1	CD4T
GTTCAAGTCCGTGCGA-1	CD8T
ATTACCTGTAGACGCA-1	DC
CTTTGCGGTTTCTTAC-1	CD4T
AGGACGAAGTTACACC-1	B
GATCGTAAGAGGTACC-1	otherT
TCAAGACTCTTCTTCC-1	CD8T
CATTCCGAGCGTTAGG-1	CD8T
CTCTAGCCAATAGCGG-1	CD4T
TCGCCTACAGCAACCC-1	CD4T
TATCGAGAGCATGATA-1	CD4T
ACGGATTGTTAACCAC-1	CD4T
GCTCAGGAGTCAGCCC-1	CD8T
ACTAACGCAGACCTGC-1	CD4T
GAACTTGGTTACTTTC-1	CD8T
CGCACAGCAAATTCCG-1	CD4T
ACCATCCCAGTGCTCG-1	NK
GGATAGGGTTCTTAGG-1	CD4T
TACCTATTCGTTCTAT-1	CD4T
TTGCGGGAGGAAACTT-1	CD8T
ACAGCGCTCGGATAAA-1	CD4T
GCGGTGTTCCGGCTGA-1	otherT
TGCATGATCGATGTAC-1	NK
TCTCAGCGTCAAGACG-1	CD8T
TGGTCAAAGGCTGGAT-1	CD8T
TTGTTGTGTGCCCTAG-1	CD8T
GAACCTACAATGCACT-1	CD4T
TGTACGATCAGGCGCT-1	CD8T
GGCATTAGTGGAGTGT-1	CD4T
TATCTGTCATCCTCGT-1	CD4T
GACTAACTCGGGAAAC-1	CD8T
TCAGCTCTCAGTACAC-1	CD8T
CGATGATCACCATTCC-1	Mono
CTCTCAGCAAAGACGC-1	CD8T
ATTACTCTCCCGATTC-1	CD4T
TACCCTGTCCCGCAAG-1	CD4T
TTAGGTGCAAGATTAG-1	CD8T
GCGGGTTGTTCCCAAA-1	otherT
GGAATCTCAGCACATT-1	DC
CTCAGCTAGCAACTGG-1	otherT
CTTGCTGAGCGCACAA-1	CD4T
ATCCCTGGTGGAAAGA-1	CD8T
TCCAGAATCTCGTAGA-1	CD8T
ACCGAATGTTCTACGA-1	CD8T
TTAGCGAGTAAGCCGA-1	otherT
AGATTCGTCATTGCCC-1	NK
CGCACAGGTTTAGAAG-1	CD8T
GGGCCATTCACTGATG-1	CD4T
TAGCATGGTAGCGAGT-1	CD4T
CAGTGCGCATCAGAAA-1	B
TCTCTGGAGGAAGGTA-1	CD4T
TACATGGTCCAAGTCA-1	other
GTAGGAGAGGTAGGAA-1	CD4T
CAGCTAAAGGAAGAAC-1	CD8T
TGTGACACATGCGACC-1	CD4T
CTGCTCAAGCTAGCAG-1	DC
ACATGCAGTCATGAGG-1	CD4T
TCTATTGCACGCGCAT-1	CD4T
TGGCAATTCCGTCAAA-1	CD8T
GCTGCGATCCCTACCA-1	CD4T
GATGGCCAGGAGTAGA-1	CD4T
GCAGCTGGTGCACTTA-1	CD4T
ATCCTGCCACCCATCT-1	CD8T
GGCATTAAGGTCCTCG-1	CD8T
GCTGCGAAGATTAGAC-1	B
GCTGAGCTCGGATCGC-1	CD4T
GTAGACTAGTCTTAGC-1	otherT
CAGCTAAAGTTAGCGG-1	CD8T
GCAAAGGGTTACACTG-1	CD8T
TGCCTGTCAACTACTG-1	CD4T
CACAGATCAAGTTCGT-1	CD4T
GTAGACTCATTCCCGT-1	CD8T
TTAACGGGTGTGAGGT-1	CD4T
TGACAACAGGGTAATT-1	DC
TTCTAACGTGGCGCTT-1	CD4T
GGCGAAATCGCTCTAC-1	NK
GCCCGAAGTTCTTATC-1	B
TGCTCGTAGCCGCAAA-1	Mono
AATGGCTTCCTAAAGC-1	otherT
TGCTCGTGTTTGTGAC-1	Mono
TGTAGCAAGTGCAACG-1	CD8T
TTGAGTGTCCGATGCG-1	DC
TGGCAATAGTACTCTG-1	B
CTGTATTGTCTGGATT-1	otherT
TAGCTTTTCCTGTAGA-1	otherT
TCTATTGCAGAGAGAA-1	CD4T
ACAGGCCGTAGTACAA-1	DC
TACATGGTCCAGAATC-1	CD4T
TTTGGCCGTTGTATCG-1	DC
GTTGGTATCTTCCGTG-1	CD4T
TGAATCGCATTGCGAT-1	Mono
GAGCGCTGTACGTAAA-1	CD4T
TGGGTTAAGAAGACTT-1	NK
ATCCTGCGTAGATGAT-1	CD8T
TGCTTCGGTGCTTACA-1	CD4T
AACCAACGTAGAAGCC-1	CD4T
GGGACCTAGTCAGGAC-1	CD8T
CAGGATTTCTCTTCTC-1	B
CCAGATATCCAGTTAG-1	CD4T
TTCTGTAAGTGAACCG-1	CD8T
GTGCCAGAGGATGTCG-1	DC
CCCAGAGAGTAGAAGG-1	CD4T
TGCTCGTGTAGCATGG-1	Mono
GCGGGTTCACTTATGG-1	CD8T
TTGCGAATCCATCTAT-1	otherT
CTTGCCATCGTGCTGG-1	Mono
AACTGTGAGGGTCCCT-1	CD4T
CGATGATCATCCTCGT-1	B
CAATCCCAGACCGCAA-1	NK
GGGTCTGCAATGGTAA-1	B
TTACGGAGTTAGTAGA-1	CD4T
TTCGATTAGGTGTCGA-1	CD8T
CACGTTCGTAGAGAGA-1	Mono
GCACGCAAGCCAGAAC-1	CD4T
CTGAATGCACTCGGAC-1	CD4T
AGTCAACCACAGCCAC-1	CD8T
ACAGCGCGTTTCTTAC-1	DC
CTAGCGGTCACAAGCT-1	CD8T
GCACGGTAGTCTGTGT-1	CD4T
CGGACTGAGGATCCTT-1	CD4T
CAACGGCAGGATTAAC-1	CD4T
TTGCTATCAAACGTTC-1	DC
GCTTAAGGTGCAAAGC-1	CD4T
TCAGGGCGTTACTACG-1	CD8T
CAGTGTATCTTTATCG-1	CD8T
CTCTAGCCAAGGAGGG-1	B
GATGGCCAGGTTGTGG-1	CD4T
GCATTGACATCGGCTG-1	DC
CGCAGGTCAGGAGCAT-1	CD4T
GTTGGTAGTAAGCCTT-1	CD4T
AACCTTTGTACGGATG-1	CD4T
CTAACTTGTGGATTCT-1	CD8T
GAACCGCTCGGTTGTA-1	CD8T
GCACGGTCACTGCTTC-1	B
CTTCCAGTCAAGGCAG-1	otherT
CGCAGGTAGCGAGAAA-1	CD4T
TCACAGAGTGATGCTT-1	CD4T
TATCTGTAGACGCCAA-1	CD4T
TCTCAGCTCGGTCCGA-1	DC
TGTGACAAGGTGTCGA-1	CD8T
TTAGCTTAGATGGCAC-1	other
GGGAACAAGTTCAACC-1	CD4T
ACAAGCTAGGACTAGC-1	CD4T
GGTACCGAGGTACACG-1	CD8T
GTGCCAGGTATCTCAG-1	CD8T
GAGGATGTCAGGAATA-1	CD4T
AACCTGACATCAACTG-1	CD4T
CAACGGCCACTCAAGT-1	NK
GTGACATGTGAGGGTT-1	CD8T
AACGTACTCGCGCTGA-1	CD8T
GTTGGGCTCCATGACA-1	CD8T
GACTAACGTGATCAGG-1	otherT
TTACCGCCACCTGGTG-1	CD8T
TCGCCTACACTCCCAT-1	CD4T
CATGTTTAGCTGCTCG-1	CD8T
GCTTAAGGTCATTGGT-1	CD8T
TGTAAGCTCTATCTCA-1	CD8T
GCAGCCAGTGATAGAT-1	Mono
ATCGAGTAGAGTCCGA-1	Mono
TGTGTCCTCAGTGTAC-1	CD4T
ACTTCCGGTTTAAGCC-1	CD4T
AGCCGCAAGAACCCGA-1	CD4T
CCTTAATGTAACCATC-1	CD8T
AGTGCCGTCCAGAGAG-1	B
GTGCCAGAGTACTCTG-1	CD4T
GCCTAGGGTGAGTAAT-1	CD8T
AGGACGACATCCATAG-1	CD4T
GCCAGCAGTCCTTATT-1	CD8T
GTGCCAGGTTTCGACA-1	Mono
TCAGGTAGTTCCGCGA-1	Mono
GAGAACGAGAGGAAGT-1	otherT
TCGCAGGTCCAACAAC-1	otherT
ACTACGAGTTCTGAAC-1	CD8T
GGAGGATCATTCGTCC-1	CD8T
ATAGGCTGTGCCCTAG-1	NK
CATGTTTAGGCCTAAG-1	CD8T
TGTAAGCGTCATTGGT-1	NK
TGCACCTGTCGATAGG-1	otherT
CTCGCTAGTGTCCTTC-1	CD4T
TCAAGACCATGGGAAC-1	otherT
GCATTGAAGATGGCAC-1	DC
TGTGTCCTCGGAGTTT-1	Mono
ATGTCGATCGCCACTT-1	DC
GTCCATCCAGTATACC-1	CD8T
TTTACGTCATTACTTC-1	CD8T
CTCTCGACACGTACAT-1	CD8T
TTCGTTATCGCACAAT-1	DC
ACGTGGCTCCAAGTCA-1	CD8T
AGCCAGCTCTACTGCC-1	Mono
TGTTAGGGTTACGCTA-1	CD8T
CAGCTGGTCTCTGACC-1	DC
GTGCACGCAAGGAACC-1	CD8T
CTGTATTAGTCCGTGC-1	CD8T
CTTCCAGAGGGTATCG-1	NK
AATGGCTCAGAAAGAG-1	CD8T
TTGCTATGTTGTGACT-1	CD4T
GATCGTATCCTCCAGT-1	CD8T
TTGTCTAGTCAGGTGA-1	CD8T
AGCGTATTCGGTACTA-1	CD8T
GTGCCAGTCTCTGCAC-1	CD8T
CCCACATAGGGTTCCC-1	CD4T
GGTGCTGTCAGCCGAC-1	CD8T
CAGCCTTTCAAGTTGC-1	CD4T
TAGCGGCCATGGCCTG-1	CD8T
CTTGTCGTCAACTTGG-1	Mono
GGTGTCGTCAACGTGT-1	CD8T
GGAGTAGTCTCCCTTT-1	CD8T
TCGGGACTCTGGCTAA-1	CD8T
AGCCTTCCACGTTACA-1	DC
CCTGCTAAGGATATCA-1	otherT
GCTTTCGTCGTCCCTA-1	CD4T
GCTCGAGGTCAACTAC-1	CD4T
CAGTATGGTATCATGC-1	CD4T
TCTCTGGGTATGTTCG-1	B
ATTACTCTCTTCCACG-1	other
CATGCCTGTCTGATTG-1	B
TGCACCTCAGTATCTG-1	CD4T
GTCACTCGTAGTCCAT-1	CD4T
CTTCCAGTCTCTTCCT-1	CD4T
GAAGAGCTCCCAGTAA-1	otherT
CTTGCTGTCTCGCGGA-1	CD4T
CCTTGGTAGACTCGGA-1	NK
GATTGACGTTTCTCTA-1	B
CCTGGGACAGCTATAC-1	otherT
GGTACCGAGTCGACCC-1	NK
ACAGACTGTAACACTC-1	CD8T
GGGACCTAGGATGTCG-1	CD8T
ACCTGCTAGATCACCT-1	CD8T
GCGATCGTCTCGACCT-1	otherT
CGTGGCAGTCCAAGTT-1	CD8T
TCGAGCGAGTTCAACC-1	CD4T
CCGTACTCATGGTATC-1	DC
CACTGAAAGCATGTGG-1	CD4T
CAAGAAATCTCAGATG-1	otherT
CTTAATCTCGTGAACT-1	otherT
TAGCATGGTATTCTCT-1	CD8T
CTCTAGCTCGATAGCT-1	otherT
ATTGTGGAGGGTTCTT-1	CD8T
GGCGTTGCATGGCCCA-1	CD4T
ATGTTTCAGGAGTAGA-1	CD8T
AATGTCGAGGATTTGA-1	Mono
AGTGTACCATCCCGGA-1	CD4T
CGTGGCATCGGGAAAC-1	CD4T
GAAGTCTCAATTCAGC-1	B
TAGACTGCAAGCAACG-1	CD8T
GAAATGAGTACCAAGG-1	CD4T
AGCTGTATCCATCGAA-1	B
TTAACGGTCCTAGAGT-1	CD4T
GCATTGACATTTGGTG-1	CD8T
TCGCAGGTCAAGTTGC-1	CD4T
CTCAGCTTCTCTGACC-1	Mono
GCGAGTCGTTTGCGAT-1	CD4T
CTTGCTGCACGTGAAG-1	CD4T
CCTAAAGGTCTGTCCT-1	CD8T
GAAATGAGTGCCCAGT-1	otherT
GCAGCTGCAGGTAGGT-1	CD8T
GTGGCGTAGATCGCCC-1	NK
CAGGGCTAGCTGATTC-1	CD4T
TTGTTGTAGGGCGAAG-1	CD4T
TTACTCAGTACAACGG-1	CD4T
CTAGGGCCAAGAAACT-1	CD4T
AACCGATGTACATGGG-1	Mono
GATCGTATCCATAGGT-1	CD8T
TTACGTTAGAAGACTT-1	CD4T
AGCCCGAGTGGAGTGT-1	CD8T
CGCACAGGTACGGAGT-1	CD4T
GACCTTCAGCATTCCA-1	CD8T
TGGTCCTAGTCCTTCC-1	CD4T
ATGCATGTCGCTCTAC-1	B
GAGGTCCAGAGATTAC-1	CD4T
GCTTAAGCAGGGCTTC-1	DC
ATGTCGAGTGGCATAG-1	CD4T
CCCTAGTGTTTGCATG-1	CD8T
AGATAGAAGGAGTCTG-1	CD8T
CTTGTCGCATCCCTTG-1	CD8T
TCGCCTAAGTCGTACT-1	CD8T
ACTGCAACACGCGTTG-1	CD4T
GTGATCATCTCGACAA-1	CD4T
TGCCTGTCATCCTCGT-1	CD4T
ATGGATCCAAGCAGGT-1	CD4T
TCAGGTAAGTCCGGAA-1	CD8T
TTGACGACAAGACTAA-1	CD4T
CCTATTAAGATTAGAC-1	otherT
AGCCCGATCCTTGACC-1	CD8T
GCTCACTCAGCAACCC-1	other
GTGTCAATCACTGGTA-1	Mono
AGTGTACCAGATTAAG-1	CD4T
GCTTTCGCAAGACACG-1	CD8T
TCTCTGGCAAATTCCG-1	CD4T
AGTCCGGGTCATGAGG-1	CD8T
GCGCCAACAGCAATGG-1	otherT
CTGGGACGTTACACTG-1	other
AATACGCCAGTCCTGG-1	otherT
GCTTGCTAGAATCAGT-1	Mono
TTAACGGTCAGCCGGT-1	Mono
GTAGTACTCTGGGCGT-1	B
GTTGGGCCAAGCAGGT-1	CD4T
TACCCTGGTCTCGGGT-1	CD8T
GAAGAGCTCTACCCGT-1	CD4T
TGGAAGGGTTGTCGGC-1	Mono
GTAGTACTCTCAGATG-1	otherT
CTCGCTAAGCTCCGGT-1	CD4T
ATTACCTAGCCATCAT-1	NK
AGCCCGAAGAGGCCTA-1	NK
TTTGCGCCACAAACGG-1	Mono
AAAGGGCAGTCATCTG-1	B
TACTCGCTCGATGCAT-1	CD4T
TTGTTGTTCTTGCGCT-1	CD4T
TAGCGGCTCGGATGTT-1	NK
CAGCTGGAGACCGCAA-1	CD4T
AATGCCAAGAGTCCGA-1	CD4T
GAACCGCAGAACGCCA-1	CD8T
TTCGGTCAGCGTCAAG-1	CD4T
GGAGTAGGTGTACGCC-1	CD4T
CTACTTAAGTGCAACG-1	CD8T
CAGTGCGGTACCCACG-1	CD8T
ACAGCGCCACCCATCT-1	CD8T
GCTTAAGCAATGGTCT-1	otherT
GTTGGTACACAACGGA-1	Mono
TAACGGTGTCAATACC-1	CD4T
AGTCCGGGTGCTGTCG-1	B
CGTTCCATCACTCGGG-1	otherT
ACTTCCGCATAGCAGG-1	Mono
CAGCTGGGTTTGATCG-1	CD4T
TCGCAGGGTGAGTTGG-1	DC
CTGTTCGGTTGTGACT-1	CD4T
GTGCTGGAGGCAAGCT-1	CD8T
GTCACGGAGGAAGACA-1	CD4T
TGCTATTGTTCAGAAA-1	CD4T
CCACGTTGTAGACACG-1	other
TTGTCTATCTGTCGGG-1	Mono
TATCTGTGTGTTGTTG-1	CD8T
GACCGACGTAATGCCT-1	Mono
GAAATGATCCTCTCTT-1	NK
GTGATCATCTCGGCGA-1	CD4T
CCTTAATGTGCGTAGA-1	CD4T
GACCCAGTCAGTTGAC-1	CD4T
AAACGAACACTGTAAC-1	CD4T
ATCCCTGCACGTTGTA-1	DC
TTGTCTACACGGTTAT-1	CD8T
AAAGGGCAGCAGGACT-1	CD4T
GGTGAAGAGAGGAAGT-1	otherT
TATGTTCCACCTCGTT-1	CD4T
GCTGAGCTCACTCCCA-1	CD8T
TAGACTGAGAGAGGTA-1	CD4T
TTGTTGTAGTCCTTCC-1	NK
GTAGTACAGAGACTCG-1	NK
CTCAGCTGTAAGGTCG-1	CD8T
TCAAGGTAGTCATCTG-1	CD4T
ATCCAGATCTAGCAGT-1	CD8T
TTCGTTAAGAGCCACA-1	CD4T
TTACTTGGTGCACCCA-1	CD4T
GAGGCTCAGGTCTTTG-1	CD8T
ACTTCCGCACACACAT-1	CD4T
CAACGGCGTTACCACA-1	CD4T
GAATCTGGTGCCCTAG-1	CD8T
AGTCCGGGTAATGTAG-1	CD8T
TAGCTTTGTAGGTGAC-1	otherT
TAGACTGCACCTGAAT-1	CD4T
TAGCATGTCGATGCAT-1	B
GACTAACCACCAAGGA-1	CD8T
CTACTTACAACTCGTA-1	CD4T
GTGGCGTAGGATTAAC-1	CD4T
AGCCCGAAGAAGGGCG-1	CD8T
TAACGGTCAACGTCCG-1	otherT
CCGAAGCGTCGATAGG-1	CD8T
ACAATCGCAAACGACG-1	CD8T
AGGCGAATCAACACGT-1	CD8T
GTAGACTCATGACTGT-1	CD4T
TTCTGTATCGGATCGC-1	otherT
CCGTGAGAGCTGATTC-1	otherT
TACTCGCTCGCCCTTA-1	CD4T
ACTGTCCAGCATGATA-1	CD8T
GCTCGAGAGGCATGCA-1	otherT
GTTACTTCAAACGACG-1	CD4T
GAGGATGAGTACGACG-1	CD4T
TACTGCCTCGTCGCAG-1	CD4T
GCGGGTTAGTAGTCGG-1	Mono
GTCCATCGTCCTCAGG-1	otherT
GCTCCTACACCTGTGG-1	CD8T
GCAGCCAAGATATGTG-1	CD8T
CACGTTCTCGATGAAA-1	CD4T
CCGAAGCAGCTGAATA-1	CD8T
GCGTTGGCAGAACGAC-1	other
CATTGGAGTAGGGTTG-1	otherT
AGGCGAACACGTACAT-1	CD4T
GAGGCTCAGTCACACT-1	CD4T
CCGAAGCTCCCAATGA-1	CD8T
TTTACGTAGAAACGCC-1	CD8T
TTTGGCCTCTATGAGC-1	CD4T
GAACGTTCATGGTATC-1	B
GCTCAGGAGTTAGCGG-1	CD4T
TGGTCAATCTCGACCT-1	CD8T
AGTTTGGTCGGTCTCT-1	otherT
CACATGATCACTAGGT-1	DC
TTGTCTATCGATGTGT-1	CD8T
CAGTGTAAGGATCCTT-1	CD4T
GTTACGAGTGAATGTA-1	CD4T
TTAGCGATCTCTGCAC-1	CD8T
TTCGATTGTTAAGTCC-1	CD4T
GGGTGTCAGGCAAGGG-1	CD4T
TTACGGAAGGACCGAT-1	B
GAACTTGCACTAGCCG-1	other
CTAGGGCGTAACGGCA-1	CD8T
CGGACTGAGCTGCCAC-1	CD4T
AGCCGCATCTCGGCGA-1	B
TGGGTGCCACTAAACC-1	CD8T
AGGCGTCGTACGTAAA-1	CD4T
GTAGGAGTCATTGCCC-1	CD4T
AAATGCCCAATGCATC-1	CD4T
AGTGTACCATTACTTC-1	otherT
CTTGAAGCACAAACGG-1	Mono
GATGATCAGTGCAACG-1	Mono
CTCTACGGTTCAGTAC-1	DC
GAAATGAGTACGACCC-1	otherT
TGGGTTATCCGAGGAA-1	CD4T
GAGCGCTTCTTAATCC-1	CD4T
TTTGAGGTCTGGCCAG-1	CD8T
AGTGCCGCATCGAGTT-1	CD4T
TACATTCCACATTGCA-1	Mono
TCTCTGGGTTTCACCC-1	CD8T
TTTGGCCAGCCTATAC-1	CD8T
CTCATGCCAGGTGTGA-1	Mono
AGATAGACAAACGTTC-1	CD8T
GATCATGCATGCTATG-1	CD8T
TAGCGGCCATCATGTG-1	NK
GATGGCCAGTTCGACT-1	CD4T
TACATGGCATGGCCGT-1	Mono
TTTGAGGTCAGGATCT-1	Mono
CGTTCCATCTCTCAAT-1	CD8T
GCCAGCAAGGGTCCCT-1	CD4T
GGGCCATGTCATTGGT-1	CD4T
AACCGATGTGGTCGAA-1	Mono
ATCGAGTAGATCGATA-1	CD8T
TGTTAGGAGAGATTAC-1	CD8T
TACCTCGTCTTGTCGC-1	otherT
GATCATGGTGCGACCT-1	CD4T
CCCAGAGAGTAGACCG-1	CD4T
AGCTGATGTACGGTTT-1	CD4T
GGCACGTAGAAAGGGT-1	otherT
TCGCAGGCATGGGACA-1	B
CACCTGTGTACGTATC-1	CD4T
ACGTGGCTCAGCACGC-1	Mono
AACTGGTAGTGGTGTG-1	CD4T
CCTAAAGGTCTCTGGG-1	Mono
GCGGGTTAGGTCACTT-1	CD8T
CAGCTAAAGTCCGGAA-1	CD4T
GGTGTCGTCGACCCGA-1	CD8T
ATTCGTTAGAGAATTC-1	otherT
TTACGTTTCAAGGCCC-1	CD4T
CAGGATTTCTGAGTAC-1	CD4T
AACTTGGGTTTAGAAG-1	CD4T
AACATCGTCGCGTTCT-1	CD8T
GAACGTTAGGCTCCTG-1	otherT
GGGCCATCACTAAACC-1	otherT
TACGGATAGTTGCCGC-1	CD8T
AGCCCGAAGTAGTTCC-1	otherT
ATGCATGTCTTCTCTC-1	CD4T
ATCCTGCCACTGCTTC-1	CD4T
AGCCGCATCCGTGCAG-1	CD8T
TTAGGTGCAATCATCG-1	CD8T
CTCTCAGCATAGCCAT-1	CD8T
GCTGCGAAGTGAAACT-1	CD8T
TATCTGTGTGGTCGAA-1	DC
TGCTATTCATCGGCCA-1	CD4T
GAGGATGGTGGACAGT-1	CD8T
TCGAGCGAGAATGCTA-1	CD8T
AACGGGAGTATTCGAC-1	CD4T
CCACAGGGTATCTAGC-1	CD4T
CACTGAACATCGACGC-1	otherT
TACGCAAGTGCTGTGC-1	CD4T
AACTTGGTCTTCCACG-1	CD4T
CCTGCTACATAGAATG-1	CD8T
ACGGATTAGTCCGATT-1	CD8T
CTCATGCTCTCGTGAA-1	CD8T
TCCCACACAACGTACT-1	CD4T
GAGGCTCTCAGTACAC-1	DC
CAGCCTTGTGGTAAGC-1	CD4T
TACTAGGAGTAATGTG-1	CD8T
TACGCCTAGAGGAAGT-1	NK
GAAATGAAGGATTGAT-1	CD8T
CACAGATTCGCAGATT-1	Mono
AGCTGATCACGCGTTG-1	CD4T
TGAGCCGTCTTCGTTA-1	otherT
CTCGCTATCTGTTTAC-1	otherT
AACCTGACACAGAAGC-1	otherT
TCTCAGCCATTCTCGC-1	CD4T
GAATCTGTCTTCAGAG-1	CD8T
TGTACAGCACCGATCG-1	other
ATTCGTTTCCTCCATG-1	CD8T
AGCCTCTTCGACTATG-1	CD4T
CTACAGACACACATTG-1	DC
TTGACGAAGCTGGAGT-1	CD4T
GCGCATGCACATTCTT-1	Mono
CCTCCCTGTCCGCTTT-1	CD4T
GAAGTCTGTACGGTTT-1	CD8T
AGGCGTCTCGGATCGC-1	CD8T
GTTATGGCAGAGATGC-1	otherT
GGTGAAGTCATACTTC-1	CD4T
AAAGGATCATACCCGG-1	otherT
TGCTCGTTCGGGAATG-1	CD8T
GCATGATAGAGCTGTG-1	NK
TGACTCCTCCGCCTAT-1	CD4T
GAGAACGCATTTCACT-1	CD8T
GACTAACAGAATCAGT-1	CD4T
CGGTGCAGTGCATTGT-1	otherT
CTAGGGCAGGAGAACA-1	NK
TCTCAGCGTCCGTCGA-1	CD8T
TGGCGCACACGTTGTA-1	otherT
TCGCCTAGTATTCGAC-1	CD8T
TACTAGGGTAGTTTGC-1	CD4T
CGTAAACGTAGCATGG-1	other
ATGTCGAGTTTGTACG-1	CD8T
TGCCTGTGTAGTCCAT-1	Mono
CATAACGGTGATAGAT-1	NK
TGAGCCGGTCCGCTTT-1	DC
CGAGTTAAGGACTAGC-1	CD8T
TCTCTGGGTTTAGAAG-1	CD8T
TACTGCCTCTCCACTG-1	CD4T
TACATGGCATTCCCGT-1	CD4T
AATACGCAGCCGCAAA-1	Mono
AGCCTCTTCAAGAGGC-1	CD8T
TTGAGTGCACAGGAAC-1	NK
TTCATTGCACAGTTAC-1	CD8T
TTGCTTATCGATTACG-1	CD8T
CAGCCTTGTCTCTGCT-1	otherT
GCAGCTGGTTCCCAAA-1	CD4T
CCTGCTAAGCATGATA-1	Mono
TTGAGCAGTAGGTGAC-1	Mono
TAGGTGTGTATCCCTC-1	CD8T
GTTACTTGTATCCCTC-1	otherT
TGGGTTATCTGGCTAA-1	CD8T
AAGGAGCCAACTCGAT-1	CD8T
CCCTCTCGTTCTGAGT-1	CD4T
GCATGATGTCTAACCA-1	other
GTTACTTAGATGAGGA-1	otherT
GACCGACGTTCCATCC-1	CD4T
CTACAGAGTGCAAAGC-1	CD4T
GATCGTAGTACTATGC-1	CD4T
GCTCACTGTAGATTAG-1	otherT
CGGTGCATCCTTTGAT-1	CD8T
CAGGATTAGGACCGAT-1	CD8T
ACAGGCCGTTCCCTTG-1	otherT
TAATCGGCACTGCTCT-1	CD8T
TAGCTTTTCGATGAAA-1	CD4T
CGATGATAGGCGACTA-1	NK
GGAGAACCACAGCCAC-1	CD8T
CCTTGGTAGTCAGGAC-1	other
ATGTCTTTCGACTGGC-1	CD8T
AATGCCAAGGGTTCCC-1	CD4T
ATTTGTCGTGAATGGC-1	CD8T
TGGCGCAAGTGAGTGC-1	CD8T
GGCATTAGTCAAGACG-1	DC
CTCAGCTGTCTCAAAC-1	otherT
CGCGCAACACTGATAC-1	CD4T
GTCACGGTCATTGCCC-1	otherT
ATTTGTCGTAGATTAG-1	CD4T
TTAACGGAGGCCAATG-1	otherT
AACGGGACAGCTGATT-1	otherT
GCTGAGCGTGTGACCC-1	Mono
ATCCTGCAGTAACTCC-1	CD4T
TACGGATCAGTCCTGG-1	CD4T
GTTACTTCACCGTTGG-1	CD8T
GAGGCTCAGACTTCCA-1	CD8T
AATGCCATCTCGTGAA-1	CD4T
TAATCGGCAGGCACAA-1	CD4T
GACCGACGTCATTGCA-1	B
GTTGGGCAGGTGTCGA-1	CD4T
GTGGATTCAATGATGA-1	CD4T
GCGGTGTAGGTACATA-1	CD8T
TTCGATTTCTGTTTAC-1	CD4T
CTGTTCGAGCTTTCCC-1	CD4T
TGTGGCGGTCAGAAGC-1	CD8T
TTACTCAGTTCATTTC-1	CD8T
GACTAGTAGGCGATTG-1	otherT
AACAAAGAGGTCTTTG-1	CD4T
TGCCTGTAGAGCAGCT-1	CD4T
GCATTCCGTCTGGGCT-1	CD4T
TGGTCCTAGCAACGGT-1	CD8T
TTTGGTTCATCGCCTT-1	CD8T
CACCACTTCCACGGCA-1	Mono
CCGAAGCTCCTGGGAC-1	CD4T
TACATGGAGAACCCGA-1	CD4T
AGGCGTCTCTCTGCAC-1	NK
TTACGGATCGGATCGC-1	NK
GGAGTAGAGTCAGCCC-1	CD8T
CTCACCATCGATCTTT-1	CD8T
CCGAAGCGTTTCGACA-1	CD8T
TACATTCCATAGTCCA-1	other
GGTCATAAGTGATAAC-1	CD8T
TGTACGAGTGATGTGG-1	CD8T
TCGATTTAGCTGAGGT-1	CD4T
GGTGAAGGTAGTGATA-1	NK
GAGGATGAGTCCGGAA-1	otherT
TTGAGTGTCCACGAGC-1	CD4T
AACAAAGCATCCTGGG-1	CD8T
GTACTTTCATCCGTGG-1	otherT
GTAGGAGGTAGGTAAT-1	B
TTAGCTTTCGCTACCT-1	CD8T
TCAGGGCAGGTCTTGT-1	CD8T
TCTATTGGTGGCCTCA-1	CD4T
CCAGAATGTTGGGAAC-1	otherT
GCTCAGGCAATGCATC-1	NK
GATTAGCCAGAACTTC-1	CD8T
TATGTTCGTATTGTCG-1	CD8T
TGCTCGTTCAACTTGG-1	CD8T
CTCTCGAAGTAGTCGG-1	Mono
GGTCATAGTATGCTAC-1	CD4T
CGCGCAACATTTAGGC-1	CD4T
CTCTACGAGGAGACTC-1	B
ACTACCCCAAAGCTTC-1	other
CTCTCGAGTATCCTTT-1	CD8T
TAGCCGGGTGGTTCTA-1	CD4T
GTAGGAGGTAGAATAC-1	CD4T
GCTGAGCGTTGTCGGC-1	CD4T
TGGGTTAGTATCTCAG-1	CD8T
GGCACGTCAATCATCG-1	CD4T
TATGTTCAGAACGTCG-1	CD4T
TTGCAGACATACCCGG-1	otherT
GACTAGTTCCTGGAAT-1	CD4T
CTTGTCGGTGAAACAT-1	CD4T
AACCTTTCACGGCCAT-1	CD8T
CATGCCTAGAGCCACA-1	otherT
CTGCGTTGTATTCGAC-1	Mono
GTGTGATGTGATTCCA-1	Mono
GGGTTATCACTAGCCG-1	CD8T
TTGCACCCAGTATCTG-1	CD8T
ATATTCCGTGCCCGAT-1	B
GTCACAAGTCGAGGAT-1	CD4T
AACCTTTGTGTTGGTT-1	CD8T
TACGCCTAGACTTGAA-1	CD8T
ACTTTCATCCAGGCCA-1	DC
CAGTATGGTTAACCAC-1	CD8T
GCTTTCGGTGAATGTA-1	CD8T
TTGACGAAGGCATGCA-1	DC
TAGGTCATCTATAGGC-1	CD4T
GCACGGTCAATACTGC-1	otherT
CGTAAACCAATTGTGC-1	NK
AGTTTGGAGTATGCTC-1	CD8T
CCCTGATGTCTGCACG-1	CD4T
AGTGCGCGTTTGTACG-1	CD8T
CCCTCTCCAAAGGCCA-1	CD8T
GAAGTGGGTATTCTTC-1	CD4T
CTTGAAGGTTCCATCC-1	CD8T
TAGCATGGTATCGCGC-1	CD4T
CAGGGCTTCAGGCCGT-1	CD4T
GTGCCAGCAATGGTCT-1	CD4T
CGTGGCAAGACTAGCG-1	B
TTGCACCTCGCACCGA-1	other
GATGATCTCCGTGCGA-1	otherT
GAGACTTTCGCCAGAC-1	CD4T
CACAACACAGGTTATC-1	B
CTCTAGCCACTCGCAG-1	otherT
GTGTGATCAAACGACG-1	CD8T
CCAGAATGTGATCAGG-1	CD8T
CGATGATCAAATTCCG-1	other
TGAGTCACAGTCCTGG-1	Mono
TCTATTGAGGACCGAT-1	CD4T
GTGCCAGTCGGTTCCT-1	CD4T
TAGCATGTCCGTCAAA-1	B
AGTGCCGGTTACCCAA-1	Mono
GGGTGTCAGATTACGA-1	B
GGAACCCAGATCTCAC-1	CD8T
CGGACTGAGTCAGCCC-1	otherT
CAGTGTAAGTAGTTCC-1	CD8T
TTTACGTGTGGTAAGC-1	CD8T
GTAGTACGTCGATAGG-1	CD4T
TCACAAGAGTGGTGTG-1	CD4T
CTTCTAATCTCGACCT-1	CD4T
ATCCAGATCCTGACCT-1	CD4T
TGACTCCTCTCGACAA-1	CD4T
CACTAAGAGGCGTCCT-1	CD8T
TCCATCGGTTACCCAA-1	CD8T
GCTGTTCCAGATGGCA-1	CD4T
GGTACCGAGCTTCAAC-1	CD4T
TAGCATGCAAGCCTTA-1	otherT
ATGCATGAGTTGCCGC-1	Mono
TTTACGTAGATCTAAG-1	CD8T
ACAGCGCTCTTAACGG-1	CD4T
GGAGTAGTCCGCGATG-1	NK
ACTGTCCGTGGGTAGT-1	CD8T
CCACAGGTCTTGCGCT-1	otherT
GAGGTCCAGTGAGCTG-1	CD4T
CCAATGAGTCTGGATT-1	NK
TCACCTGCATTGCACA-1	CD8T
TTACCCGAGCCAGAAC-1	otherT
GCATTCCGTTTGTGAC-1	CD8T
TGACAACGTTAAGTCC-1	DC
CAGTGCGGTGACAAGC-1	CD8T
AACCTTTCAAAGACGC-1	CD8T
CATGCCTCAGGACCTC-1	CD8T
GGGTGTCCATAGATAG-1	CD4T
GCTTTCGGTTAACCGT-1	CD8T
CGCTATCGTTCTCGAA-1	otherT
ATCCCTGAGGCAGTAC-1	Mono
GTGGATTTCTTAATCC-1	CD4T
AATGTCGGTTGCAGCC-1	CD8T
CCTATTAGTGTCCAGC-1	CD8T
AACAAAGGTAAACGGC-1	B
GCTCACTTCTGGCCAG-1	CD4T
ACTGCAAAGTGTCCCG-1	Mono
CTGGGACCACCGAATT-1	CD8T
AAACTCGGTAGTGATA-1	CD8T
CATTCATGTGTAGGAC-1	CD4T
GTTCAAGGTTATGCAC-1	CD4T
CATTGGAGTATTCTCT-1	B
TAAGTGCTCTCAGATG-1	CD8T
TTAGGTGTCGTGAACT-1	CD8T
AAGGAGCCACGCTCAG-1	DC
CCTATTACATCGACCG-1	CD8T
CCGTAGGGTAGGGTTG-1	B
TCAAAGCTCTTCCACG-1	otherT
CGCTAGGCACAGAAGC-1	CD8T
AGATTCGGTAGATGAT-1	DC
TACCTCGGTAAACCCT-1	CD4T
CATGCCTAGTGCACAG-1	other
GAAAGTAGTGTGAGGT-1	CD8T
CGCTAGGTCAGTGGTT-1	CD8T
TTACGGACAGACTAAA-1	CD8T
AAACTCGGTTTGTAGC-1	CD4T
GATTAGCGTCAGCAAG-1	CD8T
TGGCCTTAGGTTGTTC-1	CD4T
CCTTGCAGTCCGTCGA-1	CD8T
TTTACGTCAGGCTACC-1	CD4T
AGCGTGCCAGTAAGCG-1	B
TTGAGTGGTTGTGAGG-1	CD4T
GCAACCGAGACGACTG-1	NK
ACAGACTCACGCGACT-1	CD4T
CCCTCTCTCGCATACA-1	CD8T
CCCACATAGAGGCCTA-1	CD8T
CCTCCCTCAAGGATGC-1	CD8T
TCGCCTACATTTGTTC-1	CD4T
GGCACGTGTACGGATG-1	CD4T
GGCGAAACAGGTCCTG-1	Mono
AGCGTGCCATGGTTTG-1	CD8T
CCATACCGTAGTCCAT-1	CD4T
CAGCCTTTCGATGCAT-1	CD8T
GCAGATTAGTCGGGAT-1	otherT
TTGTCTAGTGCGACCT-1	CD4T
GAGTGAGGTGCATTCA-1	CD4T
GGGTCTGTCACTCCCA-1	CD8T
TAACAGCTCGATCTTT-1	otherT
CGTAAACAGAGGTACC-1	CD4T
TCAGCTCCATCTCACC-1	CD4T
GCGAGAAAGGAGTACC-1	CD4T
TGGAAGGTCCTGGGAC-1	CD4T
GCACGCAAGGGTTCCC-1	CD8T
GTGTCAATCGTGGTAT-1	Mono
CTTGCTGAGCCATCAT-1	CD4T
TCCGACTCATGTCCCT-1	CD8T
TAAACCGAGAAGACTT-1	otherT
GTCACTCGTGGGTAGT-1	CD4T
ATAGTCGAGGAGGCGA-1	CD8T
TATCTGTCATCGTACA-1	CD8T
AACGTACGTTCTTATC-1	CD4T
TACCTATAGTATGCTC-1	Mono
CACTAAGGTAGCATGG-1	otherT
TGGGTTAGTATTCACG-1	CD8T
GTTACGATCGCACCTT-1	CD4T
GATTAGCTCAGGGTTT-1	CD4T
GATCATGCAGGACTGA-1	CD8T
AACGGGAAGACGTCAG-1	other
TTGACGAAGTGCCCTG-1	CD8T
CCAGATACAGGCAGAT-1	CD8T
TACCTCGCAACTCGAT-1	DC
GCTCGAGAGTCGGGAT-1	CD8T
GCAAAGGAGGATTGAT-1	CD8T
GGTACCGGTGCCCAGT-1	CD8T
CCTTGCAAGACTCGGA-1	CD8T
CTCTACGGTGTTGGTT-1	CD4T
AAGGAGCCACATGATC-1	NK
TTTACGTTCTGTGTCC-1	CD4T
GCGCATGCAAGCAACG-1	DC
GCTGCGATCCAGCACG-1	CD4T
CCCACATGTGATCAGG-1	CD4T
GAGGCTCCATCAACTG-1	other
GCGGTGTTCCTGACCT-1	CD8T
GCACGGTAGGCCAATG-1	CD4T
ACCGAATAGCTGAGGT-1	DC
TGTACAGGTTGGCGAA-1	CD4T
TCACAGAGTGGTGGTA-1	otherT
TGAATCGCAAGCGGTA-1	CD8T
ACGTGGCCATCATCGA-1	Mono
CGCAGGTTCAATTGGC-1	CD4T
GTGTGATCATTGCCTC-1	CD4T
GAGATTCAGCAGAAAG-1	CD8T
TGATCAGAGACGTCAG-1	CD8T
TCCGACTTCCAGCACG-1	CD8T
TGCTCGTCATCATGTG-1	Mono
GTCCATCGTGCCCGAT-1	other
TGCGTAACAACTCGAT-1	CD4T
AGCCTGGAGTCGGGAT-1	NK
AAAGATGTCTGATCTT-1	CD4T
TACCTCGCATTGCCTC-1	otherT
TTCGATTGTTGCAGAG-1	otherT
GGTGCTGCATGGATGG-1	Mono
CAGCTGGGTAAACGAT-1	B
TCACCACTCCCGAAGC-1	CD8T
CTCCCAAGTATTCTTC-1	CD8T
GGGTTATCAGGATGTG-1	CD4T
AAATGAGGTTACACTG-1	CD4T
CCGTGAGTCAGAACGG-1	CD4T
TTGCGAACACATTCTT-1	DC
CTTTGCGCACGTTACA-1	NK
TGATTTCGTAGACGCA-1	CD4T
CCTAAAGAGGGAGATA-1	CD8T
CGATGATAGAGTCCGA-1	CD8T
GTAGACTTCTCTGACC-1	CD4T
TGGGTGCGTGGTAAGC-1	otherT
GTTATTCGTAGACACG-1	CD4T
GCGAGTCGTAATGCCT-1	CD8T
ACTGTCCCATCACAGT-1	other
AGATAGACAAGAGATT-1	CD8T
GGCGAAAAGTCCGATT-1	NK
CATGCCTGTGAATACA-1	CD4T
GGACACCCACAGCCAC-1	CD4T
GTCACGGAGTCAGGAC-1	CD4T
AGGACGAGTTAAGTCC-1	otherT
GAGAACGAGGAGTACC-1	CD8T
CCAGAATGTTAAGGGC-1	CD8T
TTGTTCAGTCTGCACG-1	DC
GATTAGCCAGCAACAG-1	NK
CACCTTGAGGTCCTCG-1	CD4T
GCAGCTGTCTACATCT-1	CD8T
TCACTCGGTCAGACGA-1	CD4T
GAAGTGGAGCAGAATT-1	other
GCACCTTGTGAGTCGA-1	DC
AGGCCCAGTTCTGAAC-1	CD8T
TGACTCCGTAGCATGG-1	other
TCCGACTCACTGATTG-1	CD4T
CGCAGGTGTGATAGAT-1	otherT
TCCAGAATCTCGACCT-1	Mono
CTCTACGTCGGTTCCT-1	Mono
TCAGGGCCACGTTAGT-1	CD4T
GGCACGTTCGCGCTGA-1	other
TGAATCGAGATCGATA-1	NK
GGCATTATCTCTTAAC-1	CD8T
CTTGCTGTCGCTTCAC-1	CD4T
CTCAGCTAGTATGGGC-1	CD8T
GTTATGGCAGGTCTGC-1	NK
ACCGAATGTGGACGAT-1	CD8T
ACTACGAGTGGACGAT-1	CD8T
CCAGATAGTTTCCGGG-1	CD4T
CCCTAACCATGGCCGT-1	B
CTCAGAATCGCAGATT-1	CD8T
ATCCAGAGTTCGGGAA-1	Mono
AGGCCTGTCATTGCCC-1	CD4T
TATCGAGTCTGTTGCC-1	CD4T
GGGTTATAGTCGACCC-1	otherT
GCATTCCCAATTGTGC-1	CD8T
GGAGGATTCGTATAGC-1	CD8T
CTAGGATTCCCGTAGG-1	DC
CTGAATGAGATATGTG-1	Mono
GCTCGAGAGGTGTCGA-1	Mono
ACTGTCCCAGCTATAC-1	CD8T
CCAGAATGTGGATTTC-1	B
GATCGTAGTTACTTTC-1	other
CTCATGCGTATTCACG-1	CD8T
AGGCCTGCAATTGGCT-1	CD4T
GTAGGAGAGCTGAAAT-1	CD4T
CTTGTCGCACGCTAAT-1	CD8T
CCCTCTCCAATAGCGG-1	DC
TAGTCCCTCCATATCT-1	NK
TGCCTCACACCACGAC-1	DC
CCGTAGGCACCGAATT-1	CD8T
ACGTGGCTCGTTGTTT-1	CD4T
TTTGTGTCATGCGACC-1	CD4T
TTGTTGTTCGATCGCG-1	otherT
CTTGCCAAGACTCTTG-1	Mono
AGACAAAGTCGAGGAT-1	otherT
AAAGGGCTCAGGATCT-1	CD4T
GAGTGAGCACGACGAA-1	CD8T
TTGAGCACAAGGTCGA-1	CD8T
AGCCTTCCACTGATAC-1	other
TCCATCGCACTGCTTC-1	CD8T
GGTGCTGGTATCTCAG-1	CD8T
GCCTAGGGTATTCTCT-1	NK
TTAGCTTCACCTGTGG-1	CD4T
GCAGCCAAGCGCAATG-1	otherT
TTAACGGAGTTCCCGG-1	NK
TACATTCCAAGCCAGA-1	other
AGCTGATAGGATTGCG-1	CD4T
CCCTAGTAGGCTGGAT-1	CD8T
CGGTGCACAAATAGTG-1	CD4T
GCCAGACTCCAAGAGG-1	otherT
CAGGGCTCAATTGGCT-1	CD8T
CTCTCAGCACATGATC-1	CD8T
ACAGCGCCAACGTAGG-1	Mono
TACCCTGCACTGTAAC-1	otherT
GAGTGAGTCTCATCCG-1	Mono
ATGTTTCTCGCTCTAC-1	CD4T
TTAGCTTCAGTAACGG-1	otherT
GAACCTACAAGCCCTG-1	otherT
GACCGACTCCTGGAAT-1	CD4T
GATTGACGTGGATTCT-1	CD8T
GGGTTATAGATTCCGT-1	otherT
TCTCAGCGTCTGGATT-1	CD8T
TCACTCGTCGTCAACA-1	CD4T
GTTACGAAGAGCCACA-1	CD8T
TCGTTCGGTTTCGACA-1	otherT
GCAGCTGTCTAGCAAC-1	CD4T
GTTACGACAGGACCTC-1	otherT
TTGCGGGGTACGCAAG-1	CD4T
TCGTTCGGTTCTGAAC-1	CD8T
CTGCTCAGTATGTTCG-1	otherT
GACCGACCACAGTAGG-1	other
ATGGATCTCAGAACGG-1	CD4T
ACCGCAGTCTTAACGG-1	other
AGCTGGCAGGCTAAAT-1	CD4T
GCCCAGACACGTTACA-1	CD8T
AGATAGATCTCGCGGA-1	CD8T
AACCTTTTCTGCTACC-1	CD4T
GACTAACAGTCAGGAC-1	otherT
GGGCCATGTAAACGAT-1	CD4T
CTCTAGCCAACCTCCT-1	CD8T
ACTACCCAGTTGAATG-1	other
ATAGGCTTCTTGTACT-1	CD8T
TATCGAGGTCCTTCAC-1	NK
TCGATTTAGTATCTGC-1	CD8T
AACCAACCAGTGCTCG-1	CD4T
AACCTTTCAATAGCGG-1	CD8T
GCACCTTTCGCAGATT-1	CD8T
ACTTCCGGTGATAACA-1	CD4T
GCACGCATCTAGCAAC-1	CD8T
TGGAAGGAGTATCTGC-1	CD4T
TTGTTCAAGGTTTCTG-1	CD8T
GAGGCTCTCTGACATG-1	CD4T
TAGCGGCAGATTACGA-1	CD8T
TAGACTGAGAGACTCG-1	B
TAGCGGCCAATTAGGA-1	CD8T
CAGTGCGAGTCTGCTA-1	otherT
TAGCTTTCATCGACCG-1	CD4T
TTGCACCAGTTCCCGG-1	CD4T
CAACGTATCAATCGTG-1	other
TCAGTTTAGAAGCCGT-1	CD4T
CCTAAAGGTGCGTAGA-1	Mono
TGTGGCGAGGTGATGC-1	otherT
GCCTAGGTCATTCATC-1	CD4T
TCAGGGCGTCAGGCTC-1	CD8T
TACAGCAAGGTTGACG-1	CD4T
AAGGTTCCAGTATCTG-1	CD4T
ACTGCAACACCTCGTT-1	CD4T
ACATGGTGTGGAGTGT-1	NK
ACAGAAAAGTGTGTAA-1	CD8T
TCCAGAAAGTAGTTCC-1	CD8T
ATGCATGCAGAACAGC-1	CD8T
TGGGTGCGTTAACTCG-1	CD4T
CTTGCCAGTATGTTCG-1	NK
CTTGCTGAGAGGCAGG-1	CD4T
AACTTGGGTCCTCAGG-1	CD4T
GTGCTGGTCCGGGCAT-1	NK
TTGCGGGCACCCATCT-1	CD8T
CTAGCGGTCGCACCGA-1	CD8T
TCGTTCGCAAAGGCCA-1	CD8T
GTGCTGGCAGAACAGC-1	CD4T
TTGCTTAAGATCCGAG-1	otherT
GTCACCTGTGCTGTCG-1	CD8T
TCTAGTTAGAAGACTT-1	CD8T
TTGTTCAGTTTCGACA-1	CD8T
GGGTTATGTGCTGAAG-1	B
TAGGTCAGTTTCCGGG-1	otherT
CCGAAGCCACGTACAT-1	NK
ATTACCTCAGGCAGAT-1	CD4T
CTTGCCAAGTGAAACT-1	CD8T
TCGATTTGTGCCCGAT-1	CD4T
GGTCATAGTCTCTGCT-1	CD8T
TCGGGACCATGATCGT-1	CD8T
CAGTGTAGTTTGACCA-1	other
AGCCAGCCATGCGACC-1	CD4T
ACGTGGCCAAATGTCC-1	CD4T
GGAGGATGTATGTTCG-1	CD8T
GAATCTGCACTCCCAT-1	CD4T
GAGGCTCGTAGCCATT-1	CD4T
AGTGCGCTCAGGGTTT-1	CD8T
AATGGAATCGGACGAA-1	otherT
GGTACCGGTGTCGTGC-1	CD4T
CGCGCAAAGATTCCGT-1	NK
AACCTGAGTTAACCGT-1	NK
AGCTGATAGTACCCAT-1	other
TCGAGCGCACAGCCAC-1	CD4T
TCTCAGCAGTGAACCG-1	NK
ACAGGCCAGTCGTACT-1	CD4T
TCACAGACATTTGTTC-1	CD4T
AACTTGGCAATAGCGG-1	CD8T
GATTAGCGTTACCCAA-1	CD8T
CTTGTCGTCCCTACCA-1	other
GCGTTGGTCTGACTTT-1	CD4T
ACTGTCCAGTGTCGCC-1	Mono
GCTGCGAAGTATGGGC-1	CD4T
CAGGATTTCTGGCACG-1	DC
TCGAGCGTCTCCACTG-1	CD4T
GAATCTGTCGTTTGAG-1	B
TGGCAATGTTGGCTAT-1	CD8T
TAAGTGCAGTGGGACT-1	CD8T
CAGGGCTGTCTGGATT-1	CD4T
TAACGGTTCGACTGGC-1	otherT
GGAACTTCATCCGTGG-1	CD4T
GTCACAAGTGGACGAT-1	CD4T
CATGCCTGTGGATTCT-1	CD4T
TTTGGCCGTTAGAGAT-1	CD4T
CCAATGACATCCTCGT-1	CD8T
GGTGTCGGTCTGTTGA-1	CD4T
TTGGTCCAGAACCATA-1	other
GCATTGACAACGCAAG-1	CD8T
TGGGTGCGTATTGTCG-1	Mono
GAGACTTAGAAATCTG-1	CD8T
ACTAGGTAGATCGCCC-1	otherT
GCTTAAGAGACCTATC-1	NK
TTCTGTAAGATCTAAG-1	CD8T
TTACCGCTCGAGAAGC-1	CD4T
ACAGCGCCAATCATCG-1	CD8T
GTTATGGAGGCTGGAT-1	CD8T
TGAGTCAGTAATGCCT-1	CD8T
CCAGATAGTGGCGCTT-1	otherT
ATGGATCGTATCTGCA-1	CD4T
TTTACGTTCGTGATAC-1	CD4T
AGCCAGCAGGGTTCCC-1	NK
ATTACTCGTATCCCTC-1	CD8T
TACGCCTGTCCAACCG-1	CD8T
AGTTTGGTCAGAACGG-1	Mono
CAAGGCCTCGGTTAGT-1	other
TGTGTCCGTTCAGAAA-1	CD4T
GCTTGCTAGGAAGACA-1	CD4T
GCGGGTTGTCTAACCA-1	CD8T
GTACTTTAGCGGACTA-1	CD4T
TGTGTCCCATTGTGAC-1	CD4T
ATGTACGTCTTGTCGC-1	CD8T
TCAAAGCAGACAGTGC-1	CD8T
GCAAAGGAGTTCCCGG-1	B
AGTTACGTCCAGAGAG-1	DC
TCAAGCAGTAGCATGG-1	otherT
CGCGCAAAGGCGCTTC-1	CD4T
AACCTGAGTAGATTAG-1	CD8T
AGTGCGCGTTTGCATG-1	CD8T
TAAGCCAAGACAGCTG-1	CD8T
TCGTTCGCAATGCCAT-1	CD4T
GAAATGAGTTTGTCTT-1	otherT
AGCCTCTCAACGAGGT-1	CD4T
TACTGCCAGTCGAGCA-1	CD8T
ATGCATGAGTCAGGAC-1	otherT
CACAACACAACTCGAT-1	NK
CTTGCTGCAAGTTCGT-1	CD4T
ACAATCGAGTCATACC-1	other
CAGCTAAGTTAAGTCC-1	CD4T
GAACGTTCATTCTCGC-1	CD8T
TGTGTCCAGTCCTTCC-1	CD8T
GCAAAGGCAGTGCTCG-1	Mono
TCAATTCTCCTCCATG-1	CD4T
GGGCCATCACTGCTTC-1	NK
CCAGATATCGGATAAA-1	CD4T
GAACCGCCATGGGAAC-1	CD4T
AAACTCGCATTAGCAC-1	CD4T
TAACAGCAGAGATTAC-1	CD8T
GATTAGCTCTTGTCGC-1	CD8T
CAGCTGGTCTTGGCCT-1	CD4T
TACTCGCGTTCTCGAA-1	otherT
GAGATTCCAGAACGAC-1	CD8T
TTTGGCCTCGAAGCCC-1	CD4T
AGATAGATCTATGAGC-1	CD8T
TCACCTGGTGTACGCC-1	CD8T
AGCCCGATCAAGAGAT-1	otherT
ATCCCTGAGACCCTAT-1	CD4T
ATTCGTTGTAATGCCT-1	otherT
TATTGCTCAGACTAAA-1	CD4T
GAGACTTGTTATGCAC-1	CD4T
GCTCAGGCACAGCCAC-1	otherT
GGAACCCAGGGTTCCC-1	CD8T
CATTCATGTGTGTGCC-1	CD8T
ACCTGCTAGGTTCGAG-1	CD8T
TCAGGGCCAAAGCTGG-1	NK
GTTGGTATCACTGATG-1	DC
CCCTCTCAGAAGCCTG-1	CD8T
CCACAGGCACTGATAC-1	CD8T
TCAAGCAGTTAAGTCC-1	otherT
GAGGCTCTCATTCATC-1	CD8T
GAACGTTAGTCCGTGC-1	CD8T
ACTTCCGAGATGTTCC-1	CD4T
CTTGAAGAGGGTATCG-1	CD8T
GTACTTTTCGGTTCCT-1	Mono
GGTAGGATCACGTCAA-1	CD8T
CTCTACGAGGACTTTC-1	CD4T
TCTCTGGTCTTAACGG-1	CD4T
CAACGGCTCCGTACGG-1	CD4T
TCCGACTAGTCGTGAG-1	CD4T
AGCTGTAGTCAGGCTC-1	CD8T
AAGATAGCATACCCGG-1	otherT
TCAGGTACAGCTGATT-1	CD8T
TAACAGCTCCTGAAAC-1	other
TCGCCTAGTAGCGAGT-1	otherT
CGCAATATCGCCAGAC-1	otherT
TGCATTTGTATTGTGC-1	NK
CATTGGACAGGTTATC-1	otherT
GCATTCCCAATCACTG-1	CD8T
TCACCTGCATCTCTCG-1	Mono
GACCTTCGTGCTGGCT-1	CD8T
TCCATCGCAAGCAGGT-1	NK
GCGGGTTGTAAAGCTA-1	other
GAAGAGCTCGATGTAC-1	CD8T
ATCCCTGTCTTAATCC-1	CD4T
CCAATGAGTATGTTCG-1	otherT
ATGTCGAGTCCACCAG-1	CD8T
AAAGATGCACTCGTGG-1	CD4T
GGTCATACAGCAATGG-1	CD8T
ACTGCGGAGTGAACCG-1	otherT
ATCCAGAGTAGGGTTG-1	CD8T
TTGCGGGGTCTGTCCT-1	CD8T
CTCAGAAAGGATTAAC-1	CD4T
GCAGATTGTACTATGC-1	otherT
CTCATGCCACAGAAGC-1	otherT
TTGGTCCAGGCCTCTG-1	DC
GTCACTCCATCGGCTG-1	CD8T
GGTTGCGAGGCAGTGT-1	CD4T
GGATGAGTCGAACACT-1	otherT
ACAGGCCGTTTAGACC-1	B
TTCTGTAAGATGTTCC-1	CD4T
GCAAAGGTCATACTTC-1	CD8T
TATTGCTGTTCTTATC-1	CD4T
AGCCAGCTCCAGCACG-1	CD8T
CTAGGGCGTACGGATG-1	DC
GCACGGTAGGCGATTG-1	CD8T
TCCCACAGTAAAGGCC-1	CD8T
AGCCTGGCATTCTTTG-1	CD8T
AGTGCCGCAAACTACC-1	CD4T
CAAGGCCGTACTTGAC-1	CD8T
CCGTAGGCACTGATAC-1	CD8T
TCAGGGCCATGATTGC-1	CD8T
TAGCGGCAGGACTTTC-1	NK
TCAGGGCGTGAAACAT-1	CD8T
ACTTCCGCAGGTCCTG-1	CD8T
GATTAGCCAGTAGGCA-1	CD8T
TGGTCAAGTGTCCAGC-1	CD8T
TGCTATTGTGCAAAGC-1	CD8T
GTAATCGCACTGCTTC-1	otherT
ACCGAATGTACAACGG-1	CD8T
GCACCTTTCCGAATTG-1	CD4T
CAGGATTTCCGGACTG-1	CD4T
GTCACTCTCACATTCT-1	other
GACCGACCAAGTTCGT-1	CD4T
ATAGTCGAGTGAGCAC-1	CD8T
ACATGGTAGAACGACC-1	other
TTGCAGAGTAACCATC-1	other
ACGGATTAGTATGCTC-1	CD8T
GTGCTGGTCATCATGG-1	CD8T
AGCTGGCCAGCACATT-1	CD8T
TCACCTGAGGAAGAAC-1	CD4T
CAATCCCCACTCGGAC-1	CD4T
GCAAAGGCAAGACTTC-1	Mono
GGGTCTGAGAGGAATG-1	CD4T
TGTGTCCAGTCTCGAT-1	CD8T
CGCTATCTCGTTCCGT-1	CD8T
CAGCTGGCATTGCACA-1	other
TGATGCAAGCATGATA-1	CD4T
ACAAAGAGTCGAGGTA-1	DC
GAGGCTCGTACAAGCG-1	CD8T
ACCAAACTCCTTTGCG-1	CD8T
GAATCTGGTGAGTAAT-1	CD4T
ACAAACCAGTTCGACT-1	CD4T
CACCTGTGTATGCTAC-1	CD8T
AACGTACAGAATACTG-1	CD8T
CTGGGACGTGAAACAT-1	CD4T
TATCGAGGTGCTTTGA-1	CD4T
TGCCTGTGTACTTCGA-1	other
TAAGCCACATGACTGT-1	otherT
ACTGCAACAAGGAACC-1	CD4T
ACCCAAACAAAGACGC-1	otherT
AATGGCTTCTCAGATG-1	CD8T
TTCAACTCAGTATCTG-1	NK
TTCGGTCTCACGATTG-1	CD4T
ACAAAGATCTATCTTG-1	otherT
AATGGCTAGTGGGACT-1	CD8T
CGTTCCATCTACCCGT-1	CD4T
CTTGCTGGTGATGCGA-1	CD4T
GCAGCTGCATTCACGA-1	CD4T
AGGCCCAGTGACGCAA-1	CD4T
CTCTACGAGAAACGCC-1	CD4T
TCGAGCGGTCCAAGAG-1	Mono
TAGCCCTCAAACCGAG-1	CD8T
CACTAAGTCTGATCTT-1	CD8T
GGGCCATGTGCTTTGA-1	other
AAAGATGAGGTTGTGG-1	CD8T
CAGTATGTCTCCACTG-1	otherT
TAGCTTTGTAGCATGG-1	CD4T
TAAGTGCCATGATCGT-1	CD4T
GTAGACTGTAGCAGGT-1	CD8T
AAATGCCAGATAGGTT-1	otherT
GAGATTCGTAGCCATT-1	CD4T
GCTCGAGTCTTGTCGC-1	CD8T
GTAGACTAGTAGTCGG-1	CD8T
CCCTCTCGTCTGGGCT-1	B
TTACCCGAGCGAGAAA-1	other
TCGATTTGTTGCCGCA-1	CD8T
TTCTGTAAGTTCTCCC-1	other
CAAAGCTTCTATGAGC-1	CD4T
CAACGGCAGGCCTAAG-1	CD4T
GCTCGAGAGGGCATTG-1	other
TACTCGCGTCTCTGCT-1	Mono
TGTACAGGTAGAATAC-1	NK
TGCCTGTAGGACTTTC-1	CD4T
CTTTGCGAGGCTTTAC-1	CD8T
GATTGACGTTTGCATG-1	CD8T
TAGCATGTCGGCTATA-1	CD8T
GCATGATAGGTTAGTA-1	NK
AGGACGACACGATATC-1	CD4T
AATGTCGTCTGGCCAG-1	CD8T
CTCTCGAAGCTAGCAG-1	CD4T
AGTCCGGTCCGTGCAG-1	CD4T
GGTGTCGAGAGTTCGG-1	CD4T
GGGTCTGCACTGGGCT-1	CD8T
GCGCATGAGACGACTG-1	CD4T
GGATAGGTCTGAACGT-1	CD8T
CTCGCTAGTGCAAAGC-1	CD8T
CAGCTGGGTGAATGGC-1	CD8T
CTGTTCGAGGTTGACG-1	B
CGTAAACGTATTCTTC-1	CD4T
TACTGCCCAGATTTGC-1	CD8T
TTCGCGTGTCGATAGG-1	otherT
ATGTCTTAGGATGTCG-1	DC
AATACGCAGAGTTCGG-1	other
TTCAACTGTAACGGAC-1	CD8T
AGTGCGCAGGCACTAG-1	CD8T
TGCTCACAGAATATCG-1	Mono
GAGGTCCTCGTGCTTC-1	CD4T
ATGTCGATCTATCTTG-1	CD8T
TGCCTGTTCTTGGCCT-1	DC
AGCCAGCGTATCAGCT-1	Mono
TATCTGTGTGCTGGCT-1	CD8T
TGCCTCAGTAGCCATT-1	Mono
GCCTAGGTCCGGACTG-1	NK
GCGCATGAGTCCGATT-1	Mono
CCTAAAGTCGGTGATT-1	otherT
TGCATTTCAAATGCTC-1	CD4T
ATCCAGACAGGGCTTC-1	CD8T
TAATCGGTCTGCGTCT-1	CD4T
GGAGAACTCGCCACTT-1	B
CCCGTTAGTTTAAGCC-1	CD4T
CCCTCTCAGCTCGTTA-1	CD4T
AACTGGTAGATCCGAG-1	CD8T
GCTCAGGTCCGGCGAT-1	CD8T
GATCATGGTCTGCACG-1	Mono
CTGGCAGGTTGGCGAA-1	CD8T
CGCAATAGTACCGGCT-1	CD8T
GCTGCGAAGTGTCGCC-1	Mono
AAGGTTCTCGCATACA-1	CD8T
CCTTGCATCGGGATCC-1	otherT
CCTTGCAGTGGATTCT-1	CD4T
TTCATTGGTGTTGTTG-1	CD8T
CGTTCCAAGCTGAGGT-1	CD8T
CGGTGCAAGGATCCTT-1	otherT
GCAGCCACACCGAATT-1	CD4T
CGGACCAGTTGGCGAA-1	CD4T
AAACTGCGTACTTGAC-1	otherT
TAAACCGAGGCGACTA-1	CD4T
ACCAAACCATGTATCG-1	CD8T
CCTTGCAAGTCACACT-1	CD4T
GCTGTTCAGTCCGATT-1	CD4T
AAGATAGGTGCTGGCT-1	CD4T
ATCGAGTTCCGGCGAT-1	CD8T
GTCACGGAGCTATCGT-1	CD4T
TGCGTAAGTGCAGACA-1	B
GCCAGCAAGCATGATA-1	CD8T
GCGATCGAGGCTCAGA-1	Mono
TAGCATGCAATGAAAC-1	Mono
TACATGGGTGCAAGAC-1	CD4T
TTCATCACAGAACGAC-1	other
AAATGCCTCATTCATC-1	CD4T
GTGCTGGAGCGTCAAG-1	NK
TTGCCCACAGTAACGG-1	CD8T
GTCACCTTCATGTTCT-1	CD4T
GTAGTACTCAGTGTAC-1	otherT
CGCTGGAGTTTAGACC-1	CD8T
TCTAGTTGTCAGGCTC-1	CD4T
CTTGCTGCAAGATTAG-1	CD8T
AAAGGGCTCGATCGCG-1	CD8T
CACCTTGGTTAACTCG-1	Mono
TCTAGTTTCTATTTCG-1	Mono
GGATAGGAGTAGTCGG-1	Mono
GTGTCAAGTAATGCCT-1	otherT
GTGCTGGGTGTGAGGT-1	CD4T
AGTGTACTCGCACAAT-1	CD4T
AGGCCCAAGCTGAGGT-1	CD4T
GCTTTCGTCCTGACCT-1	NK
TCAAGGTTCGGATCGC-1	CD8T
CACCACTAGATTGACA-1	CD4T
CAGCTGGGTGCACATT-1	CD8T
AAATGAGGTCAGGCTC-1	other
ATCCCTGAGTATGGGC-1	CD8T
AAATGCCTCGGATGTT-1	CD8T
AACGTACTCCTGACCT-1	CD8T
GCGAGTCGTCCTTATT-1	CD4T
GACCGACCAATTGCCA-1	CD4T
GTGTCCTTCCCGCAAG-1	NK
CGCTAGGGTCCGCTTT-1	CD4T
GCTCACTTCGCCAGAC-1	otherT
CTACAGAGTGCAAGAC-1	otherT
GTAGTACGTACTTGAC-1	CD4T
AGGCCTGTCTACCCGT-1	CD4T
TACATGGAGGCAGTGT-1	CD4T
CCGTAGGTCGATGCAT-1	Mono
GGCATTACATTGCCTC-1	CD8T
GTGTCAAAGTCCGTGC-1	otherT
TCACTCGTCTTGTGCC-1	Mono
GAGATTCTCTGACATG-1	other
GCACCTTAGATCCGAG-1	CD4T
CAGGGCTCACGCGACT-1	Mono
TCAGGTAAGAATCAGT-1	CD8T
AGGCCCAAGTCCGATT-1	Mono
TATCTGTGTGTGACCC-1	CD4T
ACAAACCAGACAGTGC-1	other
GTGCTGGCATCGGCTG-1	CD4T
TGGAAGGTCGATCGCG-1	other
GGTCATAAGCTCGGCT-1	CD4T
TTACGTTTCCGAGGAA-1	CD8T
TAGCGGCGTGCTTACA-1	CD4T
ACAGGCCGTGGTTCTA-1	NK
GTGGCGTAGCTGCCAC-1	CD8T
AACTGTGTCAAGGCCC-1	CD4T
AGCGTGCCAATCCATG-1	CD8T
AGTTTGGGTAGCAGGT-1	CD4T
CGCTGGAGTAGTTTGC-1	CD4T
AGGACGACACCGAATT-1	B
GATCGTAAGTGCCCTG-1	CD8T
CTGGCAGGTGATCAGG-1	CD8T
CTCTCGACACTTGCGG-1	otherT
TCAAAGCAGTCGGGAT-1	DC
ACAGCGCGTGCCCAGT-1	Mono
CACATGATCTCTGCGT-1	CD4T
GTCTACCGTAGCAGGT-1	CD8T
GCTCACTAGTAGTTCC-1	CD8T
GACCAATGTTATGCAC-1	CD4T
CTCACCAGTTACACTG-1	CD8T
GCTTGCTAGGACCGAT-1	CD4T
ACTCGGGTCCTATCAT-1	CD4T
CTGCGTTCAGGTTATC-1	CD8T
CGCGCAATCCAACCTC-1	CD4T
TTGTTGTCATCGCCTT-1	otherT
AAAGGATCAACGTCCG-1	CD4T
CGCTGGAGTCAAACAA-1	otherT
AACTGTGGTATTCGAC-1	CD4T
AAAGGGCAGGATATCA-1	otherT
ATAGGCTTCCCAATAG-1	DC
GCGTTGGAGTAGCAAT-1	other
GTCTACCCACCTGTGG-1	CD8T
GTGTGATAGTCGGGAT-1	other
GCGATCGTCGGCAATT-1	CD4T
ACTACCCAGCATTGGG-1	otherT
TATTGCTCAAACGACG-1	other
AGCCAGCGTGCGCTCA-1	CD8T
GCGTAGCCATCTCACC-1	CD8T
ACATGGTGTACGACCC-1	other
GGAGAACAGACGAAAG-1	B
ACTACCCAGGGAAATG-1	other
AATGTCGTCGGGAATG-1	otherT
CAATCCCTCCGGACTG-1	CD4T
GACCAATCACCTGGTG-1	CD4T
TGCTTCGAGCATTCCA-1	CD8T
ATCCTCGCACGCGACT-1	CD4T
GGTTGCGAGGATATCA-1	CD4T
GGAGAACGTGCGTTTA-1	other
TGTGACAAGATCGAGC-1	CD8T
CCTATTAAGGTGATGC-1	CD8T
CCACAGGCAAATGCTC-1	otherT
TGCATTTGTCGCTACG-1	otherT
TGTGACACAAAGCTTC-1	CD4T
ATCCTGCTCAACACGT-1	CD4T
ATAGTCGAGGCAAGCT-1	CD4T
AGCTGTACATCGAGTT-1	B
CAAGGCCGTTCTCGAA-1	CD4T
ATGTCTTGTATGGGTG-1	CD8T
TTACGGATCCGGGCAT-1	CD8T
ACAAGCTGTGGACGAT-1	CD4T
GGACACCAGTGTTCCA-1	CD4T
AGCTATGGTTTAGACC-1	CD4T
AGCCGCAAGTTGCGCC-1	CD8T
TAGCCGGGTCAGAGTG-1	B
ATGTCTTCATCCGTGG-1	CD8T
GAACCGCCAAGCAATA-1	CD8T
GACCTTCCACAGAAGC-1	CD8T
ACCGGGTAGTATGGGC-1	Mono
GATCATGCATCAACTG-1	CD4T
TTGACGAGTCAAACAA-1	other
GTGCTGGAGTTACCAC-1	CD8T
CTTAATCCACTGATAC-1	CD8T
CCTTGGTGTGCTGAAG-1	CD8T
CAACGGCCAGAATGCG-1	CD4T
GCGGTGTAGGGTATCG-1	CD8T
AGCCGCATCTTAGTGG-1	NK
CAGCTGGTCCGGACTG-1	CD8T
TGAGCCGAGCTGGAGT-1	CD8T
CATGTTTAGATGGCAC-1	CD4T
TTTGAGGCATGCGTTA-1	CD8T
TAGGTCAGTAGACGCA-1	other
TTACGTTTCATCGCTC-1	otherT
GTTACGATCTCCTTGG-1	CD8T
CAGGATTCAGAACTTC-1	CD8T
TCTCAGCCAAGTCTGT-1	CD4T
TAGGAGGCAAAGGCCA-1	CD8T
ATCCCTGTCTCATATC-1	CD8T
GGTACCGGTCGATAGG-1	CD4T
GATGGCCAGTTAGCGG-1	B
GCGCATGTCACCCTTG-1	CD4T
ACAGCGCTCGCACAAT-1	CD8T
TTACCCGGTATCCTTT-1	CD8T
TTGCTATGTTGGCGAA-1	CD8T
CGCTGGACAAGGCTTT-1	CD8T
TTGTCTAGTAACGGAC-1	CD8T
GAAGAGCTCGAACCGC-1	CD4T
TCGAGCGAGTACCACT-1	CD8T
AAGGAGCCATGGCCGT-1	CD4T
CCGTAGGGTGCACATT-1	CD8T
CCTAAAGGTGACGCAA-1	CD4T
GGTGAAGAGGGACGTT-1	CD8T
TGAGCCGGTATGTCCA-1	CD8T
CTTCTAAAGGGTCCCT-1	CD8T
GCACGCACAAGAAACT-1	CD4T
CTTGAAGTCTGCGTCT-1	B
AGCGATTTCGGCAATT-1	CD4T
GACCCAGGTTGCCGCA-1	CD8T
CCGAAGCAGGATTAAC-1	CD4T
CACGTTCTCAGTTGAC-1	DC
AAAGATGTCCCGATTC-1	CD8T
ACAGGCCGTTTAGAAG-1	CD8T
TTCATCAAGTAGACCG-1	CD4T
AGTCCGGCAGTTAAAG-1	CD4T
GCCCAGAGTTGTGAGG-1	CD8T
GCTCACTGTACAACGG-1	otherT
ATAGTCGCACTCGTGG-1	CD8T
GCATGATCACGATTAC-1	CD4T
ACGTGGCAGTATCTGC-1	CD8T
ATAGTCGCACATGATC-1	CD8T
CAGTGCGAGACCTATC-1	CD4T
TAATCGGGTATTCTCT-1	CD8T
GAAGTCTAGGAAGACA-1	CD8T
AGTGCCGTCTCTGTTA-1	CD4T
GAACTTGCATGGATGG-1	Mono
GTCACAACAAATAGTG-1	other
TTTACGTAGCAGAGCT-1	CD4T
CTAGGGCGTATTCTCT-1	CD4T
TAGCCGGCACCCATCT-1	Mono
ACAATCGCATCGGCCA-1	otherT
GGTGTCGAGCTGAATA-1	other
GATGGCCGTTATCGAC-1	CD4T
ACTTTCAAGTCGACCC-1	CD8T
GGTACCGTCTTAACGG-1	CD4T
AGCTGATGTAGGGTTG-1	CD4T
CTGGCAGGTAAACCCT-1	other
TCACTCGGTTCTGATG-1	CD8T
AACCGATAGCTGAGGT-1	other
AAGATAGGTATTCGAC-1	CD4T
TGCATGATCTTACGGA-1	CD4T
GAGTGAGGTAAACGGC-1	CD8T
TGTGGCGGTTAAGGGC-1	otherT
GCTCGAGAGGATCCTT-1	NK
TTCGGTCGTTCGGGAA-1	Mono
TTTGCGCTCGCTACCT-1	CD8T
CCGAAGCTCTATAGGC-1	CD8T
TAGCATGCATTTAGGC-1	otherT
TCCCACAAGTAGACCG-1	CD8T
AGGCCTGCACTCAGCG-1	NK
AGTGCCGTCAACTTGG-1	CD4T
GCGTAGCCAAGTTCGT-1	CD8T
CCAATGAAGAACGACC-1	other
TTCATTGTCGATTACG-1	CD4T
GTGATCATCGAGGCTC-1	otherT
GATGGCCTCAGCCGGT-1	CD4T
TGGCCTTTCAGGCCGT-1	DC
CCGTAGGGTAGGTCTT-1	CD4T
AAACTGCTCACCGCGA-1	CD4T
CTCTAGCCAAGGACCA-1	CD8T
TTACGTTAGAAATTCG-1	CD4T
ACAGGCCCACGCGACT-1	B
CTGGGACCATGGAGGT-1	CD8T
ATGTCGACATCCTCGT-1	CD8T
TACCTCGAGACACGGT-1	CD8T
GTAATCGGTCTCGGGT-1	NK
CCCTCTCAGACGCCAA-1	other
CAGCTGGGTATTGTCG-1	CD4T
TCGCCTACATCGGCTG-1	CD4T
TGTGTCCGTTTCCTAT-1	other
GCCAGCATCGATGCAT-1	CD8T
CTAGGATGTCGAGGAT-1	CD4T
AGTGCGCTCGTTCTAT-1	CD8T
CCTATTAGTACGAGAC-1	CD4T
AACAAAGTCGTGATAC-1	otherT
AATGTCGCAAGGATGC-1	CD4T
AACAGTCAGGCCTCTG-1	B
CCTCCCTCATGCCTTC-1	CD8T
TGTTAGGGTGAGGTCA-1	CD8T
TCTCTGGCAATTCAGC-1	CD8T
CCACGTTTCATTCATC-1	otherT
TAGGTGTAGAGTTTGA-1	CD8T
CGGTGCAGTTTGTGAC-1	otherT
GAGGTCCTCAGTCAAC-1	CD8T
CGCAGGTCACGGTTAT-1	CD4T
TGACTCCAGACCCATT-1	CD8T
GTCACTCCAACGAGGT-1	CD8T
ACCTGCTGTATTCGAC-1	CD8T
GTAGTACTCGGTCCGA-1	otherT
GGGTGTCGTGAATCAA-1	NK
GCATGATCAGGTCTGC-1	otherT
GCGATCGAGACACGGT-1	otherT
GGAGTAGAGTGAATAC-1	otherT
GTCACGGGTGTGTGCC-1	CD4T
CCTCCCTGTTCAGTTG-1	CD8T
TTACTTGCAGGTCCTG-1	otherT
GCGCATGCAGACTAAA-1	CD4T
TATTGCTGTCCCGTGA-1	CD4T
TTGACGAGTATTGTGC-1	otherT
GGGTGTCAGGTTCGAG-1	otherT
TCGCAGGCACGCGTTG-1	CD4T
CACCTGTTCGCACAAT-1	CD4T
AATGGAAAGGATCCTT-1	other
GATTGACTCCTTGACC-1	NK
GCTCAGGGTGCCCGAT-1	CD4T
ACCAAACTCAGGATCT-1	CD4T
GAACCGCTCGGCAATT-1	CD8T
GTGGCGTGTATCGCGC-1	CD4T
TGACAACTCCCGATTC-1	CD4T
CGTGGCAGTAACCGAG-1	CD4T
GGGACCTCAGTGCTCG-1	CD8T
TGCTTCGTCTTTCGAT-1	CD4T
CTCAGAAAGCTGAGGT-1	CD4T
TGCATTTAGTGATAAC-1	CD4T
TTTGGTTGTTATCGAC-1	CD4T
CCCTAGTAGATATGAC-1	CD8T
TTGACGATCTCGTGAA-1	CD4T
AAACTGCGTTATGCAC-1	CD8T
GTAATCGCAAACCGAG-1	CD4T
TTGCCCAGTGCCCGAT-1	CD4T
ATGTCGACACAAGGGT-1	CD8T
TATCGAGGTGTTGGTT-1	CD8T
GGTTGCGAGTCAGGAC-1	Mono
TCCGACTTCAAGTTGC-1	CD4T
GGCGAAATCGCACAAT-1	otherT
AGCCCGAGTCCCGAGT-1	CD4T
CAGTGTATCCGGGCAT-1	CD8T
CTGTTCGAGTTGTCCA-1	CD4T
TCAAGGTGTAAGCCGA-1	CD4T
AGTGCGCTCTCTTCTC-1	otherT
TCGCAGGAGTTCGCGC-1	CD4T
CACTGAACAATGACTC-1	CD8T
AGCTGGCAGGGTATCG-1	NK
GCGGTGTAGACTCTTG-1	CD4T
CTCTAGCAGGCCTCTG-1	CD4T
GCGTTGGAGCAACGGT-1	CD8T
GCGTAGCCAGGTGGTA-1	CD4T
TACATTCGTCCGGTAC-1	NK
TCGAGCGCAAGCAACG-1	CD4T
ACTGCGGGTATTGTCG-1	Mono
TAACTTCAGGCCTCTG-1	otherT
AGCTATGTCCATGACA-1	CD4T
CAGCTGGCATTGAACC-1	otherT
AACTGGTGTGAGCTAG-1	otherT
ACATGGTAGGCCTCTG-1	CD8T
CACGTTCGTCGAGGAT-1	B
CAGCTGGCATGGCCCA-1	other
GGGACCTGTGTGACCC-1	CD8T
TAAGTGCTCGGGATCC-1	CD4T
CTTGTCGTCGTCCCAT-1	B
CGTTCCAAGAAGCCGT-1	otherT
TTACTTGAGGTCGGTA-1	CD4T
TAGGAGGAGTGAGTGC-1	CD8T
AGCCTGGCACTCGTGG-1	CD4T
CATGCCTTCGTGAACT-1	CD8T
CTTGCTGCAATGCACT-1	CD8T
GAAGTGGAGCTACGTT-1	CD4T
CCTCCCTTCAATTGGC-1	CD8T
GCATTCCGTTGCAGAG-1	otherT
AGGCGAAAGTACAGAT-1	otherT
CAGGATTCACGGCCAT-1	CD8T
GATTGACTCTTTCGAT-1	CD8T
ATAGTCGGTTCCCAAA-1	CD8T
CTACTTACATCGACGC-1	otherT
TTTACGTTCGAACCGC-1	CD8T
AGATAGATCCTATCAT-1	CD4T
GGTGCTGAGACCAATA-1	CD4T
AGGACGAAGGTCGGTA-1	CD8T
CAGTGTACACCACGAC-1	CD4T
TGTACGACAGATGGCA-1	CD8T
AATGGCTGTGCCCGAT-1	CD4T
TATGTTCAGTCATCTG-1	CD8T
CCTGGGACACGCGACT-1	CD4T
GTTACTTAGGGCTTCC-1	CD8T
GAGTGAGGTTCTGAAC-1	CD4T
TGTGGCGGTAGTATCC-1	CD8T
ACTGCGGGTGCAAAGC-1	CD8T
AGCTGGCAGTTATGAG-1	CD4T
GATCATGAGTGCCCTG-1	CD4T
GAAAGTAAGGCCTCTG-1	CD4T
CAACGGCTCAATCGTG-1	CD8T
GTAGACTAGGGAGATA-1	other
ATTGTGGAGTCAGGAC-1	CD8T
TGGACATTCGACTGGC-1	CD8T
CCGCATTCACCGATCG-1	CD4T
GGCACGTTCGATAGGG-1	other
CACCTGTGTCCCGAGT-1	CD4T
CTGTATTAGACGCCAA-1	CD8T
GGCACGTGTCCAGACC-1	CD4T
TGGTCAAGTTAGGAGC-1	CD4T
ACCATCCAGACGACTG-1	otherT
CTTGAAGTCTCTGCGT-1	other
AGCTGGCAGACCCATT-1	CD8T
GTGTCAAGTGCCGGTT-1	CD4T
GCGTTGGGTCTGGTTA-1	Mono
AGCCGCAGTCAGGCTC-1	NK
AGCCTGGCATCCGTAA-1	other
TTTGGCCTCGGGATCC-1	CD8T
GGGTGTCAGTACGACG-1	CD8T
CAGTGCGAGTGCCCTG-1	CD8T
TAACGGTGTTAGAGAT-1	CD4T
AGCCTTCAGTATACGA-1	NK
TCTCTGGAGACACTTC-1	CD4T
GGATAGGTCTGGCACG-1	other
CGTTCCAGTTCTGATG-1	CD4T
GATCATGCAACACGGA-1	otherT
GAACTTGAGTGATCTC-1	otherT
AGGCCCAAGACACTTC-1	otherT
TACATTCGTGTACGCC-1	other
TCAGCTCAGACGAAAG-1	CD4T
TTAACGGGTTGGCTAT-1	CD4T
CAACCAAGTTCATTTC-1	CD8T
CTCAACCAGTAGAAGG-1	CD4T
CGCGCAAAGGTTGACG-1	CD8T
TGCCTGTAGCAACGGT-1	CD4T
GATCATGTCACAGGGA-1	CD4T
GGAACTTCATCGGCTG-1	CD4T
TCGCCTAGTGTCGTGC-1	otherT
GCGTAGCGTATCATGC-1	CD8T
ATTGTCTAGCCGCTGT-1	other
AGCGTGCTCGGGTCCA-1	CD4T
GTTGGGCTCGAGTTAC-1	CD4T
TGGCCTTAGAGCACTG-1	CD8T
CACTAAGCACGGCCAT-1	otherT
GCCAGCAAGACGACTG-1	CD8T
ATGCATGAGAGAACCC-1	CD4T
TGTACGACACATGATC-1	CD8T
TATCTGTAGAAGCCGT-1	CD4T
TAAGTGCCATGCCCTT-1	CD4T
GGTGCTGTCTATCTCA-1	CD8T
TTGAGCAAGACACTTC-1	other
GCTTGCTGTGAGCTAG-1	Mono
TTATGTCCAGATTAAG-1	CD8T
GCTGTTCGTCAGAAAT-1	CD4T
TCACTCGTCCTATCAT-1	CD4T
TTGCAGATCTCGTAGA-1	CD8T
TATGTTCAGAGATTAC-1	otherT
TTTACGTCATACCCGG-1	CD8T
GCGTAGCGTCGGCTGT-1	CD8T
GCTTTCGGTGCACCCA-1	CD4T
TCGTTCGCAGTGGTCC-1	CD8T
GTCACAAGTAGCGAGT-1	CD8T
TAATCGGTCTTGTGCC-1	CD4T
GAGTGAGCATCGGCTG-1	CD4T
GCATTGACATTGCGAT-1	CD4T
AGCTATGTCTATCTCA-1	other
GAAATGACACCACGAC-1	NK
TGTGTCCAGTCACGCC-1	CD4T
TTCGATTGTAGTCTGT-1	CD8T
CCTTGGTAGGCAATTA-1	other
TGTACGATCTCTGTTA-1	CD8T
CTTAATCAGGTTGTTC-1	otherT
AAACTCGAGATCTAAG-1	other
GGCACGTGTCGTCGCA-1	other
TCCGACTTCTTTGCAT-1	CD8T
CCATACCAGAAGACTT-1	CD8T
AGGCCCAGTACCCACG-1	CD8T
TAAGCCAGTTCTGATG-1	other
TACTCGCTCTTCCGTG-1	other
TGATTTCTCTGACTTT-1	CD8T
AGCCTGGCAGTAACTC-1	CD8T
CTCATGCCATCGACCG-1	Mono
GCGGTGTAGGTGTTGG-1	CD8T
TGCTCGTGTAGCGAGT-1	NK
GATGATCTCGGTAGGA-1	CD4T
ATAGTCGGTTACGGAG-1	other
CAAGGCCGTAGAAAGG-1	CD4T
GGGTCTGAGGTAGGCT-1	CD4T
TGATGCAAGGAAACTT-1	CD4T
GACTAGTGTAGTTTGC-1	Mono
TTCGTTAAGGGCGAAG-1	CD8T
TAGCCCTGTAGACACG-1	CD8T
AAGATAGGTGATAGAT-1	otherT
TGCCTGTGTAGCCATT-1	CD4T
CTGTATTGTTGAAGCG-1	otherT
TGGGTGCGTTTCTACT-1	other
ATCCTCGTCGAACACT-1	CD4T
GAACCGCCAACTTGGT-1	NK
AGCGTGCCAACGGGTA-1	CD8T
CCCTGATTCTGGCACG-1	CD8T
AGTTTGGTCGATAGCT-1	CD8T
GCATTCCTCGATGAAA-1	CD8T
AAAGGGCCAGAGAGAA-1	CD8T
TACATTCCATGCCTTC-1	CD4T
ATGCATGCACACACAT-1	CD4T
GAAATGAAGTGAAACT-1	NK
CAAGCTACAACGTACT-1	CD8T
GTGTGATGTGGTAGAC-1	CD4T
TAAGTGCCAGGCTACC-1	otherT
TCGTTCGCACGCGACT-1	CD4T
CTCAACCGTTAAGGGC-1	NK
TTACCGCCAGGGCTTC-1	CD8T
GTAGACTGTCAAGACG-1	CD4T
ACAAAGAAGTATGCTC-1	other
AAACGAACAGGTCCTG-1	CD4T
GTCACCTTCGCCGAAC-1	CD8T
TAGACTGTCTCTTCTC-1	other
CCTGCTAGTACGGTTT-1	CD8T
TTGCCCATCTCGTGAA-1	other
CAACGTAGTTTCGACA-1	other
TTGCAGATCTCGCGTT-1	other
TGTACAGGTGTTAGAA-1	CD8T
CATGTTTTCAGGATCT-1	CD8T
TGCTTCGCAGGTGTCC-1	CD4T
CTCAGCTAGGCCTCTG-1	CD4T
TGGCGCAAGAATATCG-1	DC
TCGGGACTCGGTCTCT-1	B
CTCATGCAGACCGCAA-1	other
GAACTTGCAACGCAAG-1	CD4T
CCCACATGTGCTGAAG-1	CD8T
GCCCAGACATCAACTG-1	CD4T
CAGCTGGGTAGGTCTT-1	CD8T
CTCATGCAGGTGTCGA-1	CD8T
AGCCTGGTCAGTACAC-1	CD4T
GATCGTAAGGTGAACC-1	CD8T
GTTATTCTCGTGCTTC-1	CD8T
ATCCAGAAGATCGAGC-1	CD8T
GAACCGCTCCTATCAT-1	otherT
ACTGTCCTCGTCCCAT-1	CD8T
GCCCAGAGTTTCTTAC-1	CD4T
GATCATGTCTTCTTCC-1	other
ACATGGTGTATCGCGC-1	CD8T
TCGCCTATCGATCTTT-1	CD8T
GTCTACCAGAGACTCG-1	CD4T
AGGCGAACACGACGAA-1	CD4T
AAACTGCAGCATTCCA-1	other
TTACCGCCATAGACGG-1	CD8T
CCCGTTAGTCCAGACC-1	Mono
GCATTGAGTGCAAGAC-1	otherT
CAAGGCCGTGAATCAA-1	CD8T
GCCTAGGTCTCATATC-1	otherT
CGGTGCAGTAGGTGAC-1	CD4T
TCCAGAAAGATCGATA-1	CD8T
TTGCGGGCAACGCAAG-1	Mono
GCGAGTCAGTAGGTCG-1	other
AGCTGATGTCACAGTT-1	CD8T
TGGCGCAGTGCTTACA-1	other
ATTCGTTAGTCGAAAT-1	other
ATGGATCGTGCAGACA-1	other
TTCGCGTAGATCGATA-1	CD8T
GGCATTACAATAGCGG-1	otherT
TTGCGGGTCCTGGAAT-1	other
ACCTGCTAGAGTTCGG-1	B
GCAGATTAGGTTTCTG-1	CD4T
CGCAGGTAGGATATCA-1	CD4T
GCCATAACACGCCGAT-1	NK
CCCTAACCAGAACGAC-1	CD8T
GCACGGTTCGAGGCTC-1	other
CCCAGAGGTACCGGCT-1	CD4T
TATCTGTGTCTCGGGT-1	CD8T
GGTGAAGAGACGTCAG-1	CD8T
GGCACGTGTAGAATAC-1	CD8T
GCAGATTCAGAACGAC-1	otherT
GTGGATTTCGACTCGG-1	CD4T
TATTGCTCAGTCCTGG-1	other
ACAGAAAAGAGACTCG-1	otherT
CGCTGGAAGGTTCGAG-1	CD8T
GCCAGACAGAAGCCGT-1	CD8T
CATTGGAGTTGGGAAC-1	NK
TACCTCGAGGTTTCTG-1	NK
AGATAGATCTTGGCCT-1	CD4T
ACAGGCCTCCACGCTT-1	NK
GAAACAAAGTCGACCC-1	NK
GTCTACCGTCGCGCTA-1	CD8T
GCTCAGGTCCCGATTC-1	other
TTGAGTGAGAGACTCG-1	CD4T
GTAGACTGTCGATAGG-1	CD8T
GAACGTTAGTTCCCGG-1	CD8T
ACCGAATTCAGCCGAC-1	other
GGGTGTCTCCTATCAT-1	other
AGATTCGGTTGCAGAG-1	other
GTGTCCTAGGGTATCG-1	other
CAGGGCTCACCACGAC-1	other
AGGCGAACACGCGACT-1	other
